timestamp,packet_loss_pct,latency_ms,jitter_ms,packets_sent,packets_received,packet_drop_count,throughput_kbps,delay_variation_ms,is_anomaly,anomaly_type
2026-03-01 09:00:00,0.1,27.64,4.55,47,47,0,76.41,2.9,0,Normal
2026-03-01 09:00:01,0.12,59.58,3.52,55,55,0,92.35,3.73,0,Normal
2026-03-01 09:00:02,0.07,17.73,3.84,42,42,0,69.16,5.22,0,Normal
2026-03-01 09:00:03,0.28,29.23,1.02,52,52,0,89.05,1.31,0,Normal
2026-03-01 09:00:04,0.05,19.74,2.71,58,58,0,99.21,1.78,0,Normal
2026-03-01 09:00:05,0.11,65.07,3.11,43,43,0,71.03,3.65,0,Normal
2026-03-01 09:00:06,0.26,32.4,4.04,46,46,0,75.31,4.66,0,Normal
2026-03-01 09:00:07,0.11,26.81,3.28,49,49,0,82.69,2.75,0,Normal
2026-03-01 09:00:08,0.31,32.19,3.86,52,52,0,85.7,2.65,0,Normal
2026-03-01 09:00:09,0.0,26.68,1.83,45,45,0,76.89,2.35,0,Normal
2026-03-01 09:00:10,1.27,34.64,1.63,49,48,1,80.44,1.7,0,Normal
2026-03-01 09:00:11,0.46,26.57,1.95,43,43,0,74.65,2.26,0,Normal
2026-03-01 09:00:12,0.25,61.08,6.73,52,52,0,89.83,6.51,0,Normal
2026-03-01 09:00:13,0.89,59.64,1.88,52,52,0,89.69,1.46,0,Normal
2026-03-01 09:00:14,0.71,14.99,2.33,46,46,0,77.88,1.88,0,Normal
2026-03-01 09:00:15,0.16,19.28,3.48,54,54,0,89.3,3.58,0,Normal
2026-03-01 09:00:16,0.04,22.7,1.62,42,42,0,68.34,1.28,0,Normal
2026-03-01 09:00:17,0.1,56.06,2.24,45,45,0,76.49,2.06,0,Normal
2026-03-01 09:00:18,0.08,24.73,4.5,46,46,0,78.28,2.97,0,Normal
2026-03-01 09:00:19,0.49,52.39,2.73,51,51,0,86.07,3.81,0,Normal
2026-03-01 09:00:20,0.28,19.56,7.08,60,60,0,98.81,7.74,0,Normal
2026-03-01 09:00:21,0.66,59.58,1.55,52,52,0,86.16,1.11,0,Normal
2026-03-01 09:00:22,0.24,63.69,2.84,42,42,0,70.68,2.0,0,Normal
2026-03-01 09:00:23,0.51,62.87,2.73,42,42,0,69.64,2.69,0,Normal
2026-03-01 09:00:24,0.14,25.83,3.31,48,48,0,79.48,2.05,0,Normal
2026-03-01 09:00:25,0.32,21.25,1.91,58,58,0,95.99,1.78,0,Normal
2026-03-01 09:00:26,0.36,22.69,2.56,45,45,0,75.4,3.47,0,Normal
2026-03-01 09:00:27,0.5,32.26,4.74,42,42,0,70.25,5.96,0,Normal
2026-03-01 09:00:28,0.56,25.31,2.94,56,56,0,92.84,3.95,0,Normal
2026-03-01 09:00:29,0.11,21.08,2.05,54,54,0,90.74,1.41,0,Normal
2026-03-01 09:00:30,0.17,30.68,8.47,56,56,0,94.45,7.59,0,Normal
2026-03-01 09:00:31,0.08,34.9,3.39,47,47,0,79.49,3.54,0,Normal
2026-03-01 09:00:32,0.48,31.22,4.38,59,59,0,97.68,5.15,0,Normal
2026-03-01 09:00:33,0.11,13.28,4.68,46,46,0,76.82,4.28,0,Normal
2026-03-01 09:00:34,0.17,21.31,3.22,46,46,0,77.3,2.75,0,Normal
2026-03-01 09:00:35,0.57,28.28,2.33,55,55,0,92.59,1.96,0,Normal
2026-03-01 09:00:36,0.15,54.5,3.63,60,60,0,98.8,4.47,0,Normal
2026-03-01 09:00:37,0.12,26.04,2.42,42,42,0,70.05,2.19,0,Normal
2026-03-01 09:00:38,0.37,22.1,3.92,56,56,0,94.97,2.41,0,Normal
2026-03-01 09:00:39,1.3,19.57,3.08,56,55,1,91.51,3.75,0,Normal
2026-03-01 09:00:40,0.02,40.05,5.28,50,50,0,84.53,3.85,0,Normal
2026-03-01 09:00:41,0.63,28.16,1.99,46,46,0,77.3,2.19,0,Normal
2026-03-01 09:00:42,0.05,55.72,4.59,60,60,0,100.11,2.86,0,Normal
2026-03-01 09:00:43,0.15,28.04,4.38,48,48,0,82.53,3.98,0,Normal
2026-03-01 09:00:44,0.19,28.28,2.98,44,44,0,73.47,2.88,0,Normal
2026-03-01 09:00:45,0.44,27.63,4.61,45,45,0,75.28,6.36,0,Normal
2026-03-01 09:00:46,0.91,21.28,4.01,60,59,1,98.39,2.69,0,Normal
2026-03-01 09:00:47,0.04,57.21,4.48,53,53,0,91.26,5.38,0,Normal
2026-03-01 09:00:48,0.48,30.32,4.36,57,57,0,97.85,5.98,0,Normal
2026-03-01 09:00:49,0.14,64.34,3.4,60,60,0,102.52,2.79,0,Normal
2026-03-01 09:00:50,0.81,33.63,2.54,46,46,0,78.58,1.98,0,Normal
2026-03-01 09:00:51,0.11,49.96,2.53,44,44,0,72.59,3.44,0,Normal
2026-03-01 09:00:52,0.41,23.15,3.01,48,48,0,79.97,2.99,0,Normal
2026-03-01 09:00:53,0.06,34.8,4.85,42,42,0,69.4,6.1,0,Normal
2026-03-01 09:00:54,1.11,63.12,4.41,60,59,1,100.67,5.45,0,Normal
2026-03-01 09:00:55,0.0,32.15,5.22,50,50,0,87.5,4.49,0,Normal
2026-03-01 09:00:56,0.09,41.5,5.46,60,60,0,101.82,4.1,0,Normal
2026-03-01 09:00:57,0.39,40.26,3.01,50,50,0,86.51,3.5,0,Normal
2026-03-01 09:00:58,0.67,32.14,8.03,45,45,0,76.29,8.04,0,Normal
2026-03-01 09:00:59,1.77,31.39,3.17,52,51,1,86.16,3.14,0,Normal
2026-03-01 09:01:00,0.07,34.49,2.66,42,42,0,69.69,2.76,0,Normal
2026-03-01 09:01:01,0.13,24.5,3.86,60,60,0,101.72,2.39,0,Normal
2026-03-01 09:01:02,0.78,24.58,4.13,42,42,0,71.93,2.49,0,Normal
2026-03-01 09:01:03,0.01,32.04,2.38,54,54,0,92.3,2.02,0,Normal
2026-03-01 09:01:04,0.46,22.86,3.09,44,44,0,74.08,2.66,0,Normal
2026-03-01 09:01:05,0.19,61.1,2.72,47,47,0,79.26,3.19,0,Normal
2026-03-01 09:01:06,0.41,28.94,3.54,53,53,0,88.95,3.04,0,Normal
2026-03-01 09:01:07,0.26,55.26,4.75,42,42,0,69.71,4.22,0,Normal
2026-03-01 09:01:08,0.35,28.16,2.95,46,46,0,78.6,3.06,0,Normal
2026-03-01 09:01:09,0.38,35.83,4.3,54,54,0,87.88,4.61,0,Normal
2026-03-01 09:01:10,0.35,28.49,1.78,50,50,0,81.49,1.54,0,Normal
2026-03-01 09:01:11,0.38,28.52,4.96,53,53,0,88.22,5.19,0,Normal
2026-03-01 09:01:12,0.29,29.97,2.71,54,54,0,88.81,2.96,0,Normal
2026-03-01 09:01:13,0.44,30.76,2.69,60,60,0,102.43,2.17,0,Normal
2026-03-01 09:01:14,0.52,26.01,3.98,47,47,0,78.3,3.14,0,Normal
2026-03-01 09:01:15,0.54,47.65,4.07,45,45,0,76.92,5.34,0,Normal
2026-03-01 09:01:16,0.67,53.41,3.16,57,57,0,97.72,3.53,0,Normal
2026-03-01 09:01:17,0.13,23.21,2.23,51,51,0,85.77,1.89,0,Normal
2026-03-01 09:01:18,0.48,23.97,2.68,42,42,0,71.05,2.78,0,Normal
2026-03-01 09:01:19,1.03,30.82,3.47,60,59,1,100.96,4.04,0,Normal
2026-03-01 09:01:20,0.16,28.96,4.14,47,47,0,80.46,2.56,0,Normal
2026-03-01 09:01:21,0.53,27.19,2.29,60,60,0,97.69,3.06,0,Normal
2026-03-01 09:01:22,0.12,32.14,2.49,53,53,0,88.42,2.92,0,Normal
2026-03-01 09:01:23,0.07,48.62,3.74,52,52,0,88.13,3.42,0,Normal
2026-03-01 09:01:24,0.21,26.26,3.2,42,42,0,70.88,4.3,0,Normal
2026-03-01 09:01:25,0.57,21.79,3.55,51,51,0,84.19,2.29,0,Normal
2026-03-01 09:01:26,0.13,48.93,1.02,53,53,0,86.48,1.23,0,Normal
2026-03-01 09:01:27,0.12,19.2,2.91,55,55,0,93.32,2.97,0,Normal
2026-03-01 09:01:28,0.11,28.84,4.87,46,46,0,76.01,5.52,0,Normal
2026-03-01 09:01:29,0.09,50.56,2.52,53,53,0,88.84,2.46,0,Normal
2026-03-01 09:01:30,0.33,25.03,4.13,53,53,0,89.26,2.97,0,Normal
2026-03-01 09:01:31,0.1,27.23,1.93,42,42,0,70.32,1.56,0,Normal
2026-03-01 09:01:32,0.96,34.26,1.64,45,45,0,74.2,1.59,0,Normal
2026-03-01 09:01:33,0.15,33.57,4.01,60,60,0,100.68,5.35,0,Normal
2026-03-01 09:01:34,0.27,53.93,3.24,57,57,0,94.94,2.12,0,Normal
2026-03-01 09:01:35,0.18,35.59,2.85,52,52,0,89.84,1.95,0,Normal
2026-03-01 09:01:36,1.15,15.93,4.86,43,43,0,72.56,3.51,0,Normal
2026-03-01 09:01:37,0.19,39.26,2.89,45,45,0,79.45,3.19,0,Normal
2026-03-01 09:01:38,0.29,54.2,2.5,53,53,0,87.06,2.23,0,Normal
2026-03-01 09:01:39,0.5,28.62,2.38,60,60,0,100.35,1.71,0,Normal
2026-03-01 09:01:40,0.07,290.95,2.16,48,48,0,80.18,16.71,1,High Latency
2026-03-01 09:01:41,0.01,348.66,4.1,45,45,0,74.43,19.87,1,High Latency
2026-03-01 09:01:42,0.21,190.19,2.89,58,58,0,96.91,18.0,1,High Latency
2026-03-01 09:01:43,0.28,31.79,5.55,42,42,0,69.84,7.21,0,Normal
2026-03-01 09:01:44,0.12,32.01,0.88,60,60,0,99.33,0.81,0,Normal
2026-03-01 09:01:45,0.22,23.63,5.03,51,51,0,88.37,5.66,0,Normal
2026-03-01 09:01:46,0.33,22.42,3.9,42,42,0,70.43,4.83,0,Normal
2026-03-01 09:01:47,1.27,29.17,3.19,60,59,1,100.51,4.34,0,Normal
2026-03-01 09:01:48,0.32,32.62,1.86,54,54,0,92.21,2.41,0,Normal
2026-03-01 09:01:49,0.21,28.02,1.57,47,47,0,81.1,1.92,0,Normal
2026-03-01 09:01:50,0.01,36.89,4.66,57,57,0,94.29,4.33,0,Normal
2026-03-01 09:01:51,0.13,55.34,3.7,50,50,0,85.9,5.13,0,Normal
2026-03-01 09:01:52,0.16,28.0,3.67,57,57,0,95.65,2.98,0,Normal
2026-03-01 09:01:53,0.23,32.02,3.17,54,54,0,93.77,3.58,0,Normal
2026-03-01 09:01:54,0.53,59.56,4.87,60,60,0,101.59,3.43,0,Normal
2026-03-01 09:01:55,0.52,19.9,2.55,47,47,0,77.23,2.77,0,Normal
2026-03-01 09:01:56,0.65,21.29,2.85,52,52,0,89.25,3.29,0,Normal
2026-03-01 09:01:57,0.12,26.12,3.07,49,49,0,84.06,2.06,0,Normal
2026-03-01 09:01:58,0.15,46.95,3.02,45,45,0,73.66,2.52,0,Normal
2026-03-01 09:01:59,0.06,26.43,6.06,42,42,0,71.68,6.74,0,Normal
2026-03-01 09:02:00,0.68,27.27,1.89,57,57,0,98.17,2.04,0,Normal
2026-03-01 09:02:01,0.37,31.71,1.38,42,42,0,71.28,1.56,0,Normal
2026-03-01 09:02:02,0.03,33.86,1.73,56,56,0,92.62,1.21,0,Normal
2026-03-01 09:02:03,0.13,29.02,4.52,53,53,0,90.56,4.57,0,Normal
2026-03-01 09:02:04,0.06,34.99,3.17,42,42,0,71.56,4.26,0,Normal
2026-03-01 09:02:05,1.22,20.84,1.62,51,50,1,83.65,2.2,0,Normal
2026-03-01 09:02:06,0.14,23.4,3.47,50,50,0,83.31,2.44,0,Normal
2026-03-01 09:02:07,0.24,66.18,2.87,57,57,0,96.75,3.78,0,Normal
2026-03-01 09:02:08,0.13,28.07,4.27,49,49,0,80.95,4.53,0,Normal
2026-03-01 09:02:09,0.23,20.43,4.75,58,58,0,97.74,5.71,0,Normal
2026-03-01 09:02:10,1.95,20.06,10.31,48,47,1,80.76,7.43,0,Normal
2026-03-01 09:02:11,0.12,23.13,1.95,42,42,0,72.84,2.32,0,Normal
2026-03-01 09:02:12,0.12,59.01,1.44,51,51,0,84.89,0.94,0,Normal
2026-03-01 09:02:13,0.16,43.36,4.33,53,53,0,86.66,4.79,0,Normal
2026-03-01 09:02:14,0.06,26.03,5.18,51,51,0,84.62,5.87,0,Normal
2026-03-01 09:02:15,0.47,55.24,1.87,48,48,0,81.86,2.12,0,Normal
2026-03-01 09:02:16,0.17,25.38,1.87,47,47,0,77.85,1.21,0,Normal
2026-03-01 09:02:17,0.3,57.46,3.88,42,42,0,72.18,3.52,0,Normal
2026-03-01 09:02:18,0.38,43.31,7.18,59,59,0,98.01,8.59,0,Normal
2026-03-01 09:02:19,0.01,25.64,2.24,49,49,0,81.48,2.77,0,Normal
2026-03-01 09:02:20,0.36,59.72,3.45,50,50,0,83.74,3.22,0,Normal
2026-03-01 09:02:21,0.27,30.39,1.41,42,42,0,71.98,1.03,0,Normal
2026-03-01 09:02:22,0.03,55.41,3.04,48,48,0,78.26,3.03,0,Normal
2026-03-01 09:02:23,0.05,31.92,3.15,53,53,0,89.46,3.53,0,Normal
2026-03-01 09:02:24,0.2,30.87,6.43,47,47,0,79.35,8.59,0,Normal
2026-03-01 09:02:25,0.15,25.17,2.42,50,50,0,82.51,2.77,0,Normal
2026-03-01 09:02:26,0.2,35.9,4.52,53,53,0,89.57,5.69,0,Normal
2026-03-01 09:02:27,0.35,29.21,2.35,42,42,0,70.29,1.9,0,Normal
2026-03-01 09:02:28,0.06,25.69,3.46,60,60,0,99.1,4.38,0,Normal
2026-03-01 09:02:29,0.38,42.66,8.46,48,48,0,80.53,9.21,0,Normal
2026-03-01 09:02:30,8.95,59.67,7.44,49,45,4,75.6,7.73,1,High Packet Loss
2026-03-01 09:02:31,13.2,29.53,8.02,60,52,8,87.36,6.53,1,High Packet Loss
2026-03-01 09:02:32,10.41,67.76,3.97,43,39,4,65.52,3.03,1,High Packet Loss
2026-03-01 09:02:33,23.16,27.22,3.02,42,32,10,53.76,3.13,1,High Packet Loss
2026-03-01 09:02:34,18.18,30.69,3.77,42,34,8,57.12,4.96,1,High Packet Loss
2026-03-01 09:02:35,9.5,22.93,4.09,42,38,4,63.84,3.23,1,High Packet Loss
2026-03-01 09:02:36,20.47,51.9,3.96,58,46,12,77.28,3.26,1,High Packet Loss
2026-03-01 09:02:37,11.05,17.45,2.41,57,51,6,85.68,3.27,1,High Packet Loss
2026-03-01 09:02:38,0.46,20.21,2.37,42,42,0,71.4,1.47,0,Normal
2026-03-01 09:02:39,0.41,65.31,2.54,53,53,0,87.19,2.51,0,Normal
2026-03-01 09:02:40,0.22,20.46,5.37,55,55,0,94.1,5.5,0,Normal
2026-03-01 09:02:41,0.24,54.24,5.64,45,45,0,77.88,6.44,0,Normal
2026-03-01 09:02:42,0.11,20.61,13.91,55,55,0,93.34,10.5,0,Normal
2026-03-01 09:02:43,0.14,38.44,4.02,47,47,0,79.08,4.25,0,Normal
2026-03-01 09:02:44,0.14,17.25,2.33,47,47,0,81.98,1.6,0,Normal
2026-03-01 09:02:45,0.45,22.27,2.68,59,59,0,99.93,2.18,0,Normal
2026-03-01 09:02:46,0.28,40.37,3.09,55,55,0,92.7,1.89,0,Normal
2026-03-01 09:02:47,0.46,41.96,6.54,50,50,0,86.55,6.3,0,Normal
2026-03-01 09:02:48,0.31,25.38,4.62,46,46,0,79.68,3.42,0,Normal
2026-03-01 09:02:49,0.28,68.86,1.81,48,48,0,78.48,1.23,0,Normal
2026-03-01 09:02:50,0.14,39.14,3.24,60,60,0,100.04,2.83,0,Normal
2026-03-01 09:02:51,0.18,20.81,1.71,60,60,0,101.68,1.14,0,Normal
2026-03-01 09:02:52,0.76,27.39,4.33,53,53,0,90.88,4.9,0,Normal
2026-03-01 09:02:53,0.3,30.03,2.42,45,45,0,73.85,1.84,0,Normal
2026-03-01 09:02:54,0.26,22.12,2.52,54,54,0,92.08,2.95,0,Normal
2026-03-01 09:02:55,0.02,30.92,1.43,42,42,0,69.95,1.81,0,Normal
2026-03-01 09:02:56,0.39,25.6,4.67,42,42,0,71.64,5.57,0,Normal
2026-03-01 09:02:57,0.41,52.76,5.72,49,49,0,81.47,6.92,0,Normal
2026-03-01 09:02:58,0.41,49.35,2.43,47,47,0,75.46,2.71,0,Normal
2026-03-01 09:02:59,0.03,15.7,3.09,42,42,0,67.9,2.78,0,Normal
2026-03-01 09:03:00,0.13,35.84,2.68,52,52,0,85.67,2.35,0,Normal
2026-03-01 09:03:01,0.16,40.42,3.01,42,42,0,69.67,3.18,0,Normal
2026-03-01 09:03:02,0.61,55.13,2.3,54,54,0,90.71,1.83,0,Normal
2026-03-01 09:03:03,1.38,22.61,2.02,47,46,1,76.5,1.77,0,Normal
2026-03-01 09:03:04,0.19,37.04,6.15,47,47,0,78.89,4.45,0,Normal
2026-03-01 09:03:05,0.28,57.09,1.01,56,56,0,93.34,1.24,0,Normal
2026-03-01 09:03:06,0.0,26.99,4.17,48,48,0,80.63,4.95,0,Normal
2026-03-01 09:03:07,0.0,26.69,3.77,42,42,0,71.96,3.78,0,Normal
2026-03-01 09:03:08,0.03,27.52,6.99,42,42,0,70.54,6.26,0,Normal
2026-03-01 09:03:09,0.44,17.95,2.99,42,42,0,71.37,3.45,0,Normal
2026-03-01 09:03:10,0.07,48.13,2.81,55,55,0,93.47,1.88,0,Normal
2026-03-01 09:03:11,0.5,38.29,2.31,60,60,0,100.56,1.47,0,Normal
2026-03-01 09:03:12,0.2,26.99,3.9,45,45,0,72.91,4.52,0,Normal
2026-03-01 09:03:13,0.66,21.76,2.41,42,42,0,70.94,2.51,0,Normal
2026-03-01 09:03:14,0.71,30.98,2.0,53,53,0,88.03,2.37,0,Normal
2026-03-01 09:03:15,0.74,24.0,2.38,49,49,0,83.61,1.96,0,Normal
2026-03-01 09:03:16,0.27,27.6,2.17,52,52,0,89.41,1.49,0,Normal
2026-03-01 09:03:17,0.54,20.39,2.11,42,42,0,70.17,1.99,0,Normal
2026-03-01 09:03:18,0.38,21.78,3.45,49,49,0,82.57,3.25,0,Normal
2026-03-01 09:03:19,0.07,32.43,3.04,45,45,0,76.6,3.67,0,Normal
2026-03-01 09:03:20,0.17,28.7,4.25,49,49,0,81.1,2.97,0,Normal
2026-03-01 09:03:21,1.15,65.11,3.55,52,51,1,85.69,4.81,0,Normal
2026-03-01 09:03:22,0.52,28.72,1.93,54,54,0,88.4,1.25,0,Normal
2026-03-01 09:03:23,0.11,49.99,1.28,46,46,0,78.85,1.09,0,Normal
2026-03-01 09:03:24,0.12,23.3,2.06,54,54,0,93.25,2.4,0,Normal
2026-03-01 09:03:25,0.1,61.28,4.68,60,60,0,100.95,5.5,0,Normal
2026-03-01 09:03:26,0.14,32.7,4.63,52,52,0,86.23,4.88,0,Normal
2026-03-01 09:03:27,0.92,27.87,5.17,60,59,1,99.51,3.4,0,Normal
2026-03-01 09:03:28,0.2,28.87,4.84,42,42,0,68.65,6.22,0,Normal
2026-03-01 09:03:29,0.16,27.95,5.42,47,47,0,78.31,6.0,0,Normal
2026-03-01 09:03:30,0.1,61.37,3.99,52,52,0,86.73,4.81,0,Normal
2026-03-01 09:03:31,0.78,23.2,7.47,58,58,0,96.66,6.79,0,Normal
2026-03-01 09:03:32,1.1,33.18,3.79,48,47,1,79.29,3.01,0,Normal
2026-03-01 09:03:33,0.14,43.37,8.16,58,58,0,98.09,9.6,0,Normal
2026-03-01 09:03:34,0.34,26.42,2.5,49,49,0,82.34,3.14,0,Normal
2026-03-01 09:03:35,1.11,25.07,2.48,60,59,1,100.47,3.09,0,Normal
2026-03-01 09:03:36,0.24,33.05,3.04,44,44,0,74.51,3.57,0,Normal
2026-03-01 09:03:37,0.22,27.1,3.26,52,52,0,86.62,2.32,0,Normal
2026-03-01 09:03:38,0.26,71.78,2.87,42,42,0,70.4,2.23,0,Normal
2026-03-01 09:03:39,0.01,25.69,4.23,50,50,0,83.88,4.23,0,Normal
2026-03-01 09:03:40,0.12,32.62,3.17,50,50,0,83.43,3.19,0,Normal
2026-03-01 09:03:41,0.42,282.89,2.53,51,51,0,86.44,30.33,1,High Latency
2026-03-01 09:03:42,1.19,150.0,2.78,60,59,1,95.92,31.33,1,High Latency
2026-03-01 09:03:43,0.29,235.87,5.74,42,42,0,70.61,31.85,1,High Latency
2026-03-01 09:03:44,0.07,308.52,3.83,56,56,0,94.54,32.56,1,High Latency
2026-03-01 09:03:45,0.19,194.34,1.56,54,54,0,91.62,28.8,1,High Latency
2026-03-01 09:03:46,0.24,243.95,6.55,42,42,0,72.22,33.46,1,High Latency
2026-03-01 09:03:47,0.06,260.11,4.04,47,47,0,78.75,30.89,1,High Latency
2026-03-01 09:03:48,0.14,326.48,4.43,48,48,0,81.89,32.35,1,High Latency
2026-03-01 09:03:49,0.21,215.45,5.04,60,60,0,101.72,32.97,1,High Latency
2026-03-01 09:03:50,0.11,322.1,5.16,50,50,0,84.4,33.02,1,High Latency
2026-03-01 09:03:51,0.15,191.42,2.2,48,48,0,78.55,29.66,1,High Latency
2026-03-01 09:03:52,0.11,298.58,2.05,50,50,0,85.64,29.92,1,High Latency
2026-03-01 09:03:53,0.33,42.1,9.76,50,50,0,84.14,11.37,0,Normal
2026-03-01 09:03:54,0.3,61.32,2.43,53,53,0,88.66,2.22,0,Normal
2026-03-01 09:03:55,0.28,36.2,3.94,42,42,0,68.82,5.29,0,Normal
2026-03-01 09:03:56,0.04,34.41,6.92,42,42,0,66.89,4.53,0,Normal
2026-03-01 09:03:57,0.07,32.16,2.72,42,42,0,73.41,3.78,0,Normal
2026-03-01 09:03:58,0.04,49.55,2.82,43,43,0,72.7,3.41,0,Normal
2026-03-01 09:03:59,0.02,62.0,5.04,60,60,0,99.14,5.41,0,Normal
2026-03-01 09:04:00,0.1,61.61,3.65,53,53,0,87.15,2.79,0,Normal
2026-03-01 09:04:01,0.08,36.51,4.15,43,43,0,71.82,4.57,0,Normal
2026-03-01 09:04:02,0.45,26.57,3.2,42,42,0,71.77,3.98,0,Normal
2026-03-01 09:04:03,0.42,35.52,2.62,42,42,0,71.51,2.1,0,Normal
2026-03-01 09:04:04,0.08,24.58,2.86,42,42,0,71.58,1.81,0,Normal
2026-03-01 09:04:05,0.06,25.05,5.68,43,43,0,70.91,5.42,0,Normal
2026-03-01 09:04:06,0.05,30.89,2.91,50,50,0,83.73,2.45,0,Normal
2026-03-01 09:04:07,0.14,52.75,4.03,53,53,0,89.23,3.34,0,Normal
2026-03-01 09:04:08,0.12,26.73,2.15,42,42,0,70.47,2.53,0,Normal
2026-03-01 09:04:09,0.01,62.06,8.32,57,57,0,96.58,5.97,0,Normal
2026-03-01 09:04:10,0.29,46.9,3.83,43,43,0,74.6,4.3,0,Normal
2026-03-01 09:04:11,0.8,29.79,3.87,47,47,0,79.28,2.51,0,Normal
2026-03-01 09:04:12,0.27,19.15,5.04,52,52,0,86.48,6.73,0,Normal
2026-03-01 09:04:13,0.02,22.81,2.67,49,49,0,80.14,2.86,0,Normal
2026-03-01 09:04:14,0.32,28.07,5.68,42,42,0,70.82,7.64,0,Normal
2026-03-01 09:04:15,0.23,13.3,1.68,50,50,0,83.01,2.17,0,Normal
2026-03-01 09:04:16,0.83,25.72,2.52,42,42,0,71.2,3.26,0,Normal
2026-03-01 09:04:17,0.16,48.61,2.32,51,51,0,86.23,1.61,0,Normal
2026-03-01 09:04:18,0.49,19.0,1.42,45,45,0,77.95,1.65,0,Normal
2026-03-01 09:04:19,0.01,23.19,2.62,43,43,0,72.56,2.41,0,Normal
2026-03-01 09:04:20,0.45,62.45,3.24,52,52,0,88.04,3.14,0,Normal
2026-03-01 09:04:21,0.01,30.82,2.03,56,56,0,93.1,1.67,0,Normal
2026-03-01 09:04:22,0.15,35.18,1.91,42,42,0,68.41,1.36,0,Normal
2026-03-01 09:04:23,1.04,64.66,3.38,52,51,1,87.29,2.86,0,Normal
2026-03-01 09:04:24,0.43,24.42,3.2,49,49,0,84.13,3.33,0,Normal
2026-03-01 09:04:25,0.91,25.51,2.95,45,45,0,75.1,2.73,0,Normal
2026-03-01 09:04:26,0.24,58.76,1.88,53,53,0,86.14,2.18,0,Normal
2026-03-01 09:04:27,0.33,20.27,2.78,52,52,0,89.4,3.53,0,Normal
2026-03-01 09:04:28,0.26,18.13,2.46,42,42,0,72.34,1.89,0,Normal
2026-03-01 09:04:29,0.23,20.02,3.45,44,44,0,73.74,2.23,0,Normal
2026-03-01 09:04:30,0.3,37.79,2.58,43,43,0,73.84,3.6,0,Normal
2026-03-01 09:04:31,0.01,64.52,3.26,42,42,0,70.5,4.26,0,Normal
2026-03-01 09:04:32,0.07,54.97,1.84,42,42,0,70.89,1.49,0,Normal
2026-03-01 09:04:33,0.08,24.48,1.77,57,57,0,93.32,1.29,0,Normal
2026-03-01 09:04:34,0.17,58.9,4.27,42,42,0,72.39,5.81,0,Normal
2026-03-01 09:04:35,0.2,42.16,4.69,60,60,0,98.17,3.68,0,Normal
2026-03-01 09:04:36,0.47,27.71,2.78,51,51,0,88.26,2.16,0,Normal
2026-03-01 09:04:37,0.06,28.34,3.36,56,56,0,96.81,2.31,0,Normal
2026-03-01 09:04:38,0.3,27.76,2.71,46,46,0,73.45,2.25,0,Normal
2026-03-01 09:04:39,0.11,25.76,5.44,50,50,0,86.34,6.92,0,Normal
2026-03-01 09:04:40,0.25,19.26,3.03,42,42,0,70.2,3.2,0,Normal
2026-03-01 09:04:41,0.34,27.55,2.65,45,45,0,76.23,1.79,0,Normal
2026-03-01 09:04:42,0.31,34.11,5.13,42,42,0,68.44,7.05,0,Normal
2026-03-01 09:04:43,0.08,62.93,2.34,51,51,0,85.2,2.42,0,Normal
2026-03-01 09:04:44,0.43,68.88,3.56,46,46,0,75.51,3.33,0,Normal
2026-03-01 09:04:45,0.37,27.22,2.07,46,46,0,76.1,2.54,0,Normal
2026-03-01 09:04:46,0.94,71.92,4.48,45,45,0,77.43,4.69,0,Normal
2026-03-01 09:04:47,0.35,36.96,4.79,56,56,0,95.58,6.31,0,Normal
2026-03-01 09:04:48,0.45,25.08,1.86,49,49,0,83.55,2.16,0,Normal
2026-03-01 09:04:49,0.58,32.16,1.73,47,47,0,78.15,1.97,0,Normal
2026-03-01 09:04:50,0.04,78.0,3.78,42,42,0,69.52,3.29,0,Normal
2026-03-01 09:04:51,0.42,62.91,7.95,60,60,0,98.33,11.07,0,Normal
2026-03-01 09:04:52,0.13,69.33,4.94,51,51,0,86.7,5.54,0,Normal
2026-03-01 09:04:53,0.61,61.48,3.02,42,42,0,73.46,2.88,0,Normal
2026-03-01 09:04:54,0.23,24.85,2.26,43,43,0,74.42,1.62,0,Normal
2026-03-01 09:04:55,0.3,51.73,1.92,42,42,0,70.61,2.01,0,Normal
2026-03-01 09:04:56,0.11,31.7,4.58,53,53,0,89.78,5.19,0,Normal
2026-03-01 09:04:57,0.37,34.22,5.03,47,47,0,79.33,4.51,0,Normal
2026-03-01 09:04:58,0.01,33.09,2.5,48,48,0,82.0,1.63,0,Normal
2026-03-01 09:04:59,0.48,25.95,2.97,49,49,0,84.93,3.68,0,Normal
2026-03-01 09:05:00,0.06,41.2,3.39,49,49,0,81.47,3.81,0,Normal
2026-03-01 09:05:01,0.09,28.82,7.51,55,55,0,91.6,8.61,0,Normal
2026-03-01 09:05:02,0.0,12.0,3.42,44,44,0,73.49,2.72,0,Normal
2026-03-01 09:05:03,0.13,26.31,2.14,47,47,0,78.91,1.5,0,Normal
2026-03-01 09:05:04,0.17,25.18,1.97,60,60,0,101.89,1.9,0,Normal
2026-03-01 09:05:05,0.09,32.77,2.2,53,53,0,88.94,1.75,0,Normal
2026-03-01 09:05:06,0.09,25.29,5.86,42,42,0,69.28,7.18,0,Normal
2026-03-01 09:05:07,0.78,44.5,4.18,52,52,0,86.1,4.29,0,Normal
2026-03-01 09:05:08,0.14,63.29,2.84,60,60,0,99.04,2.01,0,Normal
2026-03-01 09:05:09,0.45,22.0,0.89,42,42,0,70.4,0.67,0,Normal
2026-03-01 09:05:10,0.09,51.54,2.26,44,44,0,75.47,2.96,0,Normal
2026-03-01 09:05:11,0.58,23.35,3.88,47,47,0,79.59,4.28,0,Normal
2026-03-01 09:05:12,0.4,29.11,3.89,42,42,0,71.41,3.58,0,Normal
2026-03-01 09:05:13,0.49,23.31,3.88,42,42,0,68.93,4.56,0,Normal
2026-03-01 09:05:14,0.2,28.45,1.81,57,57,0,94.0,2.26,0,Normal
2026-03-01 09:05:15,0.74,26.37,3.6,44,44,0,74.19,2.49,0,Normal
2026-03-01 09:05:16,0.16,27.09,2.14,55,55,0,94.27,2.73,0,Normal
2026-03-01 09:05:17,33.63,40.31,3.32,54,36,18,60.48,4.51,1,Packet Drop Burst
2026-03-01 09:05:18,25.09,25.84,2.35,44,33,11,55.44,1.58,1,Packet Drop Burst
2026-03-01 09:05:19,21.92,49.56,5.37,43,34,9,57.12,4.62,1,Packet Drop Burst
2026-03-01 09:05:20,0.05,34.09,3.86,52,52,0,84.32,2.84,0,Normal
2026-03-01 09:05:21,0.05,56.43,3.11,49,49,0,82.36,2.94,0,Normal
2026-03-01 09:05:22,0.22,16.13,6.18,42,42,0,70.71,4.8,0,Normal
2026-03-01 09:05:23,0.87,56.72,2.81,50,50,0,83.69,2.5,0,Normal
2026-03-01 09:05:24,0.01,30.61,1.76,60,60,0,101.59,1.39,0,Normal
2026-03-01 09:05:25,0.11,73.05,5.34,54,54,0,90.42,3.22,0,Normal
2026-03-01 09:05:26,0.12,64.79,3.72,52,52,0,85.12,2.29,0,Normal
2026-03-01 09:05:27,0.13,28.11,2.88,48,48,0,80.51,2.91,0,Normal
2026-03-01 09:05:28,0.01,22.37,2.49,49,49,0,82.57,2.51,0,Normal
2026-03-01 09:05:29,0.61,13.6,4.18,59,59,0,100.49,2.63,0,Normal
2026-03-01 09:05:30,0.0,61.28,4.79,52,52,0,89.49,5.55,0,Normal
2026-03-01 09:05:31,0.23,22.19,2.35,42,42,0,69.28,1.46,0,Normal
2026-03-01 09:05:32,0.02,29.06,4.28,57,57,0,98.27,4.24,0,Normal
2026-03-01 09:05:33,0.56,27.05,3.72,46,46,0,76.64,3.4,0,Normal
2026-03-01 09:05:34,0.48,33.38,2.29,51,51,0,84.91,2.99,0,Normal
2026-03-01 09:05:35,0.45,28.69,3.33,47,47,0,78.34,3.53,0,Normal
2026-03-01 09:05:36,0.47,43.54,2.6,55,55,0,89.47,3.27,0,Normal
2026-03-01 09:05:37,0.99,12.19,5.8,44,44,0,73.29,8.11,0,Normal
2026-03-01 09:05:38,0.19,47.55,2.48,42,42,0,72.53,1.84,0,Normal
2026-03-01 09:05:39,0.69,32.47,6.55,50,50,0,84.72,4.26,0,Normal
2026-03-01 09:05:40,0.07,31.93,3.52,60,60,0,101.14,4.3,0,Normal
2026-03-01 09:05:41,0.21,22.29,1.51,52,52,0,87.89,1.67,0,Normal
2026-03-01 09:05:42,0.0,57.57,1.25,42,42,0,72.45,1.38,0,Normal
2026-03-01 09:05:43,0.12,28.76,3.02,50,50,0,82.68,2.58,0,Normal
2026-03-01 09:05:44,0.21,12.0,6.05,42,42,0,71.92,4.13,0,Normal
2026-03-01 09:05:45,0.84,21.11,5.78,43,43,0,72.34,6.8,0,Normal
2026-03-01 09:05:46,0.13,38.56,3.58,51,51,0,84.5,3.7,0,Normal
2026-03-01 09:05:47,0.39,57.24,2.38,56,56,0,94.78,2.39,0,Normal
2026-03-01 09:05:48,0.63,30.92,2.75,50,50,0,84.13,3.27,0,Normal
2026-03-01 09:05:49,0.14,29.84,3.64,48,48,0,79.43,5.07,0,Normal
2026-03-01 09:05:50,0.06,16.3,5.42,42,42,0,68.96,6.46,0,Normal
2026-03-01 09:05:51,0.31,23.56,4.29,47,47,0,78.31,5.78,0,Normal
2026-03-01 09:05:52,0.12,26.23,5.13,53,53,0,88.27,4.72,0,Normal
2026-03-01 09:05:53,0.37,23.68,4.44,55,55,0,94.23,5.85,0,Normal
2026-03-01 09:05:54,0.05,25.9,5.07,44,44,0,73.6,5.99,0,Normal
2026-03-01 09:05:55,0.06,35.8,1.2,57,57,0,95.2,1.08,0,Normal
2026-03-01 09:05:56,0.39,24.75,2.22,53,53,0,90.73,2.24,0,Normal
2026-03-01 09:05:57,1.27,25.95,2.02,42,41,1,70.9,1.54,0,Normal
2026-03-01 09:05:58,0.1,32.44,1.93,58,58,0,96.19,1.29,0,Normal
2026-03-01 09:05:59,0.44,19.48,3.33,54,54,0,88.85,3.24,0,Normal
2026-03-01 09:06:00,0.27,22.96,1.73,45,45,0,76.37,2.41,0,Normal
2026-03-01 09:06:01,0.65,23.57,2.17,43,43,0,71.93,2.81,0,Normal
2026-03-01 09:06:02,0.17,61.15,3.18,43,43,0,71.42,1.95,0,Normal
2026-03-01 09:06:03,1.25,25.93,1.61,48,47,1,80.52,2.22,0,Normal
2026-03-01 09:06:04,0.03,26.12,2.67,57,57,0,95.37,2.6,0,Normal
2026-03-01 09:06:05,1.46,24.01,4.43,45,44,1,76.8,3.29,0,Normal
2026-03-01 09:06:06,0.66,21.58,1.91,52,52,0,87.43,2.55,0,Normal
2026-03-01 09:06:07,0.7,41.74,4.75,53,53,0,89.29,6.37,0,Normal
2026-03-01 09:06:08,0.65,25.97,2.31,51,51,0,89.04,2.95,0,Normal
2026-03-01 09:06:09,0.69,31.71,3.75,56,56,0,94.54,4.12,0,Normal
2026-03-01 09:06:10,0.59,21.33,2.02,59,59,0,98.06,1.59,0,Normal
2026-03-01 09:06:11,0.8,65.17,4.07,60,60,0,99.27,3.23,0,Normal
2026-03-01 09:06:12,0.22,58.17,2.9,48,48,0,79.95,3.97,0,Normal
2026-03-01 09:06:13,0.98,27.23,4.1,45,45,0,75.95,3.37,0,Normal
2026-03-01 09:06:14,0.17,69.58,2.6,53,53,0,90.41,2.44,0,Normal
2026-03-01 09:06:15,0.46,25.42,4.26,42,42,0,68.3,5.13,0,Normal
2026-03-01 09:06:16,0.43,32.48,4.86,42,42,0,70.56,6.12,0,Normal
2026-03-01 09:06:17,0.6,30.25,3.5,42,42,0,72.48,3.26,0,Normal
2026-03-01 09:06:18,0.47,27.36,2.68,45,45,0,75.99,2.45,0,Normal
2026-03-01 09:06:19,0.01,22.29,2.99,53,53,0,91.07,2.65,0,Normal
2026-03-01 09:06:20,0.47,57.21,1.88,43,43,0,69.98,1.71,0,Normal
2026-03-01 09:06:21,0.01,22.44,3.64,59,59,0,98.78,4.39,0,Normal
2026-03-01 09:06:22,0.27,27.87,4.39,52,52,0,87.54,2.85,0,Normal
2026-03-01 09:06:23,0.64,27.68,6.72,48,48,0,81.47,8.33,0,Normal
2026-03-01 09:06:24,0.62,26.76,5.98,50,50,0,82.72,4.62,0,Normal
2026-03-01 09:06:25,0.64,25.66,2.14,42,42,0,71.18,1.56,0,Normal
2026-03-01 09:06:26,0.32,23.07,3.65,42,42,0,71.3,2.54,0,Normal
2026-03-01 09:06:27,0.07,18.3,3.13,44,44,0,73.81,2.47,0,Normal
2026-03-01 09:06:28,0.25,36.42,5.74,45,45,0,76.3,7.28,0,Normal
2026-03-01 09:06:29,0.25,25.05,2.41,55,55,0,92.87,2.49,0,Normal
2026-03-01 09:06:30,0.14,27.23,4.93,51,51,0,84.69,4.02,0,Normal
2026-03-01 09:06:31,0.19,27.19,2.13,53,53,0,88.8,1.59,0,Normal
2026-03-01 09:06:32,0.72,34.57,3.17,55,55,0,90.53,3.85,0,Normal
2026-03-01 09:06:33,0.26,39.6,2.23,52,52,0,85.12,2.24,0,Normal
2026-03-01 09:06:34,0.43,28.96,1.37,50,50,0,84.38,0.95,0,Normal
2026-03-01 09:06:35,0.24,27.06,2.21,46,46,0,74.44,1.99,0,Normal
2026-03-01 09:06:36,0.34,75.72,2.96,42,42,0,70.2,2.83,0,Normal
2026-03-01 09:06:37,0.03,61.98,6.31,55,55,0,93.02,5.57,0,Normal
2026-03-01 09:06:38,0.94,54.25,2.04,54,53,1,89.06,1.65,0,Normal
2026-03-01 09:06:39,0.2,23.22,2.53,44,44,0,77.2,2.18,0,Normal
2026-03-01 09:06:40,0.48,15.45,1.74,57,57,0,96.4,2.07,0,Normal
2026-03-01 09:06:41,0.38,34.47,5.58,45,45,0,75.2,7.61,0,Normal
2026-03-01 09:06:42,0.56,30.54,2.7,47,47,0,79.87,1.68,0,Normal
2026-03-01 09:06:43,0.01,26.49,2.85,60,60,0,98.83,3.14,0,Normal
2026-03-01 09:06:44,0.96,48.14,2.84,60,59,1,100.62,1.87,0,Normal
2026-03-01 09:06:45,0.62,21.57,1.38,43,43,0,71.48,1.05,0,Normal
2026-03-01 09:06:46,0.63,23.08,1.72,59,59,0,100.78,1.78,0,Normal
2026-03-01 09:06:47,0.22,16.4,2.16,57,57,0,96.36,2.67,0,Normal
2026-03-01 09:06:48,0.56,32.65,4.38,54,54,0,91.66,4.15,0,Normal
2026-03-01 09:06:49,0.3,23.14,1.08,44,44,0,73.09,1.41,0,Normal
2026-03-01 09:06:50,0.25,28.09,4.24,60,60,0,99.08,4.97,0,Normal
2026-03-01 09:06:51,0.54,34.02,3.87,42,42,0,68.82,2.93,0,Normal
2026-03-01 09:06:52,0.35,60.74,1.47,60,60,0,98.23,1.69,0,Normal
2026-03-01 09:06:53,0.03,27.83,2.88,54,54,0,90.14,2.46,0,Normal
2026-03-01 09:06:54,0.13,64.27,5.61,60,60,0,99.92,6.8,0,Normal
2026-03-01 09:06:55,0.34,22.58,2.05,46,46,0,78.8,1.61,0,Normal
2026-03-01 09:06:56,0.82,38.1,2.59,44,44,0,72.37,1.85,0,Normal
2026-03-01 09:06:57,0.95,27.0,11.5,42,42,0,73.85,12.77,0,Normal
2026-03-01 09:06:58,0.64,66.25,3.84,47,47,0,77.46,4.2,0,Normal
2026-03-01 09:06:59,0.1,25.56,2.96,42,42,0,69.2,3.13,0,Normal
2026-03-01 09:07:00,0.22,35.2,2.68,51,51,0,83.46,2.13,0,Normal
2026-03-01 09:07:01,0.2,29.2,3.93,46,46,0,77.29,3.0,0,Normal
2026-03-01 09:07:02,0.2,32.57,4.52,60,60,0,100.32,6.01,0,Normal
2026-03-01 09:07:03,0.02,30.12,1.26,44,44,0,73.76,1.29,0,Normal
2026-03-01 09:07:04,0.07,64.34,1.21,59,59,0,99.73,1.12,0,Normal
2026-03-01 09:07:05,0.06,33.58,2.12,59,59,0,100.59,2.66,0,Normal
2026-03-01 09:07:06,0.34,30.07,3.1,60,60,0,99.05,1.98,0,Normal
2026-03-01 09:07:07,0.19,62.02,3.43,56,56,0,94.11,3.92,0,Normal
2026-03-01 09:07:08,0.14,54.91,1.54,50,50,0,85.28,1.11,0,Normal
2026-03-01 09:07:09,0.21,28.89,3.03,56,56,0,92.44,2.36,0,Normal
2026-03-01 09:07:10,0.14,33.44,3.21,48,48,0,84.79,3.57,0,Normal
2026-03-01 09:07:11,17.28,345.21,63.08,44,36,8,60.48,94.62,1,Combined Degradation
2026-03-01 09:07:12,20.25,406.18,43.86,47,37,10,62.16,65.79,1,Combined Degradation
2026-03-01 09:07:13,11.67,281.9,47.73,46,41,5,68.88,71.59,1,Combined Degradation
2026-03-01 09:07:14,14.42,189.35,74.49,42,36,6,60.48,111.74,1,Combined Degradation
2026-03-01 09:07:15,10.86,390.91,77.14,48,43,5,72.24,115.7,1,Combined Degradation
2026-03-01 09:07:16,18.6,219.94,78.74,56,46,10,77.28,118.11,1,Combined Degradation
2026-03-01 09:07:17,13.3,396.36,44.22,48,42,6,70.56,66.33,1,Combined Degradation
2026-03-01 09:07:18,13.42,379.09,80.1,60,52,8,87.36,120.15,1,Combined Degradation
2026-03-01 09:07:19,19.22,338.32,59.69,52,42,10,70.56,89.54,1,Combined Degradation
2026-03-01 09:07:20,17.95,383.02,84.66,60,49,11,82.32,126.99,1,Combined Degradation
2026-03-01 09:07:21,14.08,242.35,58.82,52,45,7,75.6,88.23,1,Combined Degradation
2026-03-01 09:07:22,12.65,385.4,47.61,44,38,6,63.84,71.41,1,Combined Degradation
2026-03-01 09:07:23,0.26,18.53,1.95,44,44,0,73.68,1.69,0,Normal
2026-03-01 09:07:24,0.35,21.72,4.96,56,56,0,92.98,4.84,0,Normal
2026-03-01 09:07:25,0.14,55.52,7.18,48,48,0,80.77,4.67,0,Normal
2026-03-01 09:07:26,0.27,58.94,3.29,54,54,0,91.48,2.25,0,Normal
2026-03-01 09:07:27,1.62,48.12,3.83,57,56,1,92.7,4.53,0,Normal
2026-03-01 09:07:28,0.08,34.39,1.28,44,44,0,74.44,0.96,0,Normal
2026-03-01 09:07:29,0.06,20.79,2.73,52,52,0,87.85,2.38,0,Normal
2026-03-01 09:07:30,0.65,25.51,2.43,42,42,0,71.34,2.69,0,Normal
2026-03-01 09:07:31,0.18,24.86,2.26,45,45,0,75.99,3.12,0,Normal
2026-03-01 09:07:32,0.66,30.13,2.47,59,59,0,99.32,1.74,0,Normal
2026-03-01 09:07:33,0.19,62.2,2.58,53,53,0,88.81,3.12,0,Normal
2026-03-01 09:07:34,0.01,19.12,1.73,42,42,0,70.11,1.71,0,Normal
2026-03-01 09:07:35,0.16,27.97,2.67,47,47,0,80.04,1.8,0,Normal
2026-03-01 09:07:36,0.33,46.45,2.08,55,55,0,92.26,1.53,0,Normal
2026-03-01 09:07:37,0.21,60.13,4.73,42,42,0,71.36,5.47,0,Normal
2026-03-01 09:07:38,0.22,27.61,3.85,54,54,0,91.5,5.02,0,Normal
2026-03-01 09:07:39,1.95,58.99,3.85,58,57,1,94.35,2.35,0,Normal
2026-03-01 09:07:40,0.27,57.81,5.15,50,50,0,83.52,4.01,0,Normal
2026-03-01 09:07:41,0.42,62.98,2.29,58,58,0,97.36,2.03,0,Normal
2026-03-01 09:07:42,0.45,55.71,3.75,54,54,0,90.86,5.21,0,Normal
2026-03-01 09:07:43,0.0,48.33,5.37,45,45,0,76.24,6.03,0,Normal
2026-03-01 09:07:44,0.28,23.16,2.22,57,57,0,96.03,1.97,0,Normal
2026-03-01 09:07:45,1.15,29.97,1.33,58,57,1,95.82,1.01,0,Normal
2026-03-01 09:07:46,0.49,21.75,2.43,54,54,0,90.07,1.9,0,Normal
2026-03-01 09:07:47,0.15,21.18,5.11,54,54,0,92.31,3.27,0,Normal
2026-03-01 09:07:48,0.16,37.06,2.16,52,52,0,87.88,3.02,0,Normal
2026-03-01 09:07:49,0.13,38.85,2.69,42,42,0,70.39,3.73,0,Normal
2026-03-01 09:07:50,0.35,24.45,2.34,59,59,0,98.54,1.42,0,Normal
2026-03-01 09:07:51,0.04,45.09,3.05,58,58,0,97.86,2.49,0,Normal
2026-03-01 09:07:52,0.12,50.37,2.07,46,46,0,77.32,1.28,0,Normal
2026-03-01 09:07:53,0.24,19.52,1.7,42,42,0,68.27,1.43,0,Normal
2026-03-01 09:07:54,0.27,22.43,2.72,58,58,0,95.95,3.6,0,Normal
2026-03-01 09:07:55,0.33,76.45,2.94,53,53,0,91.0,3.82,0,Normal
2026-03-01 09:07:56,0.56,50.95,5.49,53,53,0,89.6,6.3,0,Normal
2026-03-01 09:07:57,0.06,56.12,3.42,56,56,0,93.12,4.75,0,Normal
2026-03-01 09:07:58,0.09,52.45,1.96,56,56,0,93.52,2.35,0,Normal
2026-03-01 09:07:59,0.72,59.77,2.39,60,60,0,99.51,1.89,0,Normal
2026-03-01 09:08:00,0.62,26.17,4.58,54,54,0,89.93,5.8,0,Normal
2026-03-01 09:08:01,0.6,32.8,2.74,46,46,0,78.82,2.76,0,Normal
2026-03-01 09:08:02,0.08,63.32,2.03,42,42,0,70.29,2.04,0,Normal
2026-03-01 09:08:03,0.02,36.34,3.45,47,47,0,80.21,4.36,0,Normal
2026-03-01 09:08:04,0.26,60.17,2.33,55,55,0,94.84,2.39,0,Normal
2026-03-01 09:08:05,0.71,22.86,4.12,56,56,0,93.49,3.55,0,Normal
2026-03-01 09:08:06,0.09,55.95,3.91,50,50,0,82.06,5.25,0,Normal
2026-03-01 09:08:07,0.82,20.2,1.98,54,54,0,91.37,1.31,0,Normal
2026-03-01 09:08:08,0.05,29.44,7.41,48,48,0,79.41,8.35,0,Normal
2026-03-01 09:08:09,0.12,23.08,3.14,42,42,0,70.56,3.86,0,Normal
2026-03-01 09:08:10,0.12,54.04,1.0,54,54,0,90.97,0.64,0,Normal
2026-03-01 09:08:11,0.06,24.58,3.94,42,42,0,73.35,3.1,0,Normal
2026-03-01 09:08:12,0.72,59.91,1.03,53,53,0,89.52,0.8,0,Normal
2026-03-01 09:08:13,0.19,60.13,5.3,60,60,0,100.11,6.95,0,Normal
2026-03-01 09:08:14,0.07,58.92,3.41,49,49,0,83.26,3.82,0,Normal
2026-03-01 09:08:15,0.06,53.41,3.11,48,48,0,81.86,2.4,0,Normal
2026-03-01 09:08:16,0.19,34.57,3.2,48,48,0,82.45,4.24,0,Normal
2026-03-01 09:08:17,0.01,33.23,4.16,60,60,0,99.42,3.31,0,Normal
2026-03-01 09:08:18,0.05,23.43,2.57,43,43,0,74.18,2.91,0,Normal
2026-03-01 09:08:19,0.0,59.31,3.18,53,53,0,92.47,3.06,0,Normal
2026-03-01 09:08:20,0.01,54.25,3.37,59,59,0,101.02,2.29,0,Normal
2026-03-01 09:08:21,1.95,19.21,0.87,60,59,1,101.3,1.05,0,Normal
2026-03-01 09:08:22,0.21,31.47,4.18,59,59,0,98.47,3.6,0,Normal
2026-03-01 09:08:23,0.46,30.35,4.5,56,56,0,96.61,4.0,0,Normal
2026-03-01 09:08:24,0.47,32.56,3.92,42,42,0,69.85,3.02,0,Normal
2026-03-01 09:08:25,0.74,35.69,3.79,60,60,0,100.74,4.72,0,Normal
2026-03-01 09:08:26,0.04,32.65,6.55,57,57,0,95.06,4.77,0,Normal
2026-03-01 09:08:27,0.26,33.18,3.13,42,42,0,69.69,2.43,0,Normal
2026-03-01 09:08:28,0.14,15.53,3.18,54,54,0,90.71,2.94,0,Normal
2026-03-01 09:08:29,0.28,26.16,2.38,43,43,0,70.51,1.71,0,Normal
2026-03-01 09:08:30,0.14,33.79,1.35,42,42,0,69.53,0.93,0,Normal
2026-03-01 09:08:31,0.07,20.99,3.93,45,45,0,74.14,3.99,0,Normal
2026-03-01 09:08:32,0.39,28.55,2.5,46,46,0,79.58,3.41,0,Normal
2026-03-01 09:08:33,0.01,31.12,1.34,48,48,0,83.07,1.67,0,Normal
2026-03-01 09:08:34,0.79,30.66,3.09,52,52,0,91.18,2.29,0,Normal
2026-03-01 09:08:35,0.06,30.21,3.05,54,54,0,90.62,3.26,0,Normal
2026-03-01 09:08:36,0.33,31.59,2.88,56,56,0,94.12,3.56,0,Normal
2026-03-01 09:08:37,0.49,61.03,3.4,50,50,0,85.16,2.43,0,Normal
2026-03-01 09:08:38,0.03,19.22,1.58,42,42,0,68.65,1.05,0,Normal
2026-03-01 09:08:39,0.82,31.04,4.99,52,52,0,85.89,6.56,0,Normal
2026-03-01 09:08:40,0.15,29.71,3.88,51,51,0,83.28,3.09,0,Normal
2026-03-01 09:08:41,1.95,19.3,5.59,46,45,1,76.86,5.58,0,Normal
2026-03-01 09:08:42,0.02,56.04,2.49,42,42,0,69.27,1.91,0,Normal
2026-03-01 09:08:43,0.44,31.2,3.88,42,42,0,72.06,2.47,0,Normal
2026-03-01 09:08:44,0.06,19.72,1.38,48,48,0,79.95,1.39,0,Normal
2026-03-01 09:08:45,0.18,23.1,2.2,51,51,0,85.69,2.08,0,Normal
2026-03-01 09:08:46,0.2,24.62,1.72,57,57,0,95.5,2.04,0,Normal
2026-03-01 09:08:47,0.18,24.61,3.59,42,42,0,70.85,4.62,0,Normal
2026-03-01 09:08:48,0.14,29.76,1.94,53,53,0,88.31,1.39,0,Normal
2026-03-01 09:08:49,0.51,22.14,2.62,54,54,0,92.28,1.94,0,Normal
2026-03-01 09:08:50,0.6,34.77,3.19,55,55,0,92.15,4.34,0,Normal
2026-03-01 09:08:51,0.14,34.27,2.66,47,47,0,79.51,2.49,0,Normal
2026-03-01 09:08:52,0.23,51.12,1.77,42,42,0,70.72,2.41,0,Normal
2026-03-01 09:08:53,0.19,28.27,6.7,51,51,0,84.16,5.84,0,Normal
2026-03-01 09:08:54,0.32,33.62,3.37,49,49,0,84.34,2.96,0,Normal
2026-03-01 09:08:55,0.06,26.34,6.73,50,50,0,83.02,7.84,0,Normal
2026-03-01 09:08:56,0.57,23.65,2.01,42,42,0,71.77,1.36,0,Normal
2026-03-01 09:08:57,0.56,53.02,2.7,44,44,0,75.01,2.51,0,Normal
2026-03-01 09:08:58,0.31,29.91,3.32,59,59,0,96.87,3.01,0,Normal
2026-03-01 09:08:59,0.48,215.35,6.37,43,43,0,71.97,44.99,1,High Latency
2026-03-01 09:09:00,1.56,345.04,6.71,53,52,1,88.23,46.69,1,High Latency
2026-03-01 09:09:01,0.9,300.37,2.63,51,51,0,85.25,43.4,1,High Latency
2026-03-01 09:09:02,0.33,240.65,2.3,43,43,0,72.05,42.47,1,High Latency
2026-03-01 09:09:03,0.25,225.46,3.19,42,42,0,70.89,42.95,1,High Latency
2026-03-01 09:09:04,0.27,304.85,5.48,45,45,0,75.04,46.91,1,High Latency
2026-03-01 09:09:05,0.22,339.2,3.4,59,59,0,99.66,43.58,1,High Latency
2026-03-01 09:09:06,0.23,307.13,3.69,55,55,0,92.46,44.27,1,High Latency
2026-03-01 09:09:07,0.46,233.57,5.46,47,47,0,78.66,44.61,1,High Latency
2026-03-01 09:09:08,1.7,328.24,5.08,59,58,1,95.98,44.44,1,High Latency
2026-03-01 09:09:09,0.02,318.32,5.17,49,49,0,82.93,44.72,1,High Latency
2026-03-01 09:09:10,0.09,312.23,4.39,50,50,0,80.39,43.72,1,High Latency
2026-03-01 09:09:11,0.08,180.32,6.1,60,60,0,101.19,48.37,1,High Latency
2026-03-01 09:09:12,0.63,174.25,1.92,45,45,0,75.62,43.53,1,High Latency
2026-03-01 09:09:13,0.19,232.21,9.14,60,60,0,99.58,50.28,1,High Latency
2026-03-01 09:09:14,0.26,360.63,5.35,53,53,0,86.96,47.69,1,High Latency
2026-03-01 09:09:15,0.22,272.75,3.09,55,55,0,93.03,43.17,1,High Latency
2026-03-01 09:09:16,0.67,170.6,5.47,42,42,0,70.19,46.23,1,High Latency
2026-03-01 09:09:17,0.24,246.71,2.84,60,60,0,101.01,43.01,1,High Latency
2026-03-01 09:09:18,0.39,238.59,4.11,59,59,0,96.36,46.72,1,High Latency
2026-03-01 09:09:19,0.01,62.76,4.33,44,44,0,74.63,2.8,0,Normal
2026-03-01 09:09:20,0.37,32.84,4.89,49,49,0,83.73,4.67,0,Normal
2026-03-01 09:09:21,0.1,52.08,2.7,47,47,0,78.73,1.86,0,Normal
2026-03-01 09:09:22,0.71,20.36,4.94,42,42,0,69.21,3.24,0,Normal
2026-03-01 09:09:23,0.49,25.99,2.72,60,60,0,101.45,3.23,0,Normal
2026-03-01 09:09:24,0.04,28.14,4.61,53,53,0,88.61,3.06,0,Normal
2026-03-01 09:09:25,0.04,27.65,3.29,56,56,0,95.38,2.04,0,Normal
2026-03-01 09:09:26,0.12,33.34,1.46,44,44,0,73.95,1.99,0,Normal
2026-03-01 09:09:27,0.05,66.78,2.38,42,42,0,67.35,1.78,0,Normal
2026-03-01 09:09:28,0.47,32.18,4.86,46,46,0,73.76,6.2,0,Normal
2026-03-01 09:09:29,1.52,59.92,2.9,48,47,1,77.89,3.95,0,Normal
2026-03-01 09:09:30,0.37,28.87,5.73,52,52,0,88.04,6.89,0,Normal
2026-03-01 09:09:31,0.1,26.16,1.92,42,42,0,69.82,1.31,0,Normal
2026-03-01 09:09:32,0.29,36.77,4.54,53,53,0,89.78,3.34,0,Normal
2026-03-01 09:09:33,0.57,46.19,3.25,58,58,0,96.45,2.42,0,Normal
2026-03-01 09:09:34,1.15,23.99,2.97,52,51,1,88.77,3.34,0,Normal
2026-03-01 09:09:35,0.0,77.01,1.95,43,43,0,71.96,1.45,0,Normal
2026-03-01 09:09:36,0.26,55.16,3.65,45,45,0,76.0,2.28,0,Normal
2026-03-01 09:09:37,0.21,23.07,2.11,51,51,0,84.24,2.04,0,Normal
2026-03-01 09:09:38,0.19,25.91,2.49,42,42,0,69.93,2.67,0,Normal
2026-03-01 09:09:39,0.25,58.53,3.12,49,49,0,83.06,3.02,0,Normal
2026-03-01 09:09:40,0.18,57.97,2.82,46,46,0,77.21,2.79,0,Normal
2026-03-01 09:09:41,0.15,29.22,5.27,42,42,0,66.39,5.09,0,Normal
2026-03-01 09:09:42,0.04,32.36,1.04,53,53,0,89.79,0.84,0,Normal
2026-03-01 09:09:43,0.24,25.04,3.06,49,49,0,83.23,4.18,0,Normal
2026-03-01 09:09:44,0.6,30.01,2.82,50,50,0,85.1,3.58,0,Normal
2026-03-01 09:09:45,0.04,35.82,3.31,42,42,0,72.21,2.84,0,Normal
2026-03-01 09:09:46,0.47,25.83,2.6,46,46,0,77.55,1.64,0,Normal
2026-03-01 09:09:47,0.11,28.69,5.26,43,43,0,75.83,6.77,0,Normal
2026-03-01 09:09:48,0.17,19.82,2.96,60,60,0,101.15,3.53,0,Normal
2026-03-01 09:09:49,1.55,63.54,3.52,54,53,1,85.59,2.34,0,Normal
2026-03-01 09:09:50,0.39,44.53,4.96,59,59,0,99.46,5.75,0,Normal
2026-03-01 09:09:51,0.44,52.46,3.4,54,54,0,92.4,3.27,0,Normal
2026-03-01 09:09:52,0.32,52.48,1.88,60,60,0,98.73,1.32,0,Normal
2026-03-01 09:09:53,0.14,22.97,2.74,50,50,0,83.59,3.23,0,Normal
2026-03-01 09:09:54,0.39,49.22,3.14,59,59,0,100.94,2.78,0,Normal
2026-03-01 09:09:55,0.21,61.61,1.58,54,54,0,89.87,2.1,0,Normal
2026-03-01 09:09:56,0.62,52.45,2.41,44,44,0,73.56,1.53,0,Normal
2026-03-01 09:09:57,0.3,36.92,3.22,48,48,0,81.81,4.35,0,Normal
2026-03-01 09:09:58,0.52,14.44,8.21,42,42,0,68.64,5.5,0,Normal
2026-03-01 09:09:59,0.66,26.82,3.92,59,59,0,99.1,2.47,0,Normal
2026-03-01 09:10:00,0.6,21.52,3.56,51,51,0,84.22,3.8,0,Normal
2026-03-01 09:10:01,0.18,69.34,7.1,60,60,0,100.4,7.73,0,Normal
2026-03-01 09:10:02,0.16,20.83,4.33,46,46,0,77.64,3.28,0,Normal
2026-03-01 09:10:03,0.71,56.09,4.61,57,57,0,97.35,6.0,0,Normal
2026-03-01 09:10:04,0.05,23.65,2.76,57,57,0,96.23,3.43,0,Normal
2026-03-01 09:10:05,0.11,33.38,1.88,57,57,0,94.91,1.55,0,Normal
2026-03-01 09:10:06,0.05,26.72,3.73,51,51,0,87.48,3.56,0,Normal
2026-03-01 09:10:07,0.02,26.05,7.54,46,46,0,78.2,9.25,0,Normal
2026-03-01 09:10:08,0.33,26.08,6.56,48,48,0,77.73,8.31,0,Normal
2026-03-01 09:10:09,0.81,27.41,4.46,48,48,0,81.9,5.52,0,Normal
2026-03-01 09:10:10,0.05,25.49,2.44,44,44,0,74.02,1.99,0,Normal
2026-03-01 09:10:11,0.56,52.99,1.65,44,44,0,73.87,2.0,0,Normal
2026-03-01 09:10:12,0.17,33.94,2.29,52,52,0,89.15,2.54,0,Normal
2026-03-01 09:10:13,0.34,49.93,3.66,52,52,0,87.05,3.74,0,Normal
2026-03-01 09:10:14,0.5,25.7,2.69,47,47,0,80.3,3.68,0,Normal
2026-03-01 09:10:15,0.43,30.58,5.21,50,50,0,85.92,5.62,0,Normal
2026-03-01 09:10:16,0.05,29.91,1.7,47,47,0,79.05,2.2,0,Normal
2026-03-01 09:10:17,0.04,61.47,3.13,52,52,0,88.03,3.77,0,Normal
2026-03-01 09:10:18,0.9,32.53,2.35,52,52,0,88.4,1.5,0,Normal
2026-03-01 09:10:19,0.03,31.23,5.19,57,57,0,96.45,4.22,0,Normal
2026-03-01 09:10:20,0.09,60.06,4.24,60,60,0,102.13,4.61,0,Normal
2026-03-01 09:10:21,0.2,25.41,2.28,43,43,0,70.67,2.17,0,Normal
2026-03-01 09:10:22,0.6,25.56,4.88,53,53,0,88.08,6.65,0,Normal
2026-03-01 09:10:23,0.32,65.92,1.6,47,47,0,77.07,1.71,0,Normal
2026-03-01 09:10:24,0.3,20.61,1.49,50,50,0,86.53,2.0,0,Normal
2026-03-01 09:10:25,0.41,27.76,2.23,45,45,0,73.09,1.7,0,Normal
2026-03-01 09:10:26,0.57,33.35,1.36,57,57,0,97.74,1.79,0,Normal
2026-03-01 09:10:27,0.09,33.26,3.16,46,46,0,77.99,3.25,0,Normal
2026-03-01 09:10:28,0.01,25.71,3.2,55,55,0,91.09,2.47,0,Normal
2026-03-01 09:10:29,0.05,34.38,2.77,48,48,0,78.73,2.52,0,Normal
2026-03-01 09:10:30,0.06,62.27,4.23,42,42,0,70.5,5.82,0,Normal
2026-03-01 09:10:31,0.01,26.1,2.4,43,43,0,71.9,3.28,0,Normal
2026-03-01 09:10:32,0.48,32.15,1.85,54,54,0,91.31,1.14,0,Normal
2026-03-01 09:10:33,0.76,52.76,2.32,51,51,0,82.38,1.96,0,Normal
2026-03-01 09:10:34,0.43,20.45,1.92,60,60,0,100.52,2.53,0,Normal
2026-03-01 09:10:35,0.07,61.11,2.52,57,57,0,94.45,1.58,0,Normal
2026-03-01 09:10:36,0.33,49.17,4.34,60,60,0,102.71,5.93,0,Normal
2026-03-01 09:10:37,0.26,40.24,1.51,44,44,0,74.53,1.37,0,Normal
2026-03-01 09:10:38,0.6,31.59,2.85,52,52,0,86.6,1.97,0,Normal
2026-03-01 09:10:39,1.0,75.54,5.11,47,47,0,81.09,4.3,0,Normal
2026-03-01 09:10:40,0.48,53.91,5.38,56,56,0,93.43,6.7,0,Normal
2026-03-01 09:10:41,0.25,21.98,2.44,57,57,0,95.6,3.42,0,Normal
2026-03-01 09:10:42,0.25,24.89,8.99,53,53,0,89.45,6.36,0,Normal
2026-03-01 09:10:43,0.58,29.53,2.07,53,53,0,90.4,2.3,0,Normal
2026-03-01 09:10:44,0.05,24.17,3.0,52,52,0,87.38,4.02,0,Normal
2026-03-01 09:10:45,0.06,32.03,1.96,55,55,0,94.53,2.59,0,Normal
2026-03-01 09:10:46,0.15,32.27,4.03,44,44,0,73.32,3.66,0,Normal
2026-03-01 09:10:47,0.48,61.76,11.71,52,52,0,85.89,15.14,0,Normal
2026-03-01 09:10:48,0.02,17.05,7.61,44,44,0,76.31,5.73,0,Normal
2026-03-01 09:10:49,0.15,59.04,4.86,52,52,0,86.89,5.37,0,Normal
2026-03-01 09:10:50,0.13,26.72,2.53,54,54,0,91.61,2.72,0,Normal
2026-03-01 09:10:51,0.23,44.26,3.08,48,48,0,81.79,3.78,0,Normal
2026-03-01 09:10:52,0.22,31.92,5.49,42,42,0,73.68,4.3,0,Normal
2026-03-01 09:10:53,0.44,26.74,4.65,55,55,0,91.95,5.13,0,Normal
2026-03-01 09:10:54,0.34,30.69,3.45,45,45,0,76.39,3.75,0,Normal
2026-03-01 09:10:55,0.82,60.91,3.54,43,43,0,71.07,2.36,0,Normal
2026-03-01 09:10:56,0.07,34.16,5.34,44,44,0,73.2,4.62,0,Normal
2026-03-01 09:10:57,0.2,57.18,5.97,42,42,0,69.42,4.57,0,Normal
2026-03-01 09:10:58,0.18,15.46,1.69,42,42,0,71.83,2.37,0,Normal
2026-03-01 09:10:59,0.04,26.28,3.68,44,44,0,75.3,5.12,0,Normal
2026-03-01 09:11:00,0.06,27.37,4.31,60,60,0,101.35,3.45,0,Normal
2026-03-01 09:11:01,0.14,59.33,2.61,51,51,0,84.52,3.26,0,Normal
2026-03-01 09:11:02,0.46,40.64,5.9,46,46,0,76.3,7.4,0,Normal
2026-03-01 09:11:03,0.06,30.3,2.92,51,51,0,84.63,3.93,0,Normal
2026-03-01 09:11:04,0.11,55.45,5.98,49,49,0,82.86,4.2,0,Normal
2026-03-01 09:11:05,0.39,60.71,2.81,51,51,0,83.31,3.19,0,Normal
2026-03-01 09:11:06,0.32,30.71,3.73,42,42,0,69.96,2.85,0,Normal
2026-03-01 09:11:07,0.04,69.06,3.69,43,43,0,70.23,4.16,0,Normal
2026-03-01 09:11:08,1.01,35.32,7.02,42,42,0,71.32,9.1,0,Normal
2026-03-01 09:11:09,0.06,65.66,4.63,56,56,0,92.59,3.08,0,Normal
2026-03-01 09:11:10,0.02,32.91,2.7,53,53,0,91.98,3.0,0,Normal
2026-03-01 09:11:11,0.13,20.62,2.94,60,60,0,102.37,3.03,0,Normal
2026-03-01 09:11:12,0.01,26.29,2.93,48,48,0,80.51,2.17,0,Normal
2026-03-01 09:11:13,0.01,24.18,3.35,51,51,0,86.3,2.64,0,Normal
2026-03-01 09:11:14,0.3,28.53,2.17,50,50,0,84.7,2.21,0,Normal
2026-03-01 09:11:15,0.78,49.31,3.2,42,42,0,69.12,4.12,0,Normal
2026-03-01 09:11:16,0.18,43.68,61.54,42,42,0,72.42,101.49,1,High Jitter
2026-03-01 09:11:17,0.13,22.73,65.65,56,56,0,93.94,83.44,1,High Jitter
2026-03-01 09:11:18,0.86,17.61,53.53,45,45,0,74.45,74.25,1,High Jitter
2026-03-01 09:11:19,0.02,19.86,71.57,51,51,0,86.49,107.6,1,High Jitter
2026-03-01 09:11:20,0.22,33.97,37.53,48,48,0,78.96,52.25,1,High Jitter
2026-03-01 09:11:21,0.1,68.81,91.5,52,52,0,88.34,115.85,1,High Jitter
2026-03-01 09:11:22,0.17,30.39,35.79,60,60,0,101.31,49.6,1,High Jitter
2026-03-01 09:11:23,0.19,26.23,68.16,42,42,0,69.58,100.54,1,High Jitter
2026-03-01 09:11:24,0.28,32.95,49.44,47,47,0,80.39,63.71,1,High Jitter
2026-03-01 09:11:25,0.21,26.62,81.33,59,59,0,100.18,129.89,1,High Jitter
2026-03-01 09:11:26,1.55,44.59,69.79,57,56,1,93.6,86.8,1,High Jitter
2026-03-01 09:11:27,0.01,39.39,68.44,42,42,0,71.37,118.75,1,High Jitter
2026-03-01 09:11:28,0.5,26.11,2.63,42,42,0,68.56,3.25,0,Normal
2026-03-01 09:11:29,0.02,25.29,5.25,47,47,0,79.7,4.3,0,Normal
2026-03-01 09:11:30,0.2,46.79,3.99,53,53,0,86.85,3.36,0,Normal
2026-03-01 09:11:31,0.08,21.53,3.26,42,42,0,70.75,2.88,0,Normal
2026-03-01 09:11:32,1.02,27.67,2.66,60,59,1,100.15,3.22,0,Normal
2026-03-01 09:11:33,0.45,67.71,4.29,52,52,0,87.87,3.47,0,Normal
2026-03-01 09:11:34,0.22,27.99,2.73,42,42,0,72.89,1.83,0,Normal
2026-03-01 09:11:35,1.06,44.39,3.0,48,47,1,77.77,2.54,0,Normal
2026-03-01 09:11:36,0.45,30.98,1.96,47,47,0,79.57,2.68,0,Normal
2026-03-01 09:11:37,1.06,22.18,5.55,46,46,0,74.08,5.26,0,Normal
2026-03-01 09:11:38,0.43,36.62,6.68,49,49,0,81.55,7.0,0,Normal
2026-03-01 09:11:39,0.03,19.26,3.65,53,53,0,88.59,4.42,0,Normal
2026-03-01 09:11:40,0.34,65.47,2.67,52,52,0,89.71,2.79,0,Normal
2026-03-01 09:11:41,1.38,14.7,5.06,42,41,1,68.84,5.69,0,Normal
2026-03-01 09:11:42,0.08,15.07,4.33,56,56,0,95.45,5.64,0,Normal
2026-03-01 09:11:43,0.55,63.34,2.72,42,42,0,69.2,2.44,0,Normal
2026-03-01 09:11:44,0.07,23.81,5.57,46,46,0,76.78,3.84,0,Normal
2026-03-01 09:11:45,0.21,36.79,2.74,54,54,0,89.46,1.85,0,Normal
2026-03-01 09:11:46,0.03,27.76,1.86,57,57,0,94.27,2.28,0,Normal
2026-03-01 09:11:47,0.15,35.75,3.22,46,46,0,75.89,3.62,0,Normal
2026-03-01 09:11:48,0.52,25.72,5.41,50,50,0,83.08,5.7,0,Normal
2026-03-01 09:11:49,0.02,31.64,3.48,42,42,0,73.62,4.67,0,Normal
2026-03-01 09:11:50,0.14,67.49,1.96,49,49,0,82.23,2.16,0,Normal
2026-03-01 09:11:51,0.35,56.31,2.77,47,47,0,76.93,1.77,0,Normal
2026-03-01 09:11:52,1.04,17.07,5.69,58,57,1,94.97,5.55,0,Normal
2026-03-01 09:11:53,0.1,30.01,3.76,56,56,0,95.6,2.9,0,Normal
2026-03-01 09:11:54,0.07,29.57,3.29,48,48,0,79.59,3.61,0,Normal
2026-03-01 09:11:55,0.08,32.66,3.13,56,56,0,96.31,2.35,0,Normal
2026-03-01 09:11:56,0.09,29.29,5.4,51,51,0,87.22,6.02,0,Normal
2026-03-01 09:11:57,0.36,59.8,5.24,60,60,0,100.51,6.85,0,Normal
2026-03-01 09:11:58,1.95,55.08,1.77,42,41,1,67.9,1.17,0,Normal
2026-03-01 09:11:59,0.26,33.95,5.07,49,49,0,80.89,4.09,0,Normal
2026-03-01 09:12:00,0.11,26.06,4.19,42,42,0,70.85,4.77,0,Normal
2026-03-01 09:12:01,0.48,22.55,6.8,42,42,0,71.18,7.95,0,Normal
2026-03-01 09:12:02,0.06,32.31,3.22,55,55,0,94.41,3.44,0,Normal
2026-03-01 09:12:03,0.01,27.47,5.53,47,47,0,79.5,3.94,0,Normal
2026-03-01 09:12:04,0.33,32.99,4.1,49,49,0,81.79,3.26,0,Normal
2026-03-01 09:12:05,0.08,30.12,2.01,56,56,0,96.14,2.67,0,Normal
2026-03-01 09:12:06,0.18,23.24,5.26,54,54,0,91.95,6.6,0,Normal
2026-03-01 09:12:07,0.09,34.45,4.78,45,45,0,74.57,6.5,0,Normal
2026-03-01 09:12:08,0.88,54.06,2.48,49,49,0,82.2,2.3,0,Normal
2026-03-01 09:12:09,0.14,31.75,3.78,53,53,0,90.03,3.6,0,Normal
2026-03-01 09:12:10,0.21,35.69,8.57,53,53,0,89.5,6.92,0,Normal
2026-03-01 09:12:11,0.09,25.69,2.67,42,42,0,69.05,2.72,0,Normal
2026-03-01 09:12:12,0.03,34.94,4.6,42,42,0,70.82,5.82,0,Normal
2026-03-01 09:12:13,0.25,54.06,2.03,50,50,0,82.99,1.62,0,Normal
2026-03-01 09:12:14,0.71,33.11,2.57,42,42,0,70.66,1.83,0,Normal
2026-03-01 09:12:15,0.15,50.58,4.78,55,55,0,90.45,5.74,0,Normal
2026-03-01 09:12:16,0.53,29.29,3.73,42,42,0,69.22,4.3,0,Normal
2026-03-01 09:12:17,0.01,19.55,3.03,47,47,0,82.11,3.83,0,Normal
2026-03-01 09:12:18,0.09,38.27,7.14,47,47,0,78.32,8.58,0,Normal
2026-03-01 09:12:19,0.05,15.92,2.19,53,53,0,90.71,2.05,0,Normal
2026-03-01 09:12:20,0.18,25.87,3.11,42,42,0,70.37,2.26,0,Normal
2026-03-01 09:12:21,0.79,62.17,4.14,53,53,0,87.24,4.85,0,Normal
2026-03-01 09:12:22,0.16,32.05,2.24,45,45,0,73.98,2.92,0,Normal
2026-03-01 09:12:23,0.32,39.54,4.18,46,46,0,76.09,3.02,0,Normal
2026-03-01 09:12:24,0.8,31.93,5.38,53,53,0,92.26,5.47,0,Normal
2026-03-01 09:12:25,0.16,45.77,3.15,43,43,0,71.89,2.72,0,Normal
2026-03-01 09:12:26,0.16,359.19,2.44,52,52,0,87.63,41.78,1,High Latency
2026-03-01 09:12:27,0.03,254.51,2.88,53,53,0,90.06,41.11,1,High Latency
2026-03-01 09:12:28,0.15,171.81,0.99,57,57,0,96.52,40.18,1,High Latency
2026-03-01 09:12:29,0.48,278.59,5.22,52,52,0,88.66,44.46,1,High Latency
2026-03-01 09:12:30,0.65,331.19,3.74,57,57,0,94.97,42.0,1,High Latency
2026-03-01 09:12:31,0.45,58.39,3.07,42,42,0,68.78,2.84,0,Normal
2026-03-01 09:12:32,0.0,31.72,1.57,60,60,0,99.38,1.16,0,Normal
2026-03-01 09:12:33,0.04,54.52,5.47,47,47,0,76.66,4.22,0,Normal
2026-03-01 09:12:34,0.46,59.42,2.73,49,49,0,81.54,3.77,0,Normal
2026-03-01 09:12:35,1.0,25.61,4.28,60,59,1,93.53,4.63,0,Normal
2026-03-01 09:12:36,0.42,26.17,3.3,42,42,0,71.65,3.01,0,Normal
2026-03-01 09:12:37,0.09,34.06,1.61,60,60,0,101.66,1.63,0,Normal
2026-03-01 09:12:38,0.04,22.6,5.88,45,45,0,74.14,5.33,0,Normal
2026-03-01 09:12:39,0.73,50.96,5.39,60,60,0,98.73,5.83,0,Normal
2026-03-01 09:12:40,0.04,50.29,4.68,56,56,0,96.37,2.81,0,Normal
2026-03-01 09:12:41,0.06,61.59,3.83,58,58,0,98.89,3.02,0,Normal
2026-03-01 09:12:42,0.32,36.57,1.94,56,56,0,93.69,2.69,0,Normal
2026-03-01 09:12:43,0.07,30.81,4.91,42,42,0,69.55,3.39,0,Normal
2026-03-01 09:12:44,0.09,28.78,8.96,42,42,0,70.62,5.94,0,Normal
2026-03-01 09:12:45,0.05,31.45,3.5,42,42,0,68.4,3.48,0,Normal
2026-03-01 09:12:46,1.01,26.4,3.53,57,56,1,94.52,2.94,0,Normal
2026-03-01 09:12:47,0.05,26.35,2.02,50,50,0,82.2,2.08,0,Normal
2026-03-01 09:12:48,0.94,17.36,1.31,55,54,1,87.13,1.79,0,Normal
2026-03-01 09:12:49,0.14,33.36,2.82,52,52,0,86.14,1.98,0,Normal
2026-03-01 09:12:50,0.6,73.1,6.47,46,46,0,75.76,6.16,0,Normal
2026-03-01 09:12:51,1.05,32.66,6.08,54,53,1,91.75,7.34,0,Normal
2026-03-01 09:12:52,0.26,59.89,3.22,53,53,0,91.55,2.35,0,Normal
2026-03-01 09:12:53,0.51,67.03,4.03,42,42,0,68.89,4.71,0,Normal
2026-03-01 09:12:54,0.11,52.73,1.92,42,42,0,70.41,1.77,0,Normal
2026-03-01 09:12:55,0.17,63.63,3.49,57,57,0,94.78,3.83,0,Normal
2026-03-01 09:12:56,0.28,31.69,2.62,51,51,0,88.44,2.68,0,Normal
2026-03-01 09:12:57,0.67,29.41,3.4,52,52,0,84.63,3.27,0,Normal
2026-03-01 09:12:58,0.34,65.96,2.93,47,47,0,79.66,2.88,0,Normal
2026-03-01 09:12:59,0.01,52.55,2.91,51,51,0,87.6,2.09,0,Normal
2026-03-01 09:13:00,0.13,22.43,5.2,56,56,0,93.26,4.92,0,Normal
2026-03-01 09:13:01,0.7,68.51,8.03,55,55,0,92.44,9.66,0,Normal
2026-03-01 09:13:02,0.1,24.53,3.08,60,60,0,102.38,4.05,0,Normal
2026-03-01 09:13:03,0.16,41.6,6.29,46,46,0,75.62,6.92,0,Normal
2026-03-01 09:13:04,0.17,36.82,1.9,46,46,0,78.23,2.4,0,Normal
2026-03-01 09:13:05,0.06,34.38,3.19,49,49,0,80.0,3.2,0,Normal
2026-03-01 09:13:06,0.15,19.06,1.85,60,60,0,98.41,1.43,0,Normal
2026-03-01 09:13:07,0.6,33.18,2.88,48,48,0,81.92,3.4,0,Normal
2026-03-01 09:13:08,0.66,29.13,4.58,54,54,0,89.27,5.32,0,Normal
2026-03-01 09:13:09,0.3,62.1,5.49,52,52,0,87.63,3.33,0,Normal
2026-03-01 09:13:10,0.4,29.93,2.34,57,57,0,93.99,2.3,0,Normal
2026-03-01 09:13:11,0.27,27.96,4.08,52,52,0,87.78,5.51,0,Normal
2026-03-01 09:13:12,0.02,29.4,5.77,53,53,0,86.55,8.01,0,Normal
2026-03-01 09:13:13,0.42,17.17,5.42,52,52,0,89.3,5.23,0,Normal
2026-03-01 09:13:14,1.95,23.4,3.73,51,50,1,85.22,4.39,0,Normal
2026-03-01 09:13:15,0.09,30.24,2.55,54,54,0,89.82,1.56,0,Normal
2026-03-01 09:13:16,1.41,62.14,2.44,45,44,1,71.13,1.98,0,Normal
2026-03-01 09:13:17,1.95,441.86,2.27,50,49,1,82.01,35.0,1,High Latency
2026-03-01 09:13:18,0.05,233.16,3.27,42,42,0,70.02,36.0,1,High Latency
2026-03-01 09:13:19,0.91,272.86,2.29,56,55,1,91.58,34.91,1,High Latency
2026-03-01 09:13:20,0.39,222.13,4.5,56,56,0,95.66,37.54,1,High Latency
2026-03-01 09:13:21,0.22,249.97,3.68,49,49,0,84.14,35.79,1,High Latency
2026-03-01 09:13:22,0.15,201.58,3.61,46,46,0,77.92,37.19,1,High Latency
2026-03-01 09:13:23,0.35,194.1,1.45,42,42,0,72.8,33.62,1,High Latency
2026-03-01 09:13:24,0.65,151.73,3.36,52,52,0,83.16,36.77,1,High Latency
2026-03-01 09:13:25,0.01,23.17,2.7,53,53,0,88.58,1.75,0,Normal
2026-03-01 09:13:26,0.27,59.4,8.8,53,53,0,88.51,11.26,0,Normal
2026-03-01 09:13:27,0.37,34.37,1.87,42,42,0,71.82,1.57,0,Normal
2026-03-01 09:13:28,0.01,33.97,3.03,58,58,0,96.96,3.41,0,Normal
2026-03-01 09:13:29,0.77,20.84,3.94,51,51,0,86.51,2.54,0,Normal
2026-03-01 09:13:30,1.06,72.49,2.14,43,43,0,71.52,1.42,0,Normal
2026-03-01 09:13:31,0.33,38.13,7.91,46,46,0,76.27,5.1,0,Normal
2026-03-01 09:13:32,0.04,30.47,7.98,45,45,0,76.8,7.88,0,Normal
2026-03-01 09:13:33,0.94,32.72,2.26,46,46,0,77.28,2.1,0,Normal
2026-03-01 09:13:34,0.57,21.05,2.54,45,45,0,76.06,2.18,0,Normal
2026-03-01 09:13:35,0.01,57.14,8.72,59,59,0,97.26,8.35,0,Normal
2026-03-01 09:13:36,0.3,19.48,6.22,43,43,0,73.26,5.29,0,Normal
2026-03-01 09:13:37,0.04,16.12,2.81,49,49,0,80.7,3.65,0,Normal
2026-03-01 09:13:38,0.05,32.36,4.03,42,42,0,73.13,4.23,0,Normal
2026-03-01 09:13:39,0.07,65.14,1.78,55,55,0,92.02,1.51,0,Normal
2026-03-01 09:13:40,0.18,26.48,8.92,49,49,0,81.7,8.6,0,Normal
2026-03-01 09:13:41,0.73,52.73,3.43,56,56,0,95.42,4.44,0,Normal
2026-03-01 09:13:42,0.01,38.27,4.32,52,52,0,87.28,4.01,0,Normal
2026-03-01 09:13:43,0.41,26.83,2.18,55,55,0,93.48,2.05,0,Normal
2026-03-01 09:13:44,1.17,27.61,1.99,60,59,1,98.67,1.73,0,Normal
2026-03-01 09:13:45,0.36,38.16,4.07,42,42,0,71.63,3.29,0,Normal
2026-03-01 09:13:46,0.59,52.22,7.86,45,45,0,75.49,7.69,0,Normal
2026-03-01 09:13:47,0.81,43.25,2.6,60,60,0,102.1,3.1,0,Normal
2026-03-01 09:13:48,0.44,32.89,2.14,45,45,0,77.33,1.91,0,Normal
2026-03-01 09:13:49,0.38,23.73,3.81,49,49,0,79.94,2.98,0,Normal
2026-03-01 09:13:50,0.01,27.13,6.94,42,42,0,71.1,7.82,0,Normal
2026-03-01 09:13:51,0.26,53.21,2.49,42,42,0,73.3,3.11,0,Normal
2026-03-01 09:13:52,0.22,29.11,2.97,60,60,0,101.73,1.83,0,Normal
2026-03-01 09:13:53,0.26,28.41,4.84,51,51,0,89.34,5.35,0,Normal
2026-03-01 09:13:54,0.2,33.81,5.08,47,47,0,77.57,6.71,0,Normal
2026-03-01 09:13:55,0.83,33.14,2.92,60,60,0,101.19,1.96,0,Normal
2026-03-01 09:13:56,0.77,71.29,5.44,48,48,0,81.37,7.18,0,Normal
2026-03-01 09:13:57,0.05,69.43,4.21,45,45,0,74.81,2.92,0,Normal
2026-03-01 09:13:58,0.27,27.56,3.34,43,43,0,70.39,4.67,0,Normal
2026-03-01 09:13:59,1.12,31.66,4.98,49,48,1,83.89,5.03,0,Normal
2026-03-01 09:14:00,0.32,21.33,4.68,52,52,0,89.04,5.55,0,Normal
2026-03-01 09:14:01,0.57,57.65,2.07,42,42,0,71.4,1.35,0,Normal
2026-03-01 09:14:02,0.16,34.97,6.47,44,44,0,73.99,4.41,0,Normal
2026-03-01 09:14:03,0.17,32.04,3.88,58,58,0,97.65,5.32,0,Normal
2026-03-01 09:14:04,0.14,27.24,6.17,50,50,0,84.94,8.58,0,Normal
2026-03-01 09:14:05,0.01,34.45,3.4,59,59,0,101.28,2.79,0,Normal
2026-03-01 09:14:06,0.91,23.61,3.71,42,42,0,69.5,3.24,0,Normal
2026-03-01 09:14:07,0.15,23.77,3.97,51,51,0,85.84,2.42,0,Normal
2026-03-01 09:14:08,0.16,65.06,4.25,49,49,0,81.77,5.8,0,Normal
2026-03-01 09:14:09,0.5,31.41,6.6,58,58,0,95.85,8.81,0,Normal
2026-03-01 09:14:10,0.26,18.5,4.1,49,49,0,81.4,2.84,0,Normal
2026-03-01 09:14:11,0.16,23.4,3.28,53,53,0,89.36,2.92,0,Normal
2026-03-01 09:14:12,0.75,29.74,5.23,42,42,0,70.11,7.18,0,Normal
2026-03-01 09:14:13,0.61,20.78,4.03,57,57,0,95.8,2.82,0,Normal
2026-03-01 09:14:14,1.32,24.04,12.55,43,42,1,71.65,16.31,0,Normal
2026-03-01 09:14:15,0.36,14.73,3.79,42,42,0,72.29,2.88,0,Normal
2026-03-01 09:14:16,0.41,31.63,5.79,56,56,0,98.06,3.79,0,Normal
2026-03-01 09:14:17,0.14,23.87,4.94,44,44,0,75.08,3.52,0,Normal
2026-03-01 09:14:18,0.04,21.4,1.32,49,49,0,81.39,1.54,0,Normal
2026-03-01 09:14:19,0.04,57.86,2.38,51,51,0,87.33,1.69,0,Normal
2026-03-01 09:14:20,0.36,25.49,2.72,42,42,0,70.08,1.64,0,Normal
2026-03-01 09:14:21,0.04,18.52,1.69,57,57,0,94.71,2.06,0,Normal
2026-03-01 09:14:22,0.83,39.65,2.78,43,43,0,73.17,3.12,0,Normal
2026-03-01 09:14:23,0.43,13.69,1.79,45,45,0,77.72,2.33,0,Normal
2026-03-01 09:14:24,0.09,56.89,2.02,52,52,0,86.45,2.14,0,Normal
2026-03-01 09:14:25,0.11,28.64,3.7,57,57,0,96.23,2.36,0,Normal
2026-03-01 09:14:26,0.43,67.85,7.88,60,60,0,101.48,4.86,0,Normal
2026-03-01 09:14:27,0.61,29.27,1.8,42,42,0,69.14,2.21,0,Normal
2026-03-01 09:14:28,0.64,64.29,1.92,57,57,0,93.61,2.52,0,Normal
2026-03-01 09:14:29,0.32,51.0,2.61,42,42,0,68.46,3.24,0,Normal
2026-03-01 09:14:30,0.06,21.29,3.11,43,43,0,74.16,2.79,0,Normal
2026-03-01 09:14:31,0.6,45.13,1.66,53,53,0,88.34,1.87,0,Normal
2026-03-01 09:14:32,0.55,20.21,2.42,49,49,0,81.37,1.61,0,Normal
2026-03-01 09:14:33,0.63,67.08,2.33,57,57,0,96.24,2.73,0,Normal
2026-03-01 09:14:34,0.06,53.58,3.83,60,60,0,102.75,3.06,0,Normal
2026-03-01 09:14:35,0.4,51.39,4.02,53,53,0,87.29,5.42,0,Normal
2026-03-01 09:14:36,1.13,31.01,3.1,60,59,1,96.29,2.7,0,Normal
2026-03-01 09:14:37,0.1,45.79,2.8,42,42,0,72.77,2.44,0,Normal
2026-03-01 09:14:38,19.22,25.07,2.41,51,41,10,68.88,2.0,1,High Packet Loss
2026-03-01 09:14:39,7.37,25.69,3.4,42,39,3,65.52,3.76,1,High Packet Loss
2026-03-01 09:14:40,7.07,39.31,2.14,43,40,3,67.2,1.45,1,High Packet Loss
2026-03-01 09:14:41,17.25,52.85,6.66,57,47,10,78.96,4.28,1,High Packet Loss
2026-03-01 09:14:42,12.76,39.35,1.69,54,47,7,78.96,1.96,1,High Packet Loss
2026-03-01 09:14:43,0.01,33.04,2.47,49,49,0,83.85,3.35,0,Normal
2026-03-01 09:14:44,1.6,27.62,4.91,49,48,1,81.64,5.86,0,Normal
2026-03-01 09:14:45,0.52,21.88,2.77,50,50,0,84.25,2.22,0,Normal
2026-03-01 09:14:46,0.16,50.99,4.49,46,46,0,77.85,4.0,0,Normal
2026-03-01 09:14:47,0.15,64.86,7.19,55,55,0,91.29,5.48,0,Normal
2026-03-01 09:14:48,0.23,27.44,4.83,42,42,0,69.89,5.54,0,Normal
2026-03-01 09:14:49,0.73,26.75,1.93,42,42,0,70.57,1.53,0,Normal
2026-03-01 09:14:50,0.01,15.69,1.98,49,49,0,81.9,2.09,0,Normal
2026-03-01 09:14:51,0.28,35.57,3.05,53,53,0,89.04,3.88,0,Normal
2026-03-01 09:14:52,0.02,27.7,4.05,47,47,0,76.53,4.11,0,Normal
2026-03-01 09:14:53,0.04,19.51,5.71,53,53,0,90.36,6.14,0,Normal
2026-03-01 09:14:54,0.41,30.89,2.33,54,54,0,89.11,3.21,0,Normal
2026-03-01 09:14:55,0.09,22.86,2.67,54,54,0,87.56,2.28,0,Normal
2026-03-01 09:14:56,0.01,31.37,2.97,44,44,0,72.85,3.67,0,Normal
2026-03-01 09:14:57,0.06,33.29,2.94,45,45,0,75.28,3.38,0,Normal
2026-03-01 09:14:58,0.08,34.12,6.51,54,54,0,93.75,4.49,0,Normal
2026-03-01 09:14:59,0.51,27.03,3.17,46,46,0,76.55,4.41,0,Normal
2026-03-01 09:15:00,0.34,53.85,3.56,59,59,0,99.43,4.1,0,Normal
2026-03-01 09:15:01,0.46,24.25,5.0,56,56,0,94.56,3.06,0,Normal
2026-03-01 09:15:02,0.16,23.66,6.79,45,45,0,73.33,8.0,0,Normal
2026-03-01 09:15:03,0.04,27.9,3.27,54,54,0,90.56,2.31,0,Normal
2026-03-01 09:15:04,0.57,64.97,5.85,42,42,0,70.16,4.88,0,Normal
2026-03-01 09:15:05,0.05,68.53,7.56,49,49,0,82.45,6.64,0,Normal
2026-03-01 09:15:06,0.17,54.15,3.16,51,51,0,86.31,2.68,0,Normal
2026-03-01 09:15:07,0.11,27.35,2.58,48,48,0,81.92,3.08,0,Normal
2026-03-01 09:15:08,0.12,25.39,8.88,45,45,0,74.32,10.68,0,Normal
2026-03-01 09:15:09,0.32,57.87,5.5,55,55,0,93.12,5.62,0,Normal
2026-03-01 09:15:10,0.06,32.98,3.34,58,58,0,96.35,3.52,0,Normal
2026-03-01 09:15:11,0.21,50.94,4.45,59,59,0,97.75,3.78,0,Normal
2026-03-01 09:15:12,0.36,33.78,2.07,54,54,0,93.35,1.28,0,Normal
2026-03-01 09:15:13,0.71,23.68,5.47,42,42,0,67.84,4.82,0,Normal
2026-03-01 09:15:14,0.16,54.31,1.48,46,46,0,76.51,0.9,0,Normal
2026-03-01 09:15:15,0.13,37.24,5.38,46,46,0,77.61,6.94,0,Normal
2026-03-01 09:15:16,0.16,20.96,2.4,55,55,0,91.5,2.67,0,Normal
2026-03-01 09:15:17,0.24,32.7,1.58,60,60,0,101.03,2.18,0,Normal
2026-03-01 09:15:18,0.13,55.07,1.35,54,54,0,88.71,1.01,0,Normal
2026-03-01 09:15:19,0.1,38.1,2.68,60,60,0,98.03,3.02,0,Normal
2026-03-01 09:15:20,0.16,25.42,4.57,42,42,0,69.25,3.43,0,Normal
2026-03-01 09:15:21,0.53,41.37,1.78,57,57,0,95.99,1.97,0,Normal
2026-03-01 09:15:22,0.1,65.9,1.9,59,59,0,98.86,1.89,0,Normal
2026-03-01 09:15:23,0.65,72.49,2.66,52,52,0,88.31,3.01,0,Normal
2026-03-01 09:15:24,0.12,23.68,4.78,42,42,0,68.42,5.64,0,Normal
2026-03-01 09:15:25,0.32,29.17,5.05,54,54,0,89.86,5.14,0,Normal
2026-03-01 09:15:26,1.24,26.92,3.54,60,59,1,99.01,3.52,0,Normal
2026-03-01 09:15:27,1.06,25.59,5.17,50,49,1,80.87,3.39,0,Normal
2026-03-01 09:15:28,0.2,52.8,4.52,46,46,0,77.49,4.03,0,Normal
2026-03-01 09:15:29,0.02,24.91,2.75,56,56,0,93.66,2.32,0,Normal
2026-03-01 09:15:30,0.82,21.34,5.0,60,60,0,101.53,5.5,0,Normal
2026-03-01 09:15:31,0.05,31.31,1.86,52,52,0,87.79,1.53,0,Normal
2026-03-01 09:15:32,0.9,33.95,4.13,52,52,0,84.58,3.25,0,Normal
2026-03-01 09:15:33,0.46,32.44,1.96,44,44,0,76.13,2.51,0,Normal
2026-03-01 09:15:34,0.95,30.05,3.54,42,42,0,67.3,4.47,0,Normal
2026-03-01 09:15:35,0.38,42.96,5.75,50,50,0,81.67,4.96,0,Normal
2026-03-01 09:15:36,1.86,29.23,3.65,60,59,1,99.01,2.44,0,Normal
2026-03-01 09:15:37,0.22,32.76,3.3,55,55,0,92.84,3.3,0,Normal
2026-03-01 09:15:38,0.14,24.48,3.68,53,53,0,88.62,3.53,0,Normal
2026-03-01 09:15:39,0.17,63.24,4.47,45,45,0,74.79,5.8,0,Normal
2026-03-01 09:15:40,0.15,27.13,8.67,49,49,0,82.2,9.0,0,Normal
2026-03-01 09:15:41,0.18,47.24,4.45,42,42,0,71.35,6.03,0,Normal
2026-03-01 09:15:42,0.76,53.78,2.65,50,50,0,82.28,2.61,0,Normal
2026-03-01 09:15:43,0.31,58.03,3.02,52,52,0,85.69,3.43,0,Normal
2026-03-01 09:15:44,0.45,17.7,2.21,43,43,0,70.94,2.18,0,Normal
2026-03-01 09:15:45,0.12,29.04,1.9,44,44,0,75.9,1.63,0,Normal
2026-03-01 09:15:46,1.61,27.07,1.11,42,41,1,69.44,0.69,0,Normal
2026-03-01 09:15:47,0.12,27.02,2.7,57,57,0,96.62,3.33,0,Normal
2026-03-01 09:15:48,0.06,51.25,1.76,50,50,0,86.39,2.33,0,Normal
2026-03-01 09:15:49,0.53,21.47,3.47,60,60,0,101.98,4.12,0,Normal
2026-03-01 09:15:50,0.64,27.59,2.64,42,42,0,70.79,2.16,0,Normal
2026-03-01 09:15:51,0.18,34.69,2.04,42,42,0,72.9,2.55,0,Normal
2026-03-01 09:15:52,0.27,61.95,1.29,50,50,0,82.54,1.4,0,Normal
2026-03-01 09:15:53,0.19,25.6,2.84,50,50,0,83.6,3.25,0,Normal
2026-03-01 09:15:54,0.12,38.69,1.51,45,45,0,77.33,0.99,0,Normal
2026-03-01 09:15:55,0.59,26.22,4.56,48,48,0,77.35,4.86,0,Normal
2026-03-01 09:15:56,0.5,45.48,3.72,60,60,0,99.6,3.91,0,Normal
2026-03-01 09:15:57,0.23,27.31,3.0,52,52,0,88.54,3.39,0,Normal
2026-03-01 09:15:58,0.21,19.93,6.38,57,57,0,95.92,7.76,0,Normal
2026-03-01 09:15:59,0.07,31.43,3.33,53,53,0,89.81,3.08,0,Normal
2026-03-01 09:16:00,0.35,62.9,3.95,45,45,0,72.73,2.86,0,Normal
2026-03-01 09:16:01,0.9,27.82,4.52,52,52,0,86.1,6.06,0,Normal
2026-03-01 09:16:02,0.44,44.96,2.63,42,42,0,71.53,3.21,0,Normal
2026-03-01 09:16:03,0.25,39.66,2.64,49,49,0,80.97,2.72,0,Normal
2026-03-01 09:16:04,0.01,20.09,3.38,42,42,0,71.8,2.99,0,Normal
2026-03-01 09:16:05,0.93,33.19,1.81,55,54,1,91.15,2.51,0,Normal
2026-03-01 09:16:06,0.13,33.21,7.41,42,42,0,68.8,5.0,0,Normal
2026-03-01 09:16:07,0.12,24.17,3.57,60,60,0,101.32,4.81,0,Normal
2026-03-01 09:16:08,0.22,31.6,3.03,54,54,0,91.84,2.8,0,Normal
2026-03-01 09:16:09,0.2,37.86,8.49,52,52,0,87.9,5.75,0,Normal
2026-03-01 09:16:10,1.15,23.41,2.02,53,52,1,88.17,1.83,0,Normal
2026-03-01 09:16:11,0.06,29.45,6.63,52,52,0,84.77,7.95,0,Normal
2026-03-01 09:16:12,0.41,61.67,4.79,55,55,0,95.78,4.5,0,Normal
2026-03-01 09:16:13,0.04,61.08,5.49,60,60,0,105.03,5.46,0,Normal
2026-03-01 09:16:14,0.11,32.62,3.07,51,51,0,87.82,3.86,0,Normal
2026-03-01 09:16:15,0.45,29.0,3.4,46,46,0,77.45,3.72,0,Normal
2026-03-01 09:16:16,0.57,56.22,2.84,52,52,0,86.75,3.23,0,Normal
2026-03-01 09:16:17,0.22,59.02,5.2,42,42,0,69.98,3.76,0,Normal
2026-03-01 09:16:18,0.55,57.0,3.96,47,47,0,80.14,3.18,0,Normal
2026-03-01 09:16:19,0.96,25.14,2.58,53,52,1,88.96,2.4,0,Normal
2026-03-01 09:16:20,0.96,20.62,2.64,54,53,1,88.07,1.81,0,Normal
2026-03-01 09:16:21,0.15,24.95,3.3,54,54,0,90.69,2.72,0,Normal
2026-03-01 09:16:22,0.13,29.62,2.86,46,46,0,79.17,3.62,0,Normal
2026-03-01 09:16:23,0.45,30.61,6.35,49,49,0,82.17,3.92,0,Normal
2026-03-01 09:16:24,0.37,20.39,4.78,57,57,0,95.93,3.06,0,Normal
2026-03-01 09:16:25,0.17,22.37,4.77,60,60,0,102.86,5.49,0,Normal
2026-03-01 09:16:26,0.09,32.35,3.69,46,46,0,79.1,3.35,0,Normal
2026-03-01 09:16:27,0.34,31.05,2.29,47,47,0,80.17,2.79,0,Normal
2026-03-01 09:16:28,0.2,33.32,4.54,54,54,0,89.12,6.11,0,Normal
2026-03-01 09:16:29,0.05,41.97,1.29,47,47,0,77.37,1.05,0,Normal
2026-03-01 09:16:30,0.36,48.78,3.59,48,48,0,79.54,2.26,0,Normal
2026-03-01 09:16:31,0.42,25.51,2.3,60,60,0,100.02,2.22,0,Normal
2026-03-01 09:16:32,0.16,56.01,2.23,42,42,0,70.88,3.05,0,Normal
2026-03-01 09:16:33,0.62,37.96,2.7,53,53,0,88.9,2.79,0,Normal
2026-03-01 09:16:34,0.03,44.59,3.2,47,47,0,78.72,2.88,0,Normal
2026-03-01 09:16:35,0.24,47.5,3.29,48,48,0,80.25,3.42,0,Normal
2026-03-01 09:16:36,1.1,31.21,4.74,54,53,1,87.72,3.47,0,Normal
2026-03-01 09:16:37,0.07,32.35,3.07,47,47,0,78.27,3.69,0,Normal
2026-03-01 09:16:38,0.07,28.14,3.17,54,54,0,94.37,3.63,0,Normal
2026-03-01 09:16:39,0.17,34.98,1.77,50,50,0,85.05,2.09,0,Normal
2026-03-01 09:16:40,0.11,34.05,1.88,48,48,0,80.67,1.58,0,Normal
2026-03-01 09:16:41,0.09,30.13,3.78,42,42,0,68.31,4.73,0,Normal
2026-03-01 09:16:42,1.05,26.09,4.41,56,55,1,90.91,5.8,0,Normal
2026-03-01 09:16:43,0.15,59.02,2.95,45,45,0,75.54,4.03,0,Normal
2026-03-01 09:16:44,0.02,32.39,5.05,46,46,0,79.32,5.61,0,Normal
2026-03-01 09:16:45,0.81,29.28,1.76,52,52,0,87.7,1.55,0,Normal
2026-03-01 09:16:46,0.21,23.57,3.97,60,60,0,101.12,3.61,0,Normal
2026-03-01 09:16:47,0.47,42.89,2.26,48,48,0,82.31,2.38,0,Normal
2026-03-01 09:16:48,0.16,60.94,2.18,51,51,0,84.22,2.32,0,Normal
2026-03-01 09:16:49,0.96,56.18,2.35,51,51,0,87.79,2.9,0,Normal
2026-03-01 09:16:50,0.12,29.8,3.2,49,49,0,81.74,2.14,0,Normal
2026-03-01 09:16:51,0.38,33.06,4.05,45,45,0,77.34,4.26,0,Normal
2026-03-01 09:16:52,0.61,31.3,3.91,42,42,0,73.07,3.44,0,Normal
2026-03-01 09:16:53,0.1,25.66,2.91,51,51,0,84.32,3.69,0,Normal
2026-03-01 09:16:54,0.57,20.5,4.41,52,52,0,87.36,3.89,0,Normal
2026-03-01 09:16:55,0.55,56.69,7.09,49,49,0,83.5,6.91,0,Normal
2026-03-01 09:16:56,1.17,35.2,3.15,50,49,1,81.89,2.46,0,Normal
2026-03-01 09:16:57,23.29,53.4,3.46,53,41,12,68.88,2.9,1,High Packet Loss
2026-03-01 09:16:58,13.99,31.04,2.52,52,45,7,75.6,2.63,1,High Packet Loss
2026-03-01 09:16:59,12.34,59.73,2.78,48,42,6,70.56,2.62,1,High Packet Loss
2026-03-01 09:17:00,8.27,30.03,5.82,49,45,4,75.6,4.43,1,High Packet Loss
2026-03-01 09:17:01,9.0,65.46,5.85,60,55,5,92.4,5.73,1,High Packet Loss
2026-03-01 09:17:02,19.35,34.25,3.03,51,41,10,68.88,2.22,1,High Packet Loss
2026-03-01 09:17:03,9.63,55.37,4.14,42,38,4,63.84,5.4,1,High Packet Loss
2026-03-01 09:17:04,9.22,20.21,5.02,42,38,4,63.84,6.73,1,High Packet Loss
2026-03-01 09:17:05,11.8,32.87,2.72,45,40,5,67.2,2.12,1,High Packet Loss
2026-03-01 09:17:06,22.44,25.56,1.84,60,47,13,78.96,1.18,1,High Packet Loss
2026-03-01 09:17:07,16.61,26.1,4.53,50,42,8,70.56,6.07,1,High Packet Loss
2026-03-01 09:17:08,19.95,24.24,4.97,52,42,10,70.56,4.22,1,High Packet Loss
2026-03-01 09:17:09,18.94,66.82,4.65,45,36,9,60.48,3.49,1,High Packet Loss
2026-03-01 09:17:10,23.1,36.42,2.81,56,43,13,72.24,3.75,1,High Packet Loss
2026-03-01 09:17:11,18.43,65.9,6.59,50,41,9,68.88,8.61,1,High Packet Loss
2026-03-01 09:17:12,8.25,38.77,3.77,52,48,4,80.64,2.42,1,High Packet Loss
2026-03-01 09:17:13,9.64,34.54,1.98,58,52,6,87.36,1.52,1,High Packet Loss
2026-03-01 09:17:14,18.65,30.8,1.62,51,41,10,68.88,2.02,1,High Packet Loss
2026-03-01 09:17:15,9.87,76.62,2.9,43,39,4,65.52,2.36,1,High Packet Loss
2026-03-01 09:17:16,20.88,26.87,3.67,59,47,12,78.96,4.17,1,High Packet Loss
2026-03-01 09:17:17,0.04,40.94,2.92,49,49,0,81.87,1.84,0,Normal
2026-03-01 09:17:18,0.07,25.39,8.14,54,54,0,93.04,10.37,0,Normal
2026-03-01 09:17:19,0.76,37.08,3.98,54,54,0,91.16,3.73,0,Normal
2026-03-01 09:17:20,0.45,28.33,2.14,46,46,0,78.42,2.09,0,Normal
2026-03-01 09:17:21,0.73,12.0,1.2,57,57,0,95.21,1.49,0,Normal
2026-03-01 09:17:22,0.51,31.84,3.69,54,54,0,87.92,3.56,0,Normal
2026-03-01 09:17:23,0.05,35.6,5.18,45,45,0,76.32,3.54,0,Normal
2026-03-01 09:17:24,0.87,47.59,7.68,55,55,0,90.62,7.71,0,Normal
2026-03-01 09:17:25,0.52,35.4,3.03,55,55,0,91.48,2.93,0,Normal
2026-03-01 09:17:26,0.3,51.11,7.21,56,56,0,94.19,6.92,0,Normal
2026-03-01 09:17:27,0.27,19.69,1.8,53,53,0,88.08,1.36,0,Normal
2026-03-01 09:17:28,0.3,29.23,2.84,58,58,0,97.39,2.08,0,Normal
2026-03-01 09:17:29,0.17,30.86,2.1,42,42,0,70.86,2.57,0,Normal
2026-03-01 09:17:30,0.57,36.14,4.74,42,42,0,68.35,5.19,0,Normal
2026-03-01 09:17:31,0.84,31.83,1.85,48,48,0,81.05,1.12,0,Normal
2026-03-01 09:17:32,0.1,20.84,3.98,47,47,0,78.03,5.05,0,Normal
2026-03-01 09:17:33,0.01,29.28,1.9,50,50,0,82.4,1.32,0,Normal
2026-03-01 09:17:34,0.08,31.6,7.32,42,42,0,67.56,8.72,0,Normal
2026-03-01 09:17:35,0.5,16.75,2.81,57,57,0,93.43,1.9,0,Normal
2026-03-01 09:17:36,0.71,27.74,3.94,42,42,0,70.6,5.42,0,Normal
2026-03-01 09:17:37,0.15,49.73,1.48,48,48,0,80.7,1.96,0,Normal
2026-03-01 09:17:38,0.06,49.43,1.69,44,44,0,74.7,1.26,0,Normal
2026-03-01 09:17:39,0.68,30.99,2.34,48,48,0,83.21,1.42,0,Normal
2026-03-01 09:17:40,0.08,49.39,4.87,46,46,0,79.31,3.15,0,Normal
2026-03-01 09:17:41,0.1,65.4,4.47,44,44,0,75.41,5.57,0,Normal
2026-03-01 09:17:42,0.03,31.36,5.41,47,47,0,80.74,3.58,0,Normal
2026-03-01 09:17:43,0.84,34.5,1.68,50,50,0,84.27,2.06,0,Normal
2026-03-01 09:17:44,0.14,53.92,4.17,52,52,0,87.6,5.24,0,Normal
2026-03-01 09:17:45,0.07,18.97,2.58,42,42,0,72.87,2.18,0,Normal
2026-03-01 09:17:46,1.07,29.67,2.31,44,44,0,74.24,2.74,0,Normal
2026-03-01 09:17:47,0.14,26.28,2.61,57,57,0,96.12,3.28,0,Normal
2026-03-01 09:17:48,0.48,45.64,3.15,51,51,0,87.43,3.86,0,Normal
2026-03-01 09:17:49,0.09,59.36,4.47,42,42,0,70.15,3.37,0,Normal
2026-03-01 09:17:50,0.45,28.35,5.5,45,45,0,75.4,5.28,0,Normal
2026-03-01 09:17:51,0.09,50.37,4.2,45,45,0,73.56,2.75,0,Normal
2026-03-01 09:17:52,0.36,20.69,4.41,53,53,0,88.35,4.5,0,Normal
2026-03-01 09:17:53,0.2,31.38,7.54,55,55,0,91.91,7.19,0,Normal
2026-03-01 09:17:54,0.56,27.53,4.54,42,42,0,70.15,6.01,0,Normal
2026-03-01 09:17:55,0.46,54.55,3.02,54,54,0,91.94,1.85,0,Normal
2026-03-01 09:17:56,0.96,28.57,4.31,58,57,1,94.25,4.42,0,Normal
2026-03-01 09:17:57,0.17,29.33,7.16,44,44,0,76.15,8.49,0,Normal
2026-03-01 09:17:58,0.49,17.56,2.24,46,46,0,74.19,2.18,0,Normal
2026-03-01 09:17:59,1.21,33.02,2.73,47,46,1,78.18,2.16,0,Normal
2026-03-01 09:18:00,0.14,22.92,6.38,58,58,0,98.66,6.94,0,Normal
2026-03-01 09:18:01,0.12,27.17,2.91,49,49,0,83.36,4.05,0,Normal
2026-03-01 09:18:02,0.51,54.94,4.68,42,42,0,72.2,2.96,0,Normal
2026-03-01 09:18:03,0.21,38.68,5.93,50,50,0,83.68,4.49,0,Normal
2026-03-01 09:18:04,0.18,17.8,1.89,53,53,0,90.92,1.87,0,Normal
2026-03-01 09:18:05,0.28,28.18,2.76,55,55,0,91.36,2.98,0,Normal
2026-03-01 09:18:06,0.96,29.64,5.71,60,59,1,98.21,6.28,0,Normal
2026-03-01 09:18:07,0.03,18.95,3.14,46,46,0,80.38,2.03,0,Normal
2026-03-01 09:18:08,0.22,61.39,1.34,56,56,0,94.35,0.93,0,Normal
2026-03-01 09:18:09,0.04,28.7,2.64,42,42,0,71.99,3.58,0,Normal
2026-03-01 09:18:10,0.75,67.95,4.75,60,60,0,101.54,3.13,0,Normal
2026-03-01 09:18:11,0.05,49.67,5.9,49,49,0,83.4,5.52,0,Normal
2026-03-01 09:18:12,0.03,30.48,3.4,43,43,0,69.23,3.61,0,Normal
2026-03-01 09:18:13,1.16,33.03,4.13,47,46,1,77.84,3.51,0,Normal
2026-03-01 09:18:14,0.29,28.76,2.81,56,56,0,94.1,2.26,0,Normal
2026-03-01 09:18:15,0.61,24.92,4.98,57,57,0,97.22,4.15,0,Normal
2026-03-01 09:18:16,0.22,25.38,6.3,43,43,0,71.05,5.21,0,Normal
2026-03-01 09:18:17,0.2,29.32,4.69,49,49,0,84.11,4.24,0,Normal
2026-03-01 09:18:18,0.85,28.29,3.15,44,44,0,72.11,2.18,0,Normal
2026-03-01 09:18:19,1.61,47.2,4.04,52,51,1,85.0,5.18,0,Normal
2026-03-01 09:18:20,0.34,25.12,5.1,42,42,0,68.19,6.15,0,Normal
2026-03-01 09:18:21,0.88,20.69,3.36,55,55,0,90.78,2.11,0,Normal
2026-03-01 09:18:22,0.7,30.16,4.76,53,53,0,89.05,5.75,0,Normal
2026-03-01 09:18:23,0.27,25.13,3.92,55,55,0,94.45,4.95,0,Normal
2026-03-01 09:18:24,0.99,32.7,6.29,60,59,1,99.17,8.41,0,Normal
2026-03-01 09:18:25,0.08,53.07,4.55,47,47,0,77.03,4.96,0,Normal
2026-03-01 09:18:26,0.76,43.05,2.65,42,42,0,67.39,3.4,0,Normal
2026-03-01 09:18:27,0.13,21.91,6.25,45,45,0,76.61,7.54,0,Normal
2026-03-01 09:18:28,0.01,28.86,4.08,46,46,0,76.29,2.53,0,Normal
2026-03-01 09:18:29,0.54,23.8,3.12,42,42,0,69.77,3.89,0,Normal
2026-03-01 09:18:30,0.93,20.68,1.81,50,50,0,85.61,1.92,0,Normal
2026-03-01 09:18:31,0.09,51.56,3.68,51,51,0,85.48,4.13,0,Normal
2026-03-01 09:18:32,0.27,63.35,7.58,54,54,0,90.27,9.92,0,Normal
2026-03-01 09:18:33,0.48,35.47,0.97,56,56,0,94.32,0.59,0,Normal
2026-03-01 09:18:34,0.14,24.57,0.99,42,42,0,72.78,0.68,0,Normal
2026-03-01 09:18:35,0.06,20.37,4.69,56,56,0,94.46,4.97,0,Normal
2026-03-01 09:18:36,0.17,28.79,3.69,42,42,0,67.32,3.43,0,Normal
2026-03-01 09:18:37,0.21,28.18,4.49,56,56,0,92.85,4.2,0,Normal
2026-03-01 09:18:38,0.47,25.05,2.62,47,47,0,78.53,2.23,0,Normal
2026-03-01 09:18:39,0.08,27.03,1.27,58,58,0,98.74,1.59,0,Normal
2026-03-01 09:18:40,0.59,33.86,2.28,60,60,0,98.94,1.56,0,Normal
2026-03-01 09:18:41,0.24,32.02,6.7,56,56,0,94.3,6.88,0,Normal
2026-03-01 09:18:42,0.82,31.51,2.71,48,48,0,80.52,2.62,0,Normal
2026-03-01 09:18:43,0.29,20.9,2.72,42,42,0,72.08,2.83,0,Normal
2026-03-01 09:18:44,0.21,45.32,1.02,44,44,0,72.42,0.65,0,Normal
2026-03-01 09:18:45,0.12,34.31,1.47,55,55,0,92.65,1.68,0,Normal
2026-03-01 09:18:46,0.04,56.97,5.47,60,60,0,103.1,3.34,0,Normal
2026-03-01 09:18:47,0.16,21.01,2.95,47,47,0,80.31,3.02,0,Normal
2026-03-01 09:18:48,0.19,44.5,5.19,43,43,0,73.14,4.21,0,Normal
2026-03-01 09:18:49,0.29,24.99,2.37,52,52,0,86.89,2.01,0,Normal
2026-03-01 09:18:50,0.69,26.83,1.72,52,52,0,87.59,2.04,0,Normal
2026-03-01 09:18:51,0.22,17.92,2.95,57,57,0,95.59,4.1,0,Normal
2026-03-01 09:18:52,0.13,20.55,2.57,48,48,0,81.92,2.51,0,Normal
2026-03-01 09:18:53,0.72,30.63,2.28,45,45,0,76.39,2.59,0,Normal
2026-03-01 09:18:54,0.46,51.48,2.31,60,60,0,99.86,1.84,0,Normal
2026-03-01 09:18:55,0.13,32.11,3.12,49,49,0,84.94,3.26,0,Normal
2026-03-01 09:18:56,0.06,31.9,2.66,54,54,0,92.53,1.81,0,Normal
2026-03-01 09:18:57,0.12,27.61,2.18,42,42,0,69.26,2.79,0,Normal
2026-03-01 09:18:58,0.05,25.56,7.48,53,53,0,88.52,7.21,0,Normal
2026-03-01 09:18:59,0.82,45.21,4.08,51,51,0,85.44,3.63,0,Normal
2026-03-01 09:19:00,0.33,66.69,3.57,50,50,0,85.22,3.6,0,Normal
2026-03-01 09:19:01,0.7,28.03,3.22,42,42,0,69.35,4.29,0,Normal
2026-03-01 09:19:02,0.6,35.26,4.48,57,57,0,94.76,5.47,0,Normal
2026-03-01 09:19:03,0.06,26.71,4.22,51,51,0,87.0,3.05,0,Normal
2026-03-01 09:19:04,0.2,59.79,2.08,42,42,0,71.4,2.53,0,Normal
2026-03-01 09:19:05,1.25,27.94,1.67,49,48,1,77.72,1.52,0,Normal
2026-03-01 09:19:06,0.09,55.43,1.19,59,59,0,100.11,1.09,0,Normal
2026-03-01 09:19:07,0.02,27.51,7.44,60,60,0,98.59,8.97,0,Normal
2026-03-01 09:19:08,0.15,58.69,2.72,51,51,0,84.73,2.63,0,Normal
2026-03-01 09:19:09,0.25,32.83,4.33,49,49,0,81.77,2.85,0,Normal
2026-03-01 09:19:10,0.02,19.41,3.64,42,42,0,69.86,2.9,0,Normal
2026-03-01 09:19:11,0.19,37.21,5.01,56,56,0,93.11,6.59,0,Normal
2026-03-01 09:19:12,0.1,63.35,3.23,49,49,0,80.76,3.46,0,Normal
2026-03-01 09:19:13,0.08,64.53,1.83,44,44,0,74.69,2.36,0,Normal
2026-03-01 09:19:14,0.11,52.03,2.08,53,53,0,86.62,1.76,0,Normal
2026-03-01 09:19:15,0.04,49.18,2.84,51,51,0,84.88,3.26,0,Normal
2026-03-01 09:19:16,0.03,27.64,1.63,50,50,0,85.19,2.0,0,Normal
2026-03-01 09:19:17,0.32,67.53,2.26,60,60,0,101.4,1.69,0,Normal
2026-03-01 09:19:18,1.03,44.32,1.94,53,52,1,85.28,1.2,0,Normal
2026-03-01 09:19:19,0.57,27.2,2.86,46,46,0,74.39,3.17,0,Normal
2026-03-01 09:19:20,0.63,35.85,2.66,55,55,0,90.77,2.82,0,Normal
2026-03-01 09:19:21,0.46,31.39,3.5,48,48,0,77.37,2.21,0,Normal
2026-03-01 09:19:22,1.09,204.97,4.88,50,49,1,82.46,45.19,1,High Latency
2026-03-01 09:19:23,1.05,242.93,2.98,42,42,0,69.87,43.79,1,High Latency
2026-03-01 09:19:24,0.53,258.71,1.69,48,48,0,80.07,41.96,1,High Latency
2026-03-01 09:19:25,0.44,303.64,1.32,56,56,0,94.85,41.56,1,High Latency
2026-03-01 09:19:26,0.13,211.72,3.57,48,48,0,81.95,45.09,1,High Latency
2026-03-01 09:19:27,0.03,289.34,2.46,52,52,0,87.72,43.96,1,High Latency
2026-03-01 09:19:28,0.03,350.46,3.09,56,56,0,93.75,43.62,1,High Latency
2026-03-01 09:19:29,0.47,272.91,3.85,51,51,0,84.63,43.38,1,High Latency
2026-03-01 09:19:30,0.01,159.32,6.36,53,53,0,88.51,46.62,1,High Latency
2026-03-01 09:19:31,0.59,342.04,1.51,42,42,0,70.87,41.91,1,High Latency
2026-03-01 09:19:32,0.16,262.06,2.11,44,44,0,75.31,42.75,1,High Latency
2026-03-01 09:19:33,0.07,380.39,3.2,42,42,0,68.48,42.6,1,High Latency
2026-03-01 09:19:34,0.18,20.29,1.99,59,59,0,97.43,2.57,0,Normal
2026-03-01 09:19:35,0.43,33.79,1.7,60,60,0,100.79,1.1,0,Normal
2026-03-01 09:19:36,0.11,26.21,5.99,49,49,0,79.15,5.65,0,Normal
2026-03-01 09:19:37,0.07,60.34,2.07,50,50,0,84.43,2.34,0,Normal
2026-03-01 09:19:38,0.47,41.24,1.84,45,45,0,77.18,2.06,0,Normal
2026-03-01 09:19:39,0.74,21.68,1.98,60,60,0,104.34,1.66,0,Normal
2026-03-01 09:19:40,0.31,54.97,5.41,56,56,0,94.2,5.41,0,Normal
2026-03-01 09:19:41,0.26,23.38,2.43,50,50,0,85.29,2.42,0,Normal
2026-03-01 09:19:42,0.49,28.81,1.78,52,52,0,87.39,1.25,0,Normal
2026-03-01 09:19:43,0.46,22.59,2.27,46,46,0,79.71,2.04,0,Normal
2026-03-01 09:19:44,0.0,20.56,3.25,43,43,0,71.61,2.26,0,Normal
2026-03-01 09:19:45,0.12,31.13,4.96,50,50,0,84.49,3.2,0,Normal
2026-03-01 09:19:46,0.94,30.43,4.78,46,46,0,78.19,3.08,0,Normal
2026-03-01 09:19:47,1.13,43.74,2.34,56,55,1,92.98,2.22,0,Normal
2026-03-01 09:19:48,0.25,27.79,2.61,51,51,0,84.52,3.09,0,Normal
2026-03-01 09:19:49,0.29,41.32,8.55,48,48,0,78.58,11.87,0,Normal
2026-03-01 09:19:50,0.0,29.61,5.2,42,42,0,72.09,5.49,0,Normal
2026-03-01 09:19:51,0.39,31.4,2.96,50,50,0,84.38,2.49,0,Normal
2026-03-01 09:19:52,0.08,19.85,1.18,46,46,0,77.39,0.91,0,Normal
2026-03-01 09:19:53,0.05,58.1,2.7,44,44,0,75.26,3.12,0,Normal
2026-03-01 09:19:54,0.13,55.03,1.83,44,44,0,75.19,1.17,0,Normal
2026-03-01 09:19:55,0.38,63.84,2.25,55,55,0,92.94,1.82,0,Normal
2026-03-01 09:19:56,0.2,29.13,2.15,48,48,0,81.59,2.47,0,Normal
2026-03-01 09:19:57,0.15,55.5,2.99,46,46,0,76.49,2.86,0,Normal
2026-03-01 09:19:58,0.45,50.38,3.43,57,57,0,96.56,3.43,0,Normal
2026-03-01 09:19:59,0.59,28.71,2.39,47,47,0,76.61,3.3,0,Normal
2026-03-01 09:20:00,0.71,20.92,1.87,56,56,0,94.11,1.73,0,Normal
2026-03-01 09:20:01,0.21,31.86,3.06,52,52,0,88.48,3.3,0,Normal
2026-03-01 09:20:02,0.44,17.8,2.65,42,42,0,69.48,3.71,0,Normal
2026-03-01 09:20:03,0.76,64.2,1.41,54,54,0,90.93,1.62,0,Normal
2026-03-01 09:20:04,0.84,38.59,4.36,56,56,0,94.53,4.41,0,Normal
2026-03-01 09:20:05,0.24,32.08,2.39,60,60,0,99.46,2.05,0,Normal
2026-03-01 09:20:06,0.15,32.05,2.94,45,45,0,77.29,4.06,0,Normal
2026-03-01 09:20:07,0.81,22.62,3.01,46,46,0,77.76,2.51,0,Normal
2026-03-01 09:20:08,0.11,38.61,3.3,56,56,0,91.57,2.28,0,Normal
2026-03-01 09:20:09,0.56,58.35,3.55,50,50,0,84.14,4.75,0,Normal
2026-03-01 09:20:10,0.84,22.94,1.85,47,47,0,81.14,1.58,0,Normal
2026-03-01 09:20:11,0.47,46.76,3.82,58,58,0,97.43,4.09,0,Normal
2026-03-01 09:20:12,0.4,35.53,2.84,55,55,0,91.42,3.18,0,Normal
2026-03-01 09:20:13,0.02,38.78,5.41,60,60,0,99.98,4.37,0,Normal
2026-03-01 09:20:14,0.08,20.41,4.79,45,45,0,75.36,4.5,0,Normal
2026-03-01 09:20:15,0.38,53.8,6.02,43,43,0,70.42,4.36,0,Normal
2026-03-01 09:20:16,0.54,27.14,2.18,59,59,0,101.22,2.85,0,Normal
2026-03-01 09:20:17,0.02,14.97,5.92,55,55,0,93.79,6.32,0,Normal
2026-03-01 09:20:18,0.01,28.11,3.46,60,60,0,102.42,4.55,0,Normal
2026-03-01 09:20:19,0.13,55.69,4.53,47,47,0,76.7,3.65,0,Normal
2026-03-01 09:20:20,0.36,19.37,4.5,56,56,0,94.27,4.98,0,Normal
2026-03-01 09:20:21,0.25,28.76,4.08,48,48,0,82.26,3.16,0,Normal
2026-03-01 09:20:22,0.0,24.51,2.03,58,58,0,96.02,1.69,0,Normal
2026-03-01 09:20:23,0.06,37.84,5.1,49,49,0,82.21,4.54,0,Normal
2026-03-01 09:20:24,0.49,61.44,3.89,54,54,0,89.07,4.04,0,Normal
2026-03-01 09:20:25,0.12,60.49,1.71,42,42,0,71.81,1.79,0,Normal
2026-03-01 09:20:26,0.04,24.42,2.67,42,42,0,70.24,2.03,0,Normal
2026-03-01 09:20:27,0.02,65.2,1.92,51,51,0,85.54,1.22,0,Normal
2026-03-01 09:20:28,0.67,50.68,1.75,42,42,0,68.87,2.13,0,Normal
2026-03-01 09:20:29,0.22,27.17,4.87,42,42,0,72.88,4.98,0,Normal
2026-03-01 09:20:30,0.25,49.67,1.71,45,45,0,75.68,1.45,0,Normal
2026-03-01 09:20:31,0.02,29.94,1.83,54,54,0,91.91,1.18,0,Normal
2026-03-01 09:20:32,0.23,25.36,8.09,44,44,0,74.5,5.53,0,Normal
2026-03-01 09:20:33,0.36,23.86,2.71,51,51,0,84.32,2.55,0,Normal
2026-03-01 09:20:34,0.05,36.84,4.46,60,60,0,98.34,4.41,0,Normal
2026-03-01 09:20:35,0.81,31.29,5.51,54,54,0,90.43,4.97,0,Normal
2026-03-01 09:20:36,0.54,58.57,4.7,51,51,0,87.34,4.95,0,Normal
2026-03-01 09:20:37,0.57,57.45,3.55,46,46,0,74.33,4.44,0,Normal
2026-03-01 09:20:38,0.27,62.91,3.26,52,52,0,90.28,3.73,0,Normal
2026-03-01 09:20:39,0.14,26.51,4.23,55,55,0,93.65,5.47,0,Normal
2026-03-01 09:20:40,0.36,60.98,3.0,42,42,0,70.85,3.28,0,Normal
2026-03-01 09:20:41,0.09,31.85,4.54,45,45,0,75.43,3.1,0,Normal
2026-03-01 09:20:42,0.05,27.82,2.95,54,54,0,92.01,2.13,0,Normal
2026-03-01 09:20:43,0.27,23.24,3.11,42,42,0,68.73,2.84,0,Normal
2026-03-01 09:20:44,0.23,32.56,7.74,60,60,0,101.46,6.4,0,Normal
2026-03-01 09:20:45,0.06,28.2,2.67,54,54,0,91.18,3.0,0,Normal
2026-03-01 09:20:46,0.26,19.35,3.35,43,43,0,74.93,3.69,0,Normal
2026-03-01 09:20:47,0.28,44.53,4.03,55,55,0,91.85,3.91,0,Normal
2026-03-01 09:20:48,0.72,65.11,4.15,45,45,0,75.67,4.62,0,Normal
2026-03-01 09:20:49,0.5,44.05,3.79,49,49,0,82.22,5.03,0,Normal
2026-03-01 09:20:50,0.09,30.59,1.89,42,42,0,69.78,1.88,0,Normal
2026-03-01 09:20:51,0.6,51.3,3.57,42,42,0,72.78,3.13,0,Normal
2026-03-01 09:20:52,1.22,62.53,3.7,55,54,1,89.26,3.63,0,Normal
2026-03-01 09:20:53,0.44,25.73,5.55,48,48,0,78.36,3.97,0,Normal
2026-03-01 09:20:54,0.54,46.54,4.63,48,48,0,81.01,3.14,0,Normal
2026-03-01 09:20:55,0.11,33.7,5.71,43,43,0,71.15,5.3,0,Normal
2026-03-01 09:20:56,1.69,36.08,2.11,45,44,1,74.3,2.83,0,Normal
2026-03-01 09:20:57,0.07,28.14,2.12,52,52,0,88.31,2.74,0,Normal
2026-03-01 09:20:58,0.49,32.93,3.85,46,46,0,77.5,4.4,0,Normal
2026-03-01 09:20:59,0.18,64.49,5.53,52,52,0,87.4,6.5,0,Normal
2026-03-01 09:21:00,0.15,36.82,3.03,53,53,0,85.95,3.91,0,Normal
2026-03-01 09:21:01,0.12,27.56,2.38,44,44,0,74.76,3.17,0,Normal
2026-03-01 09:21:02,0.2,45.5,1.62,54,54,0,91.01,1.82,0,Normal
2026-03-01 09:21:03,0.55,50.62,3.91,46,46,0,80.09,3.55,0,Normal
2026-03-01 09:21:04,0.99,38.01,3.16,52,51,1,87.39,2.27,0,Normal
2026-03-01 09:21:05,0.19,30.87,2.73,60,60,0,98.58,1.65,0,Normal
2026-03-01 09:21:06,0.37,31.27,4.99,43,43,0,73.83,5.58,0,Normal
2026-03-01 09:21:07,0.54,36.94,3.19,54,54,0,88.77,2.93,0,Normal
2026-03-01 09:21:08,0.04,18.09,3.32,48,48,0,81.89,2.2,0,Normal
2026-03-01 09:21:09,1.13,25.85,4.98,52,51,1,87.86,4.1,0,Normal
2026-03-01 09:21:10,0.08,55.88,8.9,49,49,0,85.12,8.68,0,Normal
2026-03-01 09:21:11,0.86,52.43,2.72,48,48,0,80.05,3.33,0,Normal
2026-03-01 09:21:12,1.51,23.84,2.24,43,42,1,71.62,1.91,0,Normal
2026-03-01 09:21:13,0.04,20.79,2.13,42,42,0,72.07,2.39,0,Normal
2026-03-01 09:21:14,0.78,20.74,4.11,60,60,0,101.51,2.61,0,Normal
2026-03-01 09:21:15,0.36,150.0,2.03,45,45,0,73.09,46.95,1,High Latency
2026-03-01 09:21:16,0.6,296.11,2.81,55,55,0,92.63,48.03,1,High Latency
2026-03-01 09:21:17,0.04,248.79,2.92,52,52,0,88.21,47.16,1,High Latency
2026-03-01 09:21:18,0.63,220.94,6.69,53,53,0,89.04,51.7,1,High Latency
2026-03-01 09:21:19,0.34,254.31,5.68,55,55,0,91.11,51.05,1,High Latency
2026-03-01 09:21:20,0.25,365.38,1.66,43,43,0,71.94,46.46,1,High Latency
2026-03-01 09:21:21,0.29,242.33,6.77,55,55,0,93.75,51.19,1,High Latency
2026-03-01 09:21:22,0.48,279.72,1.92,44,44,0,74.51,46.48,1,High Latency
2026-03-01 09:21:23,0.12,297.82,3.57,45,45,0,76.3,46.86,1,High Latency
2026-03-01 09:21:24,1.01,187.15,2.28,42,42,0,70.19,45.82,1,High Latency
2026-03-01 09:21:25,0.13,293.88,2.79,55,55,0,93.04,47.43,1,High Latency
2026-03-01 09:21:26,0.73,315.18,2.14,54,54,0,87.56,47.03,1,High Latency
2026-03-01 09:21:27,0.0,320.0,7.06,60,60,0,100.73,51.61,1,High Latency
2026-03-01 09:21:28,0.87,251.23,3.12,43,43,0,71.67,47.37,1,High Latency
2026-03-01 09:21:29,0.67,316.21,3.67,55,55,0,92.44,48.05,1,High Latency
2026-03-01 09:21:30,0.05,289.46,2.05,50,50,0,82.24,46.84,1,High Latency
2026-03-01 09:21:31,0.47,264.07,1.76,47,47,0,79.52,46.35,1,High Latency
2026-03-01 09:21:32,0.16,314.95,2.72,52,52,0,90.24,47.54,1,High Latency
2026-03-01 09:21:33,0.23,364.66,4.2,45,45,0,75.72,47.05,1,High Latency
2026-03-01 09:21:34,0.02,315.4,3.14,60,60,0,100.87,47.97,1,High Latency
2026-03-01 09:21:35,0.08,56.62,5.15,56,56,0,97.84,6.25,0,Normal
2026-03-01 09:21:36,1.08,31.16,3.51,53,52,1,85.94,2.48,0,Normal
2026-03-01 09:21:37,0.19,53.74,3.33,54,54,0,91.46,3.25,0,Normal
2026-03-01 09:21:38,0.01,32.76,4.22,49,49,0,84.69,2.87,0,Normal
2026-03-01 09:21:39,0.25,52.42,3.47,60,60,0,100.21,3.19,0,Normal
2026-03-01 09:21:40,1.83,55.17,5.08,58,57,1,97.04,5.65,0,Normal
2026-03-01 09:21:41,0.14,23.54,4.26,49,49,0,82.57,3.3,0,Normal
2026-03-01 09:21:42,0.05,54.48,5.0,46,46,0,75.67,3.53,0,Normal
2026-03-01 09:21:43,0.36,21.52,4.58,42,42,0,70.31,5.09,0,Normal
2026-03-01 09:21:44,0.88,27.76,6.12,60,59,1,99.07,7.72,0,Normal
2026-03-01 09:21:45,0.69,28.53,4.82,56,56,0,93.13,3.49,0,Normal
2026-03-01 09:21:46,0.37,61.08,7.29,53,53,0,86.63,9.65,0,Normal
2026-03-01 09:21:47,0.07,26.62,2.6,42,42,0,69.94,3.1,0,Normal
2026-03-01 09:21:48,0.54,20.94,4.83,42,42,0,68.32,5.52,0,Normal
2026-03-01 09:21:49,0.61,30.99,1.78,53,53,0,89.85,1.24,0,Normal
2026-03-01 09:21:50,0.66,31.82,5.08,57,57,0,96.58,6.83,0,Normal
2026-03-01 09:21:51,0.18,25.44,3.41,42,42,0,68.65,3.33,0,Normal
2026-03-01 09:21:52,0.18,50.36,5.06,46,46,0,77.4,5.21,0,Normal
2026-03-01 09:21:53,0.06,47.57,7.07,50,50,0,81.98,7.14,0,Normal
2026-03-01 09:21:54,0.52,26.62,4.76,47,47,0,78.42,4.88,0,Normal
2026-03-01 09:21:55,0.47,37.21,2.76,46,46,0,76.28,3.47,0,Normal
2026-03-01 09:21:56,0.04,23.65,2.03,60,60,0,101.52,1.38,0,Normal
2026-03-01 09:21:57,0.01,36.83,4.23,47,47,0,76.53,4.17,0,Normal
2026-03-01 09:21:58,1.06,26.65,2.92,60,59,1,100.59,3.19,0,Normal
2026-03-01 09:21:59,0.01,22.94,4.48,42,42,0,72.4,3.11,0,Normal
2026-03-01 09:22:00,0.35,25.89,2.64,51,51,0,85.46,2.81,0,Normal
2026-03-01 09:22:01,0.21,21.4,2.19,43,43,0,70.22,2.2,0,Normal
2026-03-01 09:22:02,0.53,71.08,2.98,54,54,0,87.58,2.32,0,Normal
2026-03-01 09:22:03,0.03,64.19,4.16,59,59,0,100.76,3.35,0,Normal
2026-03-01 09:22:04,0.4,36.34,3.51,49,49,0,85.3,2.35,0,Normal
2026-03-01 09:22:05,0.33,22.38,2.3,42,42,0,70.63,2.68,0,Normal
2026-03-01 09:22:06,0.67,33.02,7.47,42,42,0,68.82,5.36,0,Normal
2026-03-01 09:22:07,0.26,62.52,3.12,44,44,0,72.28,3.84,0,Normal
2026-03-01 09:22:08,0.46,29.62,1.2,42,42,0,72.33,1.57,0,Normal
2026-03-01 09:22:09,0.2,63.2,5.05,55,55,0,92.65,4.0,0,Normal
2026-03-01 09:22:10,1.45,30.12,3.3,50,49,1,80.87,2.67,0,Normal
2026-03-01 09:22:11,0.29,28.81,3.07,42,42,0,74.01,2.15,0,Normal
2026-03-01 09:22:12,0.49,19.25,3.05,44,44,0,75.49,3.15,0,Normal
2026-03-01 09:22:13,0.03,22.22,3.06,42,42,0,71.38,4.19,0,Normal
2026-03-01 09:22:14,0.22,24.75,7.04,50,50,0,83.16,5.59,0,Normal
2026-03-01 09:22:15,0.02,23.47,4.09,44,44,0,75.78,2.98,0,Normal
2026-03-01 09:22:16,0.05,57.88,3.73,48,48,0,81.96,4.05,0,Normal
2026-03-01 09:22:17,0.25,28.04,2.95,52,52,0,87.2,3.79,0,Normal
2026-03-01 09:22:18,0.15,23.33,7.23,48,48,0,82.27,9.37,0,Normal
2026-03-01 09:22:19,0.22,25.06,4.85,51,51,0,87.25,4.25,0,Normal
2026-03-01 09:22:20,0.24,24.97,5.18,54,54,0,91.13,6.37,0,Normal
2026-03-01 09:22:21,0.06,26.27,3.76,50,50,0,82.28,4.04,0,Normal
2026-03-01 09:22:22,0.16,21.55,5.21,59,59,0,97.59,6.18,0,Normal
2026-03-01 09:22:23,0.69,23.12,3.96,51,51,0,83.3,4.52,0,Normal
2026-03-01 09:22:24,0.68,32.6,2.81,52,52,0,89.35,1.97,0,Normal
2026-03-01 09:22:25,0.24,29.11,3.92,46,46,0,75.09,3.47,0,Normal
2026-03-01 09:22:26,0.48,27.09,8.53,54,54,0,90.77,10.33,0,Normal
2026-03-01 09:22:27,0.49,51.36,3.64,48,48,0,78.25,4.4,0,Normal
2026-03-01 09:22:28,0.02,27.73,5.88,43,43,0,74.77,4.1,0,Normal
2026-03-01 09:22:29,0.33,56.74,5.68,48,48,0,78.9,5.5,0,Normal
2026-03-01 09:22:30,0.57,31.1,4.28,57,57,0,96.24,5.54,0,Normal
2026-03-01 09:22:31,0.32,30.66,7.0,49,49,0,79.97,8.63,0,Normal
2026-03-01 09:22:32,0.27,18.57,1.25,53,53,0,90.35,1.33,0,Normal
2026-03-01 09:22:33,0.27,27.21,1.45,44,44,0,75.55,1.11,0,Normal
2026-03-01 09:22:34,0.25,18.97,7.22,55,55,0,92.43,6.21,0,Normal
2026-03-01 09:22:35,0.53,31.81,2.48,58,58,0,97.34,2.79,0,Normal
2026-03-01 09:22:36,0.36,32.61,3.49,46,46,0,78.5,4.28,0,Normal
2026-03-01 09:22:37,0.08,24.34,7.3,49,49,0,81.41,7.96,0,Normal
2026-03-01 09:22:38,0.2,75.03,3.63,49,49,0,83.95,3.33,0,Normal
2026-03-01 09:22:39,0.26,66.24,7.1,48,48,0,81.08,7.54,0,Normal
2026-03-01 09:22:40,0.19,33.84,2.79,60,60,0,98.44,1.68,0,Normal
2026-03-01 09:22:41,0.09,32.26,4.38,42,42,0,73.33,5.21,0,Normal
2026-03-01 09:22:42,0.05,34.9,3.41,48,48,0,80.92,4.35,0,Normal
2026-03-01 09:22:43,0.04,36.92,6.49,60,60,0,100.29,4.14,0,Normal
2026-03-01 09:22:44,0.12,62.74,2.95,53,53,0,89.29,2.71,0,Normal
2026-03-01 09:22:45,0.18,33.33,2.15,47,47,0,77.88,2.75,0,Normal
2026-03-01 09:22:46,0.4,36.88,2.69,51,51,0,85.45,2.9,0,Normal
2026-03-01 09:22:47,1.47,19.03,2.74,44,43,1,73.42,2.71,0,Normal
2026-03-01 09:22:48,0.8,59.93,2.48,47,47,0,79.99,1.66,0,Normal
2026-03-01 09:22:49,0.59,25.82,2.44,47,47,0,79.89,2.9,0,Normal
2026-03-01 09:22:50,0.59,33.13,5.5,55,55,0,91.5,6.33,0,Normal
2026-03-01 09:22:51,0.32,13.64,6.26,54,54,0,89.43,6.7,0,Normal
2026-03-01 09:22:52,0.1,38.9,3.96,44,44,0,74.5,2.57,0,Normal
2026-03-01 09:22:53,0.22,27.32,2.48,50,50,0,85.16,2.76,0,Normal
2026-03-01 09:22:54,0.05,55.73,2.55,57,57,0,94.66,1.64,0,Normal
2026-03-01 09:22:55,0.29,27.64,1.31,51,51,0,85.34,1.64,0,Normal
2026-03-01 09:22:56,0.01,59.26,3.94,56,56,0,94.67,5.1,0,Normal
2026-03-01 09:22:57,0.07,14.07,2.44,56,56,0,93.94,2.5,0,Normal
2026-03-01 09:22:58,0.44,25.69,6.44,57,57,0,97.5,8.23,0,Normal
2026-03-01 09:22:59,0.11,64.61,1.79,42,42,0,68.6,1.64,0,Normal
2026-03-01 09:23:00,0.19,29.73,2.54,52,52,0,85.18,2.12,0,Normal
2026-03-01 09:23:01,0.62,62.78,3.18,42,42,0,72.2,3.14,0,Normal
2026-03-01 09:23:02,0.02,59.88,4.09,60,60,0,101.73,4.29,0,Normal
2026-03-01 09:23:03,0.01,23.09,7.47,60,60,0,100.94,9.07,0,Normal
2026-03-01 09:23:04,0.09,63.29,1.79,52,52,0,86.86,1.94,0,Normal
2026-03-01 09:23:05,0.4,55.64,2.9,60,60,0,101.51,3.72,0,Normal
2026-03-01 09:23:06,0.09,31.71,1.75,53,53,0,89.32,2.35,0,Normal
2026-03-01 09:23:07,0.7,34.68,4.74,49,49,0,82.77,4.82,0,Normal
2026-03-01 09:23:08,0.15,40.72,2.48,45,45,0,75.5,2.91,0,Normal
2026-03-01 09:23:09,0.12,19.16,3.17,46,46,0,78.08,3.12,0,Normal
2026-03-01 09:23:10,0.09,32.6,3.07,43,43,0,73.62,4.07,0,Normal
2026-03-01 09:23:11,0.3,33.0,3.5,60,60,0,102.16,2.18,0,Normal
2026-03-01 09:23:12,0.68,24.52,3.09,43,43,0,72.93,3.64,0,Normal
2026-03-01 09:23:13,0.18,22.49,2.14,54,54,0,90.71,2.14,0,Normal
2026-03-01 09:23:14,0.1,21.49,3.45,57,57,0,96.43,2.24,0,Normal
2026-03-01 09:23:15,0.19,24.84,2.32,57,57,0,97.55,2.78,0,Normal
2026-03-01 09:23:16,0.82,29.22,4.79,54,54,0,90.49,4.38,0,Normal
2026-03-01 09:23:17,0.14,57.84,3.41,60,60,0,100.39,3.48,0,Normal
2026-03-01 09:23:18,0.37,242.71,2.08,46,46,0,78.02,41.6,1,High Latency
2026-03-01 09:23:19,0.14,339.69,9.81,43,43,0,73.35,47.03,1,High Latency
2026-03-01 09:23:20,0.39,225.69,7.0,44,44,0,73.77,44.99,1,High Latency
2026-03-01 09:23:21,0.75,241.59,9.97,45,45,0,76.28,48.0,1,High Latency
2026-03-01 09:23:22,0.32,150.0,2.85,57,57,0,94.5,42.58,1,High Latency
2026-03-01 09:23:23,1.03,261.42,2.28,56,55,1,92.38,42.33,1,High Latency
2026-03-01 09:23:24,0.32,226.51,4.77,42,42,0,72.89,43.42,1,High Latency
2026-03-01 09:23:25,1.29,237.51,5.47,47,46,1,78.19,45.12,1,High Latency
2026-03-01 09:23:26,0.45,16.52,3.63,44,44,0,72.95,3.12,0,Normal
2026-03-01 09:23:27,0.37,18.14,1.29,46,46,0,76.51,1.68,0,Normal
2026-03-01 09:23:28,0.62,48.09,2.14,60,60,0,98.93,2.88,0,Normal
2026-03-01 09:23:29,0.0,54.19,4.02,44,44,0,76.36,3.02,0,Normal
2026-03-01 09:23:30,0.1,26.26,2.47,42,42,0,69.07,2.77,0,Normal
2026-03-01 09:23:31,0.09,61.09,1.8,55,55,0,88.61,2.38,0,Normal
2026-03-01 09:23:32,0.04,33.45,2.96,44,44,0,71.81,2.9,0,Normal
2026-03-01 09:23:33,0.97,64.44,0.8,48,48,0,80.72,0.69,0,Normal
2026-03-01 09:23:34,0.05,25.76,2.53,56,56,0,93.0,3.35,0,Normal
2026-03-01 09:23:35,0.11,61.5,2.74,46,46,0,77.47,2.21,0,Normal
2026-03-01 09:23:36,0.14,18.6,3.82,44,44,0,74.43,2.92,0,Normal
2026-03-01 09:23:37,0.34,29.4,4.25,56,56,0,93.14,5.54,0,Normal
2026-03-01 09:23:38,0.51,27.45,3.94,56,56,0,92.7,4.36,0,Normal
2026-03-01 09:23:39,0.32,25.37,4.97,58,58,0,98.81,3.72,0,Normal
2026-03-01 09:23:40,0.48,21.99,3.08,51,51,0,86.13,3.43,0,Normal
2026-03-01 09:23:41,0.18,22.6,1.72,59,59,0,95.11,2.24,0,Normal
2026-03-01 09:23:42,1.91,31.71,3.39,56,55,1,90.09,2.27,0,Normal
2026-03-01 09:23:43,0.07,61.83,2.24,54,54,0,88.03,1.8,0,Normal
2026-03-01 09:23:44,0.18,26.04,1.8,44,44,0,73.68,1.95,0,Normal
2026-03-01 09:23:45,0.62,57.57,4.31,47,47,0,79.26,2.98,0,Normal
2026-03-01 09:23:46,0.1,22.88,1.76,57,57,0,95.5,2.33,0,Normal
2026-03-01 09:23:47,0.49,33.62,4.51,52,52,0,86.42,4.84,0,Normal
2026-03-01 09:23:48,0.16,28.19,1.86,49,49,0,83.85,1.98,0,Normal
2026-03-01 09:23:49,0.07,30.21,2.91,54,54,0,91.2,1.88,0,Normal
2026-03-01 09:23:50,0.18,30.15,2.58,60,60,0,99.43,2.41,0,Normal
2026-03-01 09:23:51,0.54,26.15,5.54,50,50,0,82.73,4.19,0,Normal
2026-03-01 09:23:52,0.04,21.01,4.34,54,54,0,89.58,5.41,0,Normal
2026-03-01 09:23:53,0.25,22.02,2.29,45,45,0,75.08,1.99,0,Normal
2026-03-01 09:23:54,0.47,34.77,3.09,53,53,0,89.09,2.85,0,Normal
2026-03-01 09:23:55,0.49,49.55,6.04,42,42,0,71.18,6.72,0,Normal
2026-03-01 09:23:56,0.17,58.95,6.5,49,49,0,81.09,7.63,0,Normal
2026-03-01 09:23:57,0.22,67.02,1.79,58,58,0,95.41,2.21,0,Normal
2026-03-01 09:23:58,0.68,60.51,6.0,52,52,0,87.95,4.44,0,Normal
2026-03-01 09:23:59,0.08,23.39,5.8,58,58,0,98.68,4.7,0,Normal
2026-03-01 09:24:00,1.72,38.13,3.6,60,59,1,101.69,2.42,0,Normal
2026-03-01 09:24:01,0.19,61.03,3.19,50,50,0,84.61,4.1,0,Normal
2026-03-01 09:24:02,0.11,24.84,2.59,42,42,0,69.47,2.21,0,Normal
2026-03-01 09:24:03,0.0,50.99,1.89,45,45,0,76.52,1.32,0,Normal
2026-03-01 09:24:04,0.05,27.09,3.87,52,52,0,87.13,3.28,0,Normal
2026-03-01 09:24:05,0.49,36.13,3.08,47,47,0,76.94,1.99,0,Normal
2026-03-01 09:24:06,0.37,41.27,4.04,42,42,0,70.49,5.13,0,Normal
2026-03-01 09:24:07,0.1,60.75,4.08,53,53,0,89.46,3.39,0,Normal
2026-03-01 09:24:08,0.92,40.78,10.31,43,43,0,74.39,9.07,0,Normal
2026-03-01 09:24:09,0.63,68.84,5.69,45,45,0,75.71,7.69,0,Normal
2026-03-01 09:24:10,0.11,28.09,4.25,60,60,0,99.58,3.19,0,Normal
2026-03-01 09:24:11,0.14,16.98,1.27,58,58,0,94.61,0.97,0,Normal
2026-03-01 09:24:12,0.07,24.07,3.96,46,46,0,75.44,4.15,0,Normal
2026-03-01 09:24:13,0.36,56.27,6.77,42,42,0,69.1,9.32,0,Normal
2026-03-01 09:24:14,0.42,23.94,2.74,42,42,0,73.06,3.62,0,Normal
2026-03-01 09:24:15,0.18,38.76,8.9,44,44,0,73.63,9.56,0,Normal
2026-03-01 09:24:16,0.47,34.73,4.24,45,45,0,75.47,5.3,0,Normal
2026-03-01 09:24:17,1.67,30.65,3.79,42,41,1,70.53,3.75,0,Normal
2026-03-01 09:24:18,0.33,32.87,2.13,45,45,0,76.5,2.01,0,Normal
2026-03-01 09:24:19,0.37,16.65,6.53,46,46,0,76.89,6.01,0,Normal
2026-03-01 09:24:20,0.16,32.37,2.28,44,44,0,75.64,2.2,0,Normal
2026-03-01 09:24:21,0.0,78.0,2.58,45,45,0,74.57,3.0,0,Normal
2026-03-01 09:24:22,1.08,14.56,1.42,54,53,1,89.47,1.79,0,Normal
2026-03-01 09:24:23,0.52,32.59,4.97,43,43,0,70.36,5.27,0,Normal
2026-03-01 09:24:24,0.42,19.46,4.33,42,42,0,70.95,5.6,0,Normal
2026-03-01 09:24:25,0.01,57.77,3.34,59,59,0,100.65,3.71,0,Normal
2026-03-01 09:24:26,0.5,35.96,4.63,42,42,0,71.87,5.75,0,Normal
2026-03-01 09:24:27,0.39,21.96,4.44,46,46,0,78.63,5.11,0,Normal
2026-03-01 09:24:28,0.29,23.7,2.82,57,57,0,100.09,3.43,0,Normal
2026-03-01 09:24:29,0.34,33.94,2.33,52,52,0,86.96,1.43,0,Normal
2026-03-01 09:24:30,0.88,46.66,1.53,42,42,0,69.2,1.99,0,Normal
2026-03-01 09:24:31,0.0,61.2,3.06,45,45,0,76.28,4.01,0,Normal
2026-03-01 09:24:32,0.06,26.79,1.84,42,42,0,69.24,2.35,0,Normal
2026-03-01 09:24:33,0.79,30.09,3.57,46,46,0,75.58,4.23,0,Normal
2026-03-01 09:24:34,0.0,26.64,3.09,42,42,0,70.18,3.8,0,Normal
2026-03-01 09:24:35,0.82,28.68,2.77,49,49,0,85.29,2.06,0,Normal
2026-03-01 09:24:36,0.01,63.23,5.32,51,51,0,86.71,3.39,0,Normal
2026-03-01 09:24:37,0.53,30.11,2.13,46,46,0,77.85,1.77,0,Normal
2026-03-01 09:24:38,0.78,29.88,1.45,60,60,0,98.29,1.38,0,Normal
2026-03-01 09:24:39,0.33,47.25,3.0,43,43,0,71.31,2.45,0,Normal
2026-03-01 09:24:40,0.36,25.71,2.38,55,55,0,94.55,3.09,0,Normal
2026-03-01 09:24:41,0.02,26.9,3.51,50,50,0,83.6,4.81,0,Normal
2026-03-01 09:24:42,0.08,29.43,2.2,47,47,0,82.25,2.68,0,Normal
2026-03-01 09:24:43,0.8,33.79,4.01,48,48,0,81.31,3.94,0,Normal
2026-03-01 09:24:44,0.61,55.88,2.14,49,49,0,82.09,1.54,0,Normal
2026-03-01 09:24:45,0.02,28.62,2.13,42,42,0,70.09,2.77,0,Normal
2026-03-01 09:24:46,18.8,253.98,40.28,60,49,11,82.32,60.42,1,Combined Degradation
2026-03-01 09:24:47,14.97,352.97,62.68,51,43,8,72.24,94.02,1,Combined Degradation
2026-03-01 09:24:48,19.53,180.91,76.74,50,40,10,67.2,115.12,1,Combined Degradation
2026-03-01 09:24:49,15.01,292.16,54.79,44,37,7,62.16,82.19,1,Combined Degradation
2026-03-01 09:24:50,11.83,251.37,60.27,47,41,6,68.88,90.4,1,Combined Degradation
2026-03-01 09:24:51,10.39,399.35,54.92,42,38,4,63.84,82.38,1,Combined Degradation
2026-03-01 09:24:52,10.24,410.1,70.18,43,39,4,65.52,105.27,1,Combined Degradation
2026-03-01 09:24:53,13.84,275.7,62.54,44,38,6,63.84,93.81,1,Combined Degradation
2026-03-01 09:24:54,16.58,414.55,60.7,58,48,10,80.64,91.05,1,Combined Degradation
2026-03-01 09:24:55,9.28,413.05,45.89,51,46,5,77.28,68.83,1,Combined Degradation
2026-03-01 09:24:56,7.18,318.26,64.65,47,44,3,73.92,96.98,1,Combined Degradation
2026-03-01 09:24:57,7.34,272.5,59.74,47,44,3,73.92,89.6,1,Combined Degradation
2026-03-01 09:24:58,0.77,28.93,3.01,51,51,0,85.86,1.88,0,Normal
2026-03-01 09:24:59,0.81,22.39,2.47,57,57,0,94.59,3.12,0,Normal
2026-03-01 09:25:00,0.57,31.13,4.23,54,54,0,90.95,5.73,0,Normal
2026-03-01 09:25:01,0.07,20.11,3.37,44,44,0,74.36,3.15,0,Normal
2026-03-01 09:25:02,0.64,25.96,4.67,44,44,0,75.0,5.09,0,Normal
2026-03-01 09:25:03,0.07,26.48,1.35,57,57,0,94.0,1.39,0,Normal
2026-03-01 09:25:04,0.28,34.68,4.19,55,55,0,91.07,3.68,0,Normal
2026-03-01 09:25:05,0.46,28.84,2.63,49,49,0,81.85,1.75,0,Normal
2026-03-01 09:25:06,0.02,59.21,3.38,42,42,0,70.95,3.43,0,Normal
2026-03-01 09:25:07,0.32,31.33,3.19,60,60,0,101.1,2.54,0,Normal
2026-03-01 09:25:08,0.1,31.29,6.09,45,45,0,79.47,6.83,0,Normal
2026-03-01 09:25:09,0.24,26.01,1.44,49,49,0,78.93,1.48,0,Normal
2026-03-01 09:25:10,0.17,34.13,6.86,56,56,0,95.75,7.36,0,Normal
2026-03-01 09:25:11,0.41,25.86,4.56,50,50,0,85.59,4.93,0,Normal
2026-03-01 09:25:12,0.24,17.62,3.56,56,56,0,92.71,4.65,0,Normal
2026-03-01 09:25:13,0.13,26.71,1.74,58,58,0,96.73,1.25,0,Normal
2026-03-01 09:25:14,0.84,30.72,1.56,47,47,0,81.6,1.95,0,Normal
2026-03-01 09:25:15,1.12,18.36,2.58,52,51,1,84.75,3.52,0,Normal
2026-03-01 09:25:16,0.57,65.37,4.42,50,50,0,83.09,5.2,0,Normal
2026-03-01 09:25:17,0.3,20.62,3.31,42,42,0,70.74,2.36,0,Normal
2026-03-01 09:25:18,0.76,54.77,4.31,51,51,0,86.45,5.51,0,Normal
2026-03-01 09:25:19,0.32,49.02,1.72,58,58,0,98.94,2.12,0,Normal
2026-03-01 09:25:20,0.06,26.74,3.39,44,44,0,75.48,4.37,0,Normal
2026-03-01 09:25:21,0.01,50.22,5.44,55,55,0,93.57,5.38,0,Normal
2026-03-01 09:25:22,0.45,58.19,6.38,52,52,0,84.5,8.02,0,Normal
2026-03-01 09:25:23,0.49,37.32,1.89,42,42,0,70.5,1.37,0,Normal
2026-03-01 09:25:24,0.91,24.08,2.83,57,56,1,95.08,3.01,0,Normal
2026-03-01 09:25:25,0.61,26.68,2.85,55,55,0,93.43,2.97,0,Normal
2026-03-01 09:25:26,0.36,25.96,2.5,56,56,0,93.02,3.3,0,Normal
2026-03-01 09:25:27,0.07,28.45,5.0,54,54,0,89.19,6.45,0,Normal
2026-03-01 09:25:28,0.32,55.22,12.09,60,60,0,99.16,14.18,0,Normal
2026-03-01 09:25:29,0.2,71.0,2.01,42,42,0,71.26,1.49,0,Normal
2026-03-01 09:25:30,0.09,22.87,4.02,58,58,0,98.95,5.01,0,Normal
2026-03-01 09:25:31,0.56,64.03,3.79,56,56,0,94.29,4.14,0,Normal
2026-03-01 09:25:32,0.06,43.95,3.83,47,47,0,77.36,4.8,0,Normal
2026-03-01 09:25:33,0.35,22.84,6.05,60,60,0,101.07,8.17,0,Normal
2026-03-01 09:25:34,0.33,31.98,3.93,52,52,0,85.93,3.77,0,Normal
2026-03-01 09:25:35,0.13,23.92,1.27,46,46,0,76.17,1.52,0,Normal
2026-03-01 09:25:36,0.2,60.27,1.74,55,55,0,91.85,2.4,0,Normal
2026-03-01 09:25:37,0.04,57.12,2.05,54,54,0,89.52,1.58,0,Normal
2026-03-01 09:25:38,0.01,24.22,2.37,47,47,0,77.26,3.03,0,Normal
2026-03-01 09:25:39,0.0,30.55,3.12,49,49,0,84.64,2.22,0,Normal
2026-03-01 09:25:40,0.07,59.41,3.01,47,47,0,76.13,1.85,0,Normal
2026-03-01 09:25:41,0.71,58.01,1.46,60,60,0,99.91,1.87,0,Normal
2026-03-01 09:25:42,0.26,26.39,1.61,47,47,0,78.64,2.2,0,Normal
2026-03-01 09:25:43,0.04,32.12,1.28,42,42,0,72.4,0.8,0,Normal
2026-03-01 09:25:44,0.83,55.61,1.65,42,42,0,71.0,2.1,0,Normal
2026-03-01 09:25:45,0.29,13.28,5.19,49,49,0,81.9,6.01,0,Normal
2026-03-01 09:25:46,0.01,32.24,2.94,44,44,0,72.81,3.41,0,Normal
2026-03-01 09:25:47,0.5,50.3,2.16,53,53,0,90.76,2.09,0,Normal
2026-03-01 09:25:48,0.22,24.34,1.4,56,56,0,92.87,1.31,0,Normal
2026-03-01 09:25:49,0.27,51.79,2.1,60,60,0,101.12,1.89,0,Normal
2026-03-01 09:25:50,0.33,15.78,4.36,56,56,0,93.83,3.95,0,Normal
2026-03-01 09:25:51,0.03,28.31,4.11,53,53,0,89.76,5.55,0,Normal
2026-03-01 09:25:52,1.03,37.89,49.63,48,48,0,83.0,79.24,1,High Jitter
2026-03-01 09:25:53,0.1,27.17,69.79,60,60,0,101.86,103.57,1,High Jitter
2026-03-01 09:25:54,0.34,25.83,77.84,46,46,0,77.09,109.25,1,High Jitter
2026-03-01 09:25:55,0.68,27.85,71.07,45,45,0,78.11,111.79,1,High Jitter
2026-03-01 09:25:56,0.14,41.08,61.98,43,43,0,74.61,75.09,1,High Jitter
2026-03-01 09:25:57,0.35,62.83,2.45,48,48,0,82.35,1.65,0,Normal
2026-03-01 09:25:58,1.57,22.4,6.89,42,41,1,69.3,8.0,0,Normal
2026-03-01 09:25:59,0.67,28.17,5.71,51,51,0,84.52,4.55,0,Normal
2026-03-01 09:26:00,0.53,29.99,2.71,50,50,0,80.45,2.15,0,Normal
2026-03-01 09:26:01,0.2,21.66,2.95,52,52,0,87.68,3.43,0,Normal
2026-03-01 09:26:02,0.21,32.55,9.03,42,42,0,71.72,11.88,0,Normal
2026-03-01 09:26:03,0.23,23.09,4.86,51,51,0,83.67,4.92,0,Normal
2026-03-01 09:26:04,0.41,59.31,3.43,47,47,0,79.58,3.33,0,Normal
2026-03-01 09:26:05,0.05,28.46,3.61,53,53,0,88.37,4.52,0,Normal
2026-03-01 09:26:06,0.69,27.51,3.55,57,57,0,96.53,2.2,0,Normal
2026-03-01 09:26:07,0.01,27.99,3.29,53,53,0,88.12,3.84,0,Normal
2026-03-01 09:26:08,0.07,23.41,2.05,48,48,0,79.55,1.32,0,Normal
2026-03-01 09:26:09,0.23,24.25,2.77,57,57,0,95.67,2.2,0,Normal
2026-03-01 09:26:10,0.1,57.36,1.74,52,52,0,85.6,1.97,0,Normal
2026-03-01 09:26:11,0.16,30.65,4.6,43,43,0,73.68,4.16,0,Normal
2026-03-01 09:26:12,0.14,22.26,3.13,52,52,0,87.39,2.62,0,Normal
2026-03-01 09:26:13,0.11,16.3,4.71,51,51,0,83.96,4.72,0,Normal
2026-03-01 09:26:14,0.17,53.3,1.87,42,42,0,69.64,2.39,0,Normal
2026-03-01 09:26:15,0.25,28.94,6.3,46,46,0,78.17,5.92,0,Normal
2026-03-01 09:26:16,0.23,24.21,5.95,49,49,0,81.87,6.11,0,Normal
2026-03-01 09:26:17,0.58,23.74,1.63,42,42,0,71.62,1.19,0,Normal
2026-03-01 09:26:18,0.13,64.41,2.64,54,54,0,89.23,2.53,0,Normal
2026-03-01 09:26:19,0.12,27.56,2.78,44,44,0,73.5,1.7,0,Normal
2026-03-01 09:26:20,0.25,32.71,1.74,44,44,0,73.81,2.21,0,Normal
2026-03-01 09:26:21,0.02,68.61,2.95,47,47,0,82.3,2.26,0,Normal
2026-03-01 09:26:22,0.04,28.37,4.27,57,57,0,94.67,5.7,0,Normal
2026-03-01 09:26:23,0.57,26.65,2.69,47,47,0,79.9,2.38,0,Normal
2026-03-01 09:26:24,0.24,25.0,1.54,57,57,0,96.47,1.95,0,Normal
2026-03-01 09:26:25,0.02,47.89,4.7,43,43,0,74.86,4.29,0,Normal
2026-03-01 09:26:26,0.2,32.45,2.33,49,49,0,84.36,1.68,0,Normal
2026-03-01 09:26:27,0.18,40.27,2.44,58,58,0,96.75,2.45,0,Normal
2026-03-01 09:26:28,0.1,48.1,7.08,47,47,0,77.39,5.72,0,Normal
2026-03-01 09:26:29,0.16,25.01,3.97,58,58,0,95.32,3.41,0,Normal
2026-03-01 09:26:30,0.07,22.57,2.31,49,49,0,82.67,1.97,0,Normal
2026-03-01 09:26:31,0.21,56.5,1.94,60,60,0,102.32,1.7,0,Normal
2026-03-01 09:26:32,0.18,23.11,5.13,60,60,0,102.52,5.12,0,Normal
2026-03-01 09:26:33,0.33,32.86,4.97,51,51,0,85.29,3.49,0,Normal
2026-03-01 09:26:34,1.0,23.44,2.64,49,49,0,82.39,2.13,0,Normal
2026-03-01 09:26:35,0.07,30.09,1.88,42,42,0,72.7,2.08,0,Normal
2026-03-01 09:26:36,0.19,61.66,3.95,55,55,0,91.26,4.76,0,Normal
2026-03-01 09:26:37,0.29,32.68,4.34,48,48,0,76.93,3.45,0,Normal
2026-03-01 09:26:38,0.28,20.6,2.81,52,52,0,89.09,2.27,0,Normal
2026-03-01 09:26:39,0.38,49.37,2.02,53,53,0,87.3,1.99,0,Normal
2026-03-01 09:26:40,0.11,26.81,3.36,47,47,0,78.52,4.65,0,Normal
2026-03-01 09:26:41,0.35,28.61,4.09,48,48,0,81.32,4.25,0,Normal
2026-03-01 09:26:42,0.08,25.63,2.67,57,57,0,95.07,3.34,0,Normal
2026-03-01 09:26:43,0.05,25.48,3.74,47,47,0,80.58,4.99,0,Normal
2026-03-01 09:26:44,0.62,28.93,3.91,42,42,0,74.57,4.33,0,Normal
2026-03-01 09:26:45,0.22,21.99,5.56,48,48,0,79.43,5.64,0,Normal
2026-03-01 09:26:46,0.18,21.95,2.75,53,53,0,89.24,3.33,0,Normal
2026-03-01 09:26:47,0.92,25.85,1.99,48,48,0,80.65,1.7,0,Normal
2026-03-01 09:26:48,0.43,25.62,3.22,42,42,0,71.03,4.44,0,Normal
2026-03-01 09:26:49,0.4,21.97,7.09,51,51,0,84.77,6.96,0,Normal
2026-03-01 09:26:50,0.08,33.55,1.5,50,50,0,83.02,2.02,0,Normal
2026-03-01 09:26:51,0.08,25.99,1.17,60,60,0,99.86,1.42,0,Normal
2026-03-01 09:26:52,0.23,26.64,3.16,60,60,0,100.11,2.43,0,Normal
2026-03-01 09:26:53,0.37,20.03,2.8,53,53,0,88.37,2.17,0,Normal
2026-03-01 09:26:54,0.18,40.43,3.02,56,56,0,90.32,2.66,0,Normal
2026-03-01 09:26:55,0.02,42.56,2.97,54,54,0,90.85,2.67,0,Normal
2026-03-01 09:26:56,0.4,23.32,5.22,55,55,0,91.95,3.19,0,Normal
2026-03-01 09:26:57,0.52,35.36,3.26,51,51,0,84.6,4.18,0,Normal
2026-03-01 09:26:58,1.01,27.45,4.8,49,49,0,82.46,3.8,0,Normal
2026-03-01 09:26:59,0.18,58.09,1.09,60,60,0,100.79,1.37,0,Normal
2026-03-01 09:27:00,0.1,50.63,2.62,58,58,0,96.84,2.58,0,Normal
2026-03-01 09:27:01,0.91,28.6,2.3,50,50,0,84.01,2.47,0,Normal
2026-03-01 09:27:02,0.44,13.0,1.19,51,51,0,84.81,1.22,0,Normal
2026-03-01 09:27:03,0.02,22.73,3.48,42,42,0,68.81,4.72,0,Normal
2026-03-01 09:27:04,0.3,43.72,3.17,60,60,0,103.74,2.97,0,Normal
2026-03-01 09:27:05,0.01,61.15,2.69,55,55,0,91.66,2.45,0,Normal
2026-03-01 09:27:06,0.09,20.71,3.14,54,54,0,91.12,3.43,0,Normal
2026-03-01 09:27:07,0.03,62.24,3.48,60,60,0,104.69,3.15,0,Normal
2026-03-01 09:27:08,0.08,31.32,5.24,56,56,0,93.46,5.69,0,Normal
2026-03-01 09:27:09,0.24,19.7,4.43,52,52,0,88.05,4.69,0,Normal
2026-03-01 09:27:10,0.12,60.62,3.85,54,54,0,94.21,4.7,0,Normal
2026-03-01 09:27:11,0.03,35.43,9.38,60,60,0,98.33,13.05,0,Normal
2026-03-01 09:27:12,0.23,59.0,2.41,53,53,0,91.04,3.34,0,Normal
2026-03-01 09:27:13,0.43,30.01,1.8,46,46,0,77.61,1.26,0,Normal
2026-03-01 09:27:14,0.02,15.88,5.63,48,48,0,79.88,5.42,0,Normal
2026-03-01 09:27:15,0.75,23.07,7.69,42,42,0,70.63,7.21,0,Normal
2026-03-01 09:27:16,0.37,40.33,2.49,42,42,0,70.02,1.88,0,Normal
2026-03-01 09:27:17,23.62,24.41,6.17,42,32,10,53.76,7.38,1,High Packet Loss
2026-03-01 09:27:18,11.16,35.59,2.61,53,47,6,78.96,3.59,1,High Packet Loss
2026-03-01 09:27:19,15.0,24.33,4.32,42,36,6,60.48,3.12,1,High Packet Loss
2026-03-01 09:27:20,16.26,26.33,4.43,60,50,10,84.0,3.62,1,High Packet Loss
2026-03-01 09:27:21,6.23,46.35,2.5,44,41,3,68.88,3.21,1,High Packet Loss
2026-03-01 09:27:22,7.38,28.6,7.62,60,56,4,94.08,6.43,1,High Packet Loss
2026-03-01 09:27:23,8.81,30.29,8.03,42,38,4,63.84,7.65,1,High Packet Loss
2026-03-01 09:27:24,9.92,23.09,2.1,51,46,5,77.28,2.5,1,High Packet Loss
2026-03-01 09:27:25,7.31,21.18,3.63,46,43,3,72.24,2.55,1,High Packet Loss
2026-03-01 09:27:26,17.71,22.68,5.01,52,43,9,72.24,5.12,1,High Packet Loss
2026-03-01 09:27:27,8.15,24.81,1.42,45,41,4,68.88,0.98,1,High Packet Loss
2026-03-01 09:27:28,22.11,26.62,3.36,45,35,10,58.8,2.84,1,High Packet Loss
2026-03-01 09:27:29,0.2,34.22,1.58,47,47,0,79.66,1.25,0,Normal
2026-03-01 09:27:30,0.24,28.52,4.48,42,42,0,70.79,5.31,0,Normal
2026-03-01 09:27:31,0.1,69.21,3.45,44,44,0,75.46,2.49,0,Normal
2026-03-01 09:27:32,0.25,28.85,2.81,42,42,0,70.07,3.17,0,Normal
2026-03-01 09:27:33,0.04,51.96,1.64,46,46,0,79.22,1.74,0,Normal
2026-03-01 09:27:34,0.17,28.1,2.54,42,42,0,69.57,2.89,0,Normal
2026-03-01 09:27:35,0.21,28.78,4.19,56,56,0,94.13,5.46,0,Normal
2026-03-01 09:27:36,0.43,32.56,3.26,50,50,0,82.6,3.35,0,Normal
2026-03-01 09:27:37,0.18,63.36,5.68,46,46,0,75.56,6.68,0,Normal
2026-03-01 09:27:38,0.38,15.76,5.52,51,51,0,84.98,6.86,0,Normal
2026-03-01 09:27:39,0.07,29.06,5.41,51,51,0,85.44,6.26,0,Normal
2026-03-01 09:27:40,0.01,30.12,2.61,56,56,0,94.91,2.23,0,Normal
2026-03-01 09:27:41,0.25,26.92,3.79,42,42,0,69.6,5.19,0,Normal
2026-03-01 09:27:42,0.22,53.08,2.15,47,47,0,79.84,1.39,0,Normal
2026-03-01 09:27:43,0.39,50.19,1.88,54,54,0,90.24,1.69,0,Normal
2026-03-01 09:27:44,0.13,60.27,5.65,54,54,0,89.98,7.1,0,Normal
2026-03-01 09:27:45,0.01,26.33,1.95,53,53,0,89.98,1.71,0,Normal
2026-03-01 09:27:46,0.45,59.63,1.85,46,46,0,76.46,1.92,0,Normal
2026-03-01 09:27:47,1.0,20.68,3.48,48,48,0,83.38,2.46,0,Normal
2026-03-01 09:27:48,0.18,27.09,2.94,54,54,0,91.37,3.78,0,Normal
2026-03-01 09:27:49,0.33,60.38,3.06,54,54,0,88.67,4.11,0,Normal
2026-03-01 09:27:50,0.28,37.82,9.37,48,48,0,80.46,13.0,0,Normal
2026-03-01 09:27:51,0.29,26.21,2.12,55,55,0,91.43,1.4,0,Normal
2026-03-01 09:27:52,0.71,29.2,4.15,54,54,0,88.26,3.15,0,Normal
2026-03-01 09:27:53,0.47,33.51,3.45,53,53,0,90.63,3.44,0,Normal
2026-03-01 09:27:54,0.51,22.98,5.23,59,59,0,100.74,4.28,0,Normal
2026-03-01 09:27:55,0.03,36.25,2.33,49,49,0,81.23,2.6,0,Normal
2026-03-01 09:27:56,0.06,66.81,3.0,48,48,0,81.71,3.83,0,Normal
2026-03-01 09:27:57,0.38,54.28,3.5,46,46,0,78.6,2.45,0,Normal
2026-03-01 09:27:58,0.27,57.35,1.74,58,58,0,97.42,1.05,0,Normal
2026-03-01 09:27:59,0.52,37.76,1.47,60,60,0,102.23,2.06,0,Normal
2026-03-01 09:28:00,0.03,49.22,3.29,58,58,0,97.88,3.16,0,Normal
2026-03-01 09:28:01,0.29,61.53,6.06,56,56,0,95.8,3.97,0,Normal
2026-03-01 09:28:02,0.23,36.56,2.83,57,57,0,94.0,3.03,0,Normal
2026-03-01 09:28:03,0.68,35.93,3.01,45,45,0,75.82,3.62,0,Normal
2026-03-01 09:28:04,0.07,25.98,5.57,56,56,0,94.38,6.92,0,Normal
2026-03-01 09:28:05,0.15,29.49,3.11,59,59,0,97.39,3.28,0,Normal
2026-03-01 09:28:06,0.06,31.46,4.71,54,54,0,89.13,5.39,0,Normal
2026-03-01 09:28:07,0.21,28.17,11.02,46,46,0,74.9,10.81,0,Normal
2026-03-01 09:28:08,0.75,19.65,2.56,52,52,0,87.43,2.81,0,Normal
2026-03-01 09:28:09,0.39,22.37,3.07,54,54,0,90.06,4.17,0,Normal
2026-03-01 09:28:10,0.48,19.85,3.97,48,48,0,78.7,5.52,0,Normal
2026-03-01 09:28:11,0.03,59.93,6.5,56,56,0,95.91,7.16,0,Normal
2026-03-01 09:28:12,0.21,62.44,3.15,54,54,0,91.32,3.36,0,Normal
2026-03-01 09:28:13,0.64,29.15,4.61,53,53,0,87.95,4.04,0,Normal
2026-03-01 09:28:14,0.64,38.99,3.88,44,44,0,74.22,3.34,0,Normal
2026-03-01 09:28:15,1.55,36.57,3.21,42,41,1,68.52,4.31,0,Normal
2026-03-01 09:28:16,0.26,16.98,2.75,58,58,0,95.1,3.11,0,Normal
2026-03-01 09:28:17,0.0,20.33,2.52,55,55,0,92.81,2.44,0,Normal
2026-03-01 09:28:18,0.8,62.04,13.19,49,49,0,84.78,14.94,0,Normal
2026-03-01 09:28:19,1.09,20.99,1.66,46,45,1,77.72,1.16,0,Normal
2026-03-01 09:28:20,0.92,56.73,1.73,45,45,0,75.76,2.35,0,Normal
2026-03-01 09:28:21,0.52,61.94,3.71,53,53,0,88.39,3.77,0,Normal
2026-03-01 09:28:22,0.08,32.23,3.64,51,51,0,86.52,3.16,0,Normal
2026-03-01 09:28:23,0.05,33.72,4.02,46,46,0,77.68,2.46,0,Normal
2026-03-01 09:28:24,0.42,25.15,2.24,60,60,0,100.59,2.56,0,Normal
2026-03-01 09:28:25,0.05,26.37,2.09,60,60,0,103.59,2.88,0,Normal
2026-03-01 09:28:26,1.07,30.13,2.92,51,50,1,83.41,3.06,0,Normal
2026-03-01 09:28:27,0.21,74.27,4.99,42,42,0,72.0,4.33,0,Normal
2026-03-01 09:28:28,0.01,52.78,2.1,52,52,0,87.58,1.96,0,Normal
2026-03-01 09:28:29,0.06,59.56,3.55,60,60,0,101.02,3.75,0,Normal
2026-03-01 09:28:30,0.12,25.74,2.64,42,42,0,68.08,3.03,0,Normal
2026-03-01 09:28:31,0.43,16.86,1.67,45,45,0,77.25,1.25,0,Normal
2026-03-01 09:28:32,0.47,36.99,1.87,54,54,0,91.98,2.51,0,Normal
2026-03-01 09:28:33,0.08,23.88,5.0,57,57,0,96.04,4.66,0,Normal
2026-03-01 09:28:34,0.37,30.15,2.53,46,46,0,78.83,2.78,0,Normal
2026-03-01 09:28:35,0.01,16.5,5.81,45,45,0,76.22,7.72,0,Normal
2026-03-01 09:28:36,0.04,27.93,3.26,53,53,0,87.09,3.47,0,Normal
2026-03-01 09:28:37,0.27,66.8,1.79,52,52,0,85.9,2.06,0,Normal
2026-03-01 09:28:38,0.43,56.58,4.12,55,55,0,92.31,4.55,0,Normal
2026-03-01 09:28:39,0.86,46.08,2.31,53,53,0,86.5,1.85,0,Normal
2026-03-01 09:28:40,0.2,36.99,2.8,47,47,0,80.64,3.84,0,Normal
2026-03-01 09:28:41,0.04,32.92,5.53,42,42,0,70.24,5.41,0,Normal
2026-03-01 09:28:42,0.93,31.14,1.86,60,59,1,99.33,1.26,0,Normal
2026-03-01 09:28:43,0.2,63.96,2.71,42,42,0,69.09,3.79,0,Normal
2026-03-01 09:28:44,0.24,32.83,2.04,55,55,0,93.37,2.28,0,Normal
2026-03-01 09:28:45,0.67,47.94,1.94,42,42,0,70.35,2.11,0,Normal
2026-03-01 09:28:46,0.31,33.25,2.68,55,55,0,91.91,3.58,0,Normal
2026-03-01 09:28:47,0.13,72.28,2.26,45,45,0,77.72,2.33,0,Normal
2026-03-01 09:28:48,0.27,57.56,2.94,51,51,0,87.64,2.61,0,Normal
2026-03-01 09:28:49,0.34,26.31,4.43,60,60,0,101.92,3.27,0,Normal
2026-03-01 09:28:50,0.77,34.31,2.37,50,50,0,84.31,2.96,0,Normal
2026-03-01 09:28:51,0.09,36.38,1.71,51,51,0,84.91,1.48,0,Normal
2026-03-01 09:28:52,0.29,22.7,4.43,52,52,0,86.93,4.49,0,Normal
2026-03-01 09:28:53,0.89,25.28,2.36,44,44,0,73.42,2.38,0,Normal
2026-03-01 09:28:54,0.02,53.68,7.56,46,46,0,77.87,9.01,0,Normal
2026-03-01 09:28:55,0.08,27.21,2.76,49,49,0,82.27,3.17,0,Normal
2026-03-01 09:28:56,0.15,55.54,3.12,52,52,0,87.35,2.93,0,Normal
2026-03-01 09:28:57,0.4,49.44,1.18,46,46,0,79.59,1.11,0,Normal
2026-03-01 09:28:58,0.65,32.03,1.97,48,48,0,82.36,1.61,0,Normal
2026-03-01 09:28:59,0.08,25.99,1.19,54,54,0,89.55,1.04,0,Normal
2026-03-01 09:29:00,0.1,28.37,3.79,42,42,0,71.01,4.43,0,Normal
2026-03-01 09:29:01,0.61,24.54,3.2,42,42,0,69.4,3.36,0,Normal
2026-03-01 09:29:02,0.06,21.43,4.41,54,54,0,91.62,2.83,0,Normal
2026-03-01 09:29:03,0.11,25.02,4.77,50,50,0,86.89,4.81,0,Normal
2026-03-01 09:29:04,0.46,28.44,5.12,52,52,0,86.83,6.98,0,Normal
2026-03-01 09:29:05,0.06,19.15,3.0,49,49,0,83.51,2.06,0,Normal
2026-03-01 09:29:06,0.62,47.33,3.45,58,58,0,99.86,2.36,0,Normal
2026-03-01 09:29:07,0.24,51.05,4.31,42,42,0,70.36,4.89,0,Normal
2026-03-01 09:29:08,0.21,35.17,2.32,52,52,0,88.1,3.17,0,Normal
2026-03-01 09:29:09,0.05,26.12,2.18,42,42,0,73.13,1.35,0,Normal
2026-03-01 09:29:10,0.4,55.64,6.64,42,42,0,69.16,5.81,0,Normal
2026-03-01 09:29:11,0.75,67.52,1.47,51,51,0,84.12,0.96,0,Normal
2026-03-01 09:29:12,0.41,24.6,4.16,53,53,0,87.17,3.38,0,Normal
2026-03-01 09:29:13,0.13,31.31,3.87,54,54,0,91.85,4.04,0,Normal
2026-03-01 09:29:14,0.42,25.97,2.0,46,46,0,75.76,1.91,0,Normal
2026-03-01 09:29:15,0.25,12.0,2.46,52,52,0,88.2,2.19,0,Normal
2026-03-01 09:29:16,0.67,50.15,2.83,47,47,0,81.0,2.17,0,Normal
2026-03-01 09:29:17,0.22,28.85,3.66,49,49,0,81.33,4.01,0,Normal
2026-03-01 09:29:18,0.09,28.54,3.89,54,54,0,89.58,4.13,0,Normal
2026-03-01 09:29:19,0.04,18.75,3.27,47,47,0,79.96,3.7,0,Normal
2026-03-01 09:29:20,0.12,19.21,3.61,54,54,0,90.79,4.46,0,Normal
2026-03-01 09:29:21,0.29,27.45,4.47,54,54,0,87.18,5.29,0,Normal
2026-03-01 09:29:22,0.07,56.66,4.38,56,56,0,96.38,5.98,0,Normal
2026-03-01 09:29:23,0.01,32.21,6.62,48,48,0,81.47,4.87,0,Normal
2026-03-01 09:29:24,0.21,73.46,5.31,44,44,0,73.35,7.23,0,Normal
2026-03-01 09:29:25,16.98,20.88,3.35,47,39,8,65.52,2.47,1,High Packet Loss
2026-03-01 09:29:26,23.67,12.97,4.43,47,36,11,60.48,5.64,1,High Packet Loss
2026-03-01 09:29:27,14.05,27.4,4.02,42,36,6,60.48,4.94,1,High Packet Loss
2026-03-01 09:29:28,10.74,24.8,3.58,47,42,5,70.56,4.05,1,High Packet Loss
2026-03-01 09:29:29,20.9,20.42,2.25,42,33,9,55.44,2.62,1,High Packet Loss
2026-03-01 09:29:30,18.84,32.97,3.57,48,39,9,65.52,4.12,1,High Packet Loss
2026-03-01 09:29:31,7.33,63.44,1.31,53,49,4,82.32,1.34,1,High Packet Loss
2026-03-01 09:29:32,10.69,60.97,5.38,53,47,6,78.96,3.37,1,High Packet Loss
2026-03-01 09:29:33,0.49,19.54,3.89,42,42,0,69.42,4.13,0,Normal
2026-03-01 09:29:34,0.4,53.18,3.09,52,52,0,87.77,2.82,0,Normal
2026-03-01 09:29:35,0.02,33.6,2.75,48,48,0,81.37,2.25,0,Normal
2026-03-01 09:29:36,0.45,25.97,4.46,42,42,0,73.09,4.42,0,Normal
2026-03-01 09:29:37,0.81,38.14,7.59,42,42,0,69.42,9.7,0,Normal
2026-03-01 09:29:38,0.93,39.51,3.93,43,43,0,73.58,4.18,0,Normal
2026-03-01 09:29:39,0.4,29.42,7.81,51,51,0,87.82,10.72,0,Normal
2026-03-01 09:29:40,0.54,31.25,4.73,59,59,0,100.54,4.43,0,Normal
2026-03-01 09:29:41,0.03,34.36,2.31,47,47,0,78.21,1.7,0,Normal
2026-03-01 09:29:42,0.06,31.27,4.13,51,51,0,85.22,3.52,0,Normal
2026-03-01 09:29:43,0.11,30.62,3.96,51,51,0,87.96,2.83,0,Normal
2026-03-01 09:29:44,0.27,24.86,2.31,48,48,0,80.36,2.65,0,Normal
2026-03-01 09:29:45,0.17,17.88,2.76,42,42,0,70.51,2.01,0,Normal
2026-03-01 09:29:46,0.37,19.66,2.74,49,49,0,81.59,2.78,0,Normal
2026-03-01 09:29:47,0.21,46.05,3.47,56,56,0,95.24,4.65,0,Normal
2026-03-01 09:29:48,0.52,29.93,2.93,58,58,0,93.75,2.77,0,Normal
2026-03-01 09:29:49,0.44,26.53,3.75,49,49,0,81.1,3.46,0,Normal
2026-03-01 09:29:50,0.48,35.58,4.03,60,60,0,99.33,3.07,0,Normal
2026-03-01 09:29:51,0.62,57.11,5.87,55,55,0,94.78,7.07,0,Normal
2026-03-01 09:29:52,0.63,31.5,4.25,48,48,0,80.99,3.59,0,Normal
2026-03-01 09:29:53,0.53,28.46,2.42,52,52,0,87.06,3.37,0,Normal
2026-03-01 09:29:54,0.02,30.76,8.58,54,54,0,90.41,6.3,0,Normal
2026-03-01 09:29:55,0.34,57.94,2.43,42,42,0,68.49,1.46,0,Normal
2026-03-01 09:29:56,0.01,22.21,2.79,45,45,0,77.63,2.88,0,Normal
2026-03-01 09:29:57,0.48,23.06,4.34,49,49,0,81.79,2.85,0,Normal
2026-03-01 09:29:58,0.02,23.3,12.22,47,47,0,79.85,10.94,0,Normal
2026-03-01 09:29:59,1.43,27.98,3.98,52,51,1,84.7,3.82,0,Normal
2026-03-01 09:30:00,0.33,18.66,2.49,47,47,0,78.87,1.99,0,Normal
2026-03-01 09:30:01,0.07,59.67,1.59,49,49,0,80.94,2.2,0,Normal
2026-03-01 09:30:02,0.22,28.81,1.54,57,57,0,95.39,1.35,0,Normal
2026-03-01 09:30:03,0.61,27.23,3.34,52,52,0,88.92,2.39,0,Normal
2026-03-01 09:30:04,0.07,29.14,4.24,57,57,0,95.92,2.67,0,Normal
2026-03-01 09:30:05,0.27,27.73,1.75,58,58,0,98.0,1.49,0,Normal
2026-03-01 09:30:06,0.0,43.11,3.67,56,56,0,94.17,4.61,0,Normal
2026-03-01 09:30:07,0.54,28.76,1.84,48,48,0,83.09,1.46,0,Normal
2026-03-01 09:30:08,0.08,25.73,2.19,51,51,0,84.46,2.36,0,Normal
2026-03-01 09:30:09,0.17,28.61,4.41,44,44,0,73.71,6.14,0,Normal
2026-03-01 09:30:10,0.26,34.12,2.37,51,51,0,85.96,2.07,0,Normal
2026-03-01 09:30:11,0.05,51.65,5.99,42,42,0,69.07,6.54,0,Normal
2026-03-01 09:30:12,0.91,32.11,2.55,56,55,1,92.59,2.76,0,Normal
2026-03-01 09:30:13,0.22,61.29,5.47,44,44,0,73.96,5.88,0,Normal
2026-03-01 09:30:14,0.09,26.26,9.2,42,42,0,70.73,12.54,0,Normal
2026-03-01 09:30:15,0.46,28.67,2.37,42,42,0,70.74,2.92,0,Normal
2026-03-01 09:30:16,0.79,37.59,10.07,43,43,0,71.23,6.11,0,Normal
2026-03-01 09:30:17,0.85,29.46,3.34,42,42,0,68.12,2.08,0,Normal
2026-03-01 09:30:18,0.2,22.08,2.5,50,50,0,84.27,1.58,0,Normal
2026-03-01 09:30:19,9.81,210.55,75.18,47,42,5,70.56,112.77,1,Combined Degradation
2026-03-01 09:30:20,18.9,410.92,47.39,42,34,8,57.12,71.09,1,Combined Degradation
2026-03-01 09:30:21,18.12,301.2,65.12,42,34,8,57.12,97.68,1,Combined Degradation
2026-03-01 09:30:22,7.18,324.06,36.66,51,47,4,78.96,54.99,1,Combined Degradation
2026-03-01 09:30:23,11.19,296.26,51.69,60,53,7,89.04,77.54,1,Combined Degradation
2026-03-01 09:30:24,14.66,235.84,52.29,60,51,9,85.68,78.44,1,Combined Degradation
2026-03-01 09:30:25,10.29,220.88,78.69,42,38,4,63.84,118.03,1,Combined Degradation
2026-03-01 09:30:26,19.27,411.71,58.68,43,35,8,58.8,88.02,1,Combined Degradation
2026-03-01 09:30:27,9.02,256.16,72.03,53,48,5,80.64,108.05,1,Combined Degradation
2026-03-01 09:30:28,9.5,193.99,58.56,46,42,4,70.56,87.83,1,Combined Degradation
2026-03-01 09:30:29,15.83,301.12,50.7,42,35,7,58.8,76.05,1,Combined Degradation
2026-03-01 09:30:30,7.35,238.57,81.97,42,39,3,65.52,122.96,1,Combined Degradation
2026-03-01 09:30:31,21.9,349.54,66.23,44,34,10,57.12,99.35,1,Combined Degradation
2026-03-01 09:30:32,14.95,270.71,67.05,60,51,9,85.68,100.58,1,Combined Degradation
2026-03-01 09:30:33,16.77,404.01,59.56,47,39,8,65.52,89.34,1,Combined Degradation
2026-03-01 09:30:34,10.79,284.54,44.29,42,37,5,62.16,66.43,1,Combined Degradation
2026-03-01 09:30:35,21.32,342.32,76.75,54,42,12,70.56,115.12,1,Combined Degradation
2026-03-01 09:30:36,12.02,383.82,71.92,48,42,6,70.56,107.88,1,Combined Degradation
2026-03-01 09:30:37,8.92,387.25,54.09,48,44,4,73.92,81.13,1,Combined Degradation
2026-03-01 09:30:38,13.82,312.9,81.85,46,40,6,67.2,122.77,1,Combined Degradation
2026-03-01 09:30:39,0.05,60.26,2.66,52,52,0,87.27,3.44,0,Normal
2026-03-01 09:30:40,0.17,35.03,2.79,46,46,0,79.91,2.8,0,Normal
2026-03-01 09:30:41,1.41,26.1,4.15,44,43,1,74.86,4.47,0,Normal
2026-03-01 09:30:42,0.27,24.33,2.29,42,42,0,71.01,3.18,0,Normal
2026-03-01 09:30:43,0.42,64.14,3.08,54,54,0,88.33,2.97,0,Normal
2026-03-01 09:30:44,0.38,31.5,4.18,49,49,0,82.56,3.13,0,Normal
2026-03-01 09:30:45,0.08,22.92,8.8,42,42,0,70.25,9.24,0,Normal
2026-03-01 09:30:46,0.66,69.7,3.21,47,47,0,78.99,3.74,0,Normal
2026-03-01 09:30:47,0.05,38.89,4.84,59,59,0,96.64,3.39,0,Normal
2026-03-01 09:30:48,0.89,62.07,1.96,44,44,0,74.29,1.43,0,Normal
2026-03-01 09:30:49,0.09,30.58,7.12,48,48,0,78.39,4.41,0,Normal
2026-03-01 09:30:50,1.08,29.98,2.31,42,42,0,66.77,2.76,0,Normal
2026-03-01 09:30:51,0.56,18.7,3.13,46,46,0,77.62,2.38,0,Normal
2026-03-01 09:30:52,0.07,28.68,4.18,48,48,0,83.52,5.52,0,Normal
2026-03-01 09:30:53,0.06,28.6,2.34,59,59,0,97.87,2.37,0,Normal
2026-03-01 09:30:54,0.03,24.54,5.4,54,54,0,90.01,7.37,0,Normal
2026-03-01 09:30:55,0.1,60.55,2.46,48,48,0,81.98,2.23,0,Normal
2026-03-01 09:30:56,0.38,13.71,4.82,48,48,0,82.38,6.58,0,Normal
2026-03-01 09:30:57,0.26,62.46,5.37,54,54,0,90.88,7.42,0,Normal
2026-03-01 09:30:58,0.33,33.53,4.31,42,42,0,69.5,3.03,0,Normal
2026-03-01 09:30:59,0.01,38.39,4.57,43,43,0,74.23,3.2,0,Normal
2026-03-01 09:31:00,0.03,57.24,10.37,54,54,0,88.87,9.74,0,Normal
2026-03-01 09:31:01,0.41,29.1,4.0,48,48,0,79.86,3.73,0,Normal
2026-03-01 09:31:02,0.66,56.91,3.49,52,52,0,88.24,3.91,0,Normal
2026-03-01 09:31:03,0.16,24.88,3.86,42,42,0,68.21,2.67,0,Normal
2026-03-01 09:31:04,0.06,32.06,5.88,51,51,0,86.26,7.09,0,Normal
2026-03-01 09:31:05,0.13,27.8,9.47,43,43,0,73.95,7.39,0,Normal
2026-03-01 09:31:06,0.19,35.14,3.08,56,56,0,96.59,2.22,0,Normal
2026-03-01 09:31:07,0.35,20.31,2.2,45,45,0,75.01,2.72,0,Normal
2026-03-01 09:31:08,0.18,43.25,5.6,51,51,0,85.02,3.72,0,Normal
2026-03-01 09:31:09,0.8,29.68,1.8,55,55,0,93.47,2.1,0,Normal
2026-03-01 09:31:10,0.18,28.58,3.73,50,50,0,83.07,2.57,0,Normal
2026-03-01 09:31:11,0.07,57.27,3.81,45,45,0,75.14,4.54,0,Normal
2026-03-01 09:31:12,0.1,39.18,3.16,52,52,0,87.84,3.9,0,Normal
2026-03-01 09:31:13,0.22,22.42,3.25,45,45,0,76.16,3.47,0,Normal
2026-03-01 09:31:14,0.53,19.78,1.58,50,50,0,81.14,1.39,0,Normal
2026-03-01 09:31:15,0.71,25.0,2.25,55,55,0,90.65,1.77,0,Normal
2026-03-01 09:31:16,0.07,25.67,5.06,42,42,0,67.81,6.31,0,Normal
2026-03-01 09:31:17,0.0,26.3,1.33,42,42,0,68.06,0.91,0,Normal
2026-03-01 09:31:18,0.71,61.31,3.19,51,51,0,84.0,4.41,0,Normal
2026-03-01 09:31:19,0.09,32.62,2.88,50,50,0,83.67,3.53,0,Normal
2026-03-01 09:31:20,0.6,31.2,1.35,43,43,0,72.05,1.56,0,Normal
2026-03-01 09:31:21,0.28,51.19,7.11,59,59,0,95.89,9.89,0,Normal
2026-03-01 09:31:22,0.18,25.39,2.09,60,60,0,99.4,2.4,0,Normal
2026-03-01 09:31:23,0.06,45.33,4.25,57,57,0,93.48,2.9,0,Normal
2026-03-01 09:31:24,0.39,20.82,2.69,51,51,0,85.38,2.31,0,Normal
2026-03-01 09:31:25,0.6,23.83,2.27,45,45,0,74.62,2.43,0,Normal
2026-03-01 09:31:26,0.22,59.23,2.99,44,44,0,75.81,3.17,0,Normal
2026-03-01 09:31:27,0.21,21.07,2.83,51,51,0,85.47,1.72,0,Normal
2026-03-01 09:31:28,0.49,67.3,3.05,48,48,0,79.73,2.47,0,Normal
2026-03-01 09:31:29,0.24,26.83,2.33,42,42,0,70.17,2.77,0,Normal
2026-03-01 09:31:30,0.54,55.4,2.1,42,42,0,69.59,2.37,0,Normal
2026-03-01 09:31:31,0.02,34.97,5.22,43,43,0,74.25,6.88,0,Normal
2026-03-01 09:31:32,0.68,13.24,3.33,48,48,0,80.14,4.56,0,Normal
2026-03-01 09:31:33,0.11,25.7,3.23,54,54,0,91.4,4.19,0,Normal
2026-03-01 09:31:34,0.06,13.89,2.22,60,60,0,101.98,2.32,0,Normal
2026-03-01 09:31:35,0.01,29.43,6.74,42,42,0,69.57,6.97,0,Normal
2026-03-01 09:31:36,0.63,32.57,3.19,49,49,0,79.61,2.86,0,Normal
2026-03-01 09:31:37,0.02,19.89,1.41,53,53,0,88.32,1.87,0,Normal
2026-03-01 09:31:38,1.08,20.66,3.76,55,54,1,91.68,4.75,0,Normal
2026-03-01 09:31:39,0.29,62.17,2.35,60,60,0,98.26,2.88,0,Normal
2026-03-01 09:31:40,0.42,28.38,5.0,44,44,0,74.3,6.12,0,Normal
2026-03-01 09:31:41,0.45,25.96,5.3,45,45,0,76.86,6.78,0,Normal
2026-03-01 09:31:42,0.12,26.33,5.03,42,42,0,72.65,6.71,0,Normal
2026-03-01 09:31:43,0.57,25.79,2.7,50,50,0,85.02,3.39,0,Normal
2026-03-01 09:31:44,1.02,54.14,3.16,44,44,0,74.36,3.95,0,Normal
2026-03-01 09:31:45,0.16,34.79,3.71,56,56,0,94.36,4.19,0,Normal
2026-03-01 09:31:46,0.63,29.63,4.96,48,48,0,78.83,4.8,0,Normal
2026-03-01 09:31:47,0.52,20.89,2.08,60,60,0,99.38,2.17,0,Normal
2026-03-01 09:31:48,0.31,57.71,3.46,56,56,0,91.48,3.56,0,Normal
2026-03-01 09:31:49,10.7,22.77,7.69,48,43,5,72.24,9.69,1,High Packet Loss
2026-03-01 09:31:50,12.64,68.22,2.61,54,47,7,78.96,2.12,1,High Packet Loss
2026-03-01 09:31:51,20.76,32.27,3.28,51,40,11,67.2,2.92,1,High Packet Loss
2026-03-01 09:31:52,20.18,51.97,10.76,50,40,10,67.2,11.25,1,High Packet Loss
2026-03-01 09:31:53,13.78,38.24,2.98,48,41,7,68.88,4.13,1,High Packet Loss
2026-03-01 09:31:54,18.62,73.07,1.66,55,45,10,75.6,1.65,1,High Packet Loss
2026-03-01 09:31:55,10.11,26.62,3.24,48,43,5,72.24,2.27,1,High Packet Loss
2026-03-01 09:31:56,22.03,25.54,7.05,43,34,9,57.12,8.03,1,High Packet Loss
2026-03-01 09:31:57,7.1,55.7,5.34,60,56,4,94.08,5.84,1,High Packet Loss
2026-03-01 09:31:58,13.18,22.28,2.14,58,50,8,84.0,2.73,1,High Packet Loss
2026-03-01 09:31:59,20.57,38.4,4.0,60,48,12,80.64,5.14,1,High Packet Loss
2026-03-01 09:32:00,15.19,53.4,3.07,47,40,7,67.2,2.48,1,High Packet Loss
2026-03-01 09:32:01,0.15,33.21,4.78,50,50,0,84.22,3.04,0,Normal
2026-03-01 09:32:02,0.26,32.14,2.52,44,44,0,73.97,3.09,0,Normal
2026-03-01 09:32:03,0.72,26.17,4.15,46,46,0,80.16,4.65,0,Normal
2026-03-01 09:32:04,0.02,38.86,7.84,59,59,0,100.54,5.59,0,Normal
2026-03-01 09:32:05,0.93,53.35,1.02,42,42,0,70.53,1.42,0,Normal
2026-03-01 09:32:06,0.22,27.52,4.34,60,60,0,100.98,5.81,0,Normal
2026-03-01 09:32:07,0.69,25.07,6.01,46,46,0,79.19,7.08,0,Normal
2026-03-01 09:32:08,0.69,33.76,1.65,53,53,0,91.0,1.06,0,Normal
2026-03-01 09:32:09,0.02,30.12,2.4,42,42,0,71.06,1.85,0,Normal
2026-03-01 09:32:10,0.53,76.78,2.78,46,46,0,79.88,2.39,0,Normal
2026-03-01 09:32:11,0.46,62.35,2.39,55,55,0,91.05,1.54,0,Normal
2026-03-01 09:32:12,0.02,30.91,2.31,60,60,0,100.76,2.92,0,Normal
2026-03-01 09:32:13,0.99,21.79,2.8,59,58,1,102.19,1.85,0,Normal
2026-03-01 09:32:14,0.35,73.27,4.87,54,54,0,91.79,3.72,0,Normal
2026-03-01 09:32:15,0.06,20.2,6.48,54,54,0,90.51,5.55,0,Normal
2026-03-01 09:32:16,0.05,26.97,5.97,59,59,0,99.28,5.16,0,Normal
2026-03-01 09:32:17,0.29,28.9,5.19,42,42,0,70.83,4.22,0,Normal
2026-03-01 09:32:18,0.02,25.99,7.57,49,49,0,84.82,10.47,0,Normal
2026-03-01 09:32:19,0.06,61.75,8.28,47,47,0,80.17,11.34,0,Normal
2026-03-01 09:32:20,1.04,18.32,3.58,58,57,1,95.64,3.92,0,Normal
2026-03-01 09:32:21,0.48,68.21,6.32,43,43,0,69.73,4.43,0,Normal
2026-03-01 09:32:22,0.33,16.45,4.02,50,50,0,82.91,4.68,0,Normal
2026-03-01 09:32:23,0.08,28.19,3.01,49,49,0,82.41,4.16,0,Normal
2026-03-01 09:32:24,0.09,61.17,3.25,58,58,0,97.25,4.54,0,Normal
2026-03-01 09:32:25,0.21,53.13,5.24,54,54,0,92.36,5.72,0,Normal
2026-03-01 09:32:26,0.49,65.84,6.42,47,47,0,78.61,4.82,0,Normal
2026-03-01 09:32:27,0.0,30.42,4.31,55,55,0,93.66,5.46,0,Normal
2026-03-01 09:32:28,0.02,61.93,2.78,48,48,0,78.43,3.05,0,Normal
2026-03-01 09:32:29,0.71,34.29,2.66,54,54,0,89.93,2.56,0,Normal
2026-03-01 09:32:30,0.59,18.34,1.44,45,45,0,76.64,1.04,0,Normal
2026-03-01 09:32:31,0.42,27.65,3.91,60,60,0,103.9,3.09,0,Normal
2026-03-01 09:32:32,0.24,40.07,3.79,56,56,0,93.87,4.03,0,Normal
2026-03-01 09:32:33,0.05,57.38,2.07,42,42,0,71.8,1.68,0,Normal
2026-03-01 09:32:34,0.04,23.01,4.11,47,47,0,80.96,4.04,0,Normal
2026-03-01 09:32:35,0.83,27.52,4.08,47,47,0,80.39,4.78,0,Normal
2026-03-01 09:32:36,0.17,25.7,1.7,49,49,0,83.44,2.37,0,Normal
2026-03-01 09:32:37,0.42,20.94,2.87,50,50,0,83.47,1.82,0,Normal
2026-03-01 09:32:38,0.21,33.21,6.26,44,44,0,76.2,7.75,0,Normal
2026-03-01 09:32:39,0.46,31.51,2.5,53,53,0,87.06,1.75,0,Normal
2026-03-01 09:32:40,0.08,19.99,3.35,48,48,0,78.74,4.53,0,Normal
2026-03-01 09:32:41,0.23,27.44,3.57,56,56,0,96.88,4.34,0,Normal
2026-03-01 09:32:42,0.17,43.81,3.28,57,57,0,96.3,3.01,0,Normal
2026-03-01 09:32:43,0.1,18.39,4.53,48,48,0,78.78,4.57,0,Normal
2026-03-01 09:32:44,0.32,19.51,5.06,45,45,0,73.45,5.77,0,Normal
2026-03-01 09:32:45,0.27,70.12,5.87,50,50,0,81.79,6.15,0,Normal
2026-03-01 09:32:46,0.24,27.65,2.88,49,49,0,85.37,3.99,0,Normal
2026-03-01 09:32:47,0.31,59.85,4.2,47,47,0,78.84,5.88,0,Normal
2026-03-01 09:32:48,0.05,22.24,4.84,43,43,0,71.46,3.13,0,Normal
2026-03-01 09:32:49,0.16,50.2,3.15,44,44,0,76.36,3.72,0,Normal
2026-03-01 09:32:50,0.14,32.49,2.4,55,55,0,92.78,2.88,0,Normal
2026-03-01 09:32:51,0.51,30.14,3.54,42,42,0,70.07,4.36,0,Normal
2026-03-01 09:32:52,0.01,34.01,2.53,48,48,0,82.23,3.37,0,Normal
2026-03-01 09:32:53,0.12,26.63,2.42,50,50,0,84.9,2.6,0,Normal
2026-03-01 09:32:54,0.88,55.74,3.67,47,47,0,79.86,2.95,0,Normal
2026-03-01 09:32:55,0.13,30.09,3.05,55,55,0,91.99,3.47,0,Normal
2026-03-01 09:32:56,0.06,25.07,3.59,44,44,0,72.58,3.08,0,Normal
2026-03-01 09:32:57,0.5,28.56,1.65,43,43,0,70.72,1.44,0,Normal
2026-03-01 09:32:58,0.02,52.58,3.07,48,48,0,80.79,3.35,0,Normal
2026-03-01 09:32:59,0.19,56.78,1.2,47,47,0,78.97,1.0,0,Normal
2026-03-01 09:33:00,0.68,30.58,2.07,54,54,0,91.44,2.4,0,Normal
2026-03-01 09:33:01,1.08,31.67,3.19,56,55,1,91.76,4.09,0,Normal
2026-03-01 09:33:02,0.1,25.54,5.73,59,59,0,101.04,7.96,0,Normal
2026-03-01 09:33:03,0.12,44.4,4.23,54,54,0,88.73,3.11,0,Normal
2026-03-01 09:33:04,0.29,26.97,3.46,44,44,0,74.55,3.33,0,Normal
2026-03-01 09:33:05,0.09,17.93,2.8,46,46,0,75.92,3.34,0,Normal
2026-03-01 09:33:06,10.53,55.17,2.97,44,39,5,65.52,3.15,1,High Packet Loss
2026-03-01 09:33:07,13.18,49.08,5.98,42,36,6,60.48,3.89,1,High Packet Loss
2026-03-01 09:33:08,21.46,29.39,2.02,51,40,11,67.2,1.77,1,High Packet Loss
2026-03-01 09:33:09,23.23,25.21,2.4,48,37,11,62.16,2.96,1,High Packet Loss
2026-03-01 09:33:10,7.02,59.81,5.37,59,55,4,92.4,5.33,1,High Packet Loss
2026-03-01 09:33:11,22.93,37.71,2.84,50,39,11,65.52,3.29,1,High Packet Loss
2026-03-01 09:33:12,18.57,29.21,7.95,42,34,8,57.12,8.84,1,High Packet Loss
2026-03-01 09:33:13,14.71,38.74,4.53,42,36,6,60.48,6.14,1,High Packet Loss
2026-03-01 09:33:14,10.39,12.0,5.58,46,41,5,68.88,7.18,1,High Packet Loss
2026-03-01 09:33:15,11.11,30.31,1.6,42,37,5,62.16,1.4,1,High Packet Loss
2026-03-01 09:33:16,17.96,22.08,5.35,42,34,8,57.12,5.34,1,High Packet Loss
2026-03-01 09:33:17,13.57,27.4,2.27,42,36,6,60.48,2.22,1,High Packet Loss
2026-03-01 09:33:18,0.21,23.15,4.58,60,60,0,98.48,3.77,0,Normal
2026-03-01 09:33:19,0.03,22.71,2.82,57,57,0,93.99,3.09,0,Normal
2026-03-01 09:33:20,0.47,23.41,3.67,42,42,0,68.8,2.97,0,Normal
2026-03-01 09:33:21,0.24,60.6,2.02,44,44,0,74.33,1.47,0,Normal
2026-03-01 09:33:22,0.13,32.66,1.53,42,42,0,68.44,1.05,0,Normal
2026-03-01 09:33:23,1.73,31.44,3.55,60,59,1,98.81,2.95,0,Normal
2026-03-01 09:33:24,0.73,20.75,2.91,60,60,0,100.86,2.85,0,Normal
2026-03-01 09:33:25,0.01,21.57,2.22,45,45,0,75.15,1.54,0,Normal
2026-03-01 09:33:26,0.32,44.88,1.56,47,47,0,78.55,1.78,0,Normal
2026-03-01 09:33:27,0.15,34.32,1.0,51,51,0,87.59,1.29,0,Normal
2026-03-01 09:33:28,0.01,34.22,4.2,54,54,0,91.47,3.96,0,Normal
2026-03-01 09:33:29,0.0,21.98,2.96,46,46,0,78.33,3.84,0,Normal
2026-03-01 09:33:30,0.31,33.94,2.53,57,57,0,95.2,1.82,0,Normal
2026-03-01 09:33:31,0.14,17.34,3.65,53,53,0,90.22,2.42,0,Normal
2026-03-01 09:33:32,0.43,26.78,5.24,51,51,0,86.14,6.56,0,Normal
2026-03-01 09:33:33,0.21,30.92,3.75,47,47,0,79.28,5.17,0,Normal
2026-03-01 09:33:34,0.51,50.46,2.72,42,42,0,69.97,2.37,0,Normal
2026-03-01 09:33:35,0.59,51.19,8.67,47,47,0,79.32,9.76,0,Normal
2026-03-01 09:33:36,0.37,57.58,2.49,42,42,0,73.72,2.8,0,Normal
2026-03-01 09:33:37,0.19,53.14,1.76,60,60,0,101.71,2.02,0,Normal
2026-03-01 09:33:38,1.56,78.0,3.47,56,55,1,94.96,3.67,0,Normal
2026-03-01 09:33:39,0.13,64.69,2.96,56,56,0,91.25,2.38,0,Normal
2026-03-01 09:33:40,0.25,32.74,5.08,53,53,0,89.15,3.38,0,Normal
2026-03-01 09:33:41,0.26,21.26,2.62,53,53,0,90.27,1.6,0,Normal
2026-03-01 09:33:42,0.2,58.85,3.08,42,42,0,71.14,2.29,0,Normal
2026-03-01 09:33:43,0.05,33.46,2.25,46,46,0,78.05,1.57,0,Normal
2026-03-01 09:33:44,0.15,19.03,4.78,47,47,0,78.38,3.01,0,Normal
2026-03-01 09:33:45,0.08,29.99,3.54,52,52,0,89.18,2.38,0,Normal
2026-03-01 09:33:46,0.81,17.47,2.93,47,47,0,76.56,1.87,0,Normal
2026-03-01 09:33:47,0.37,22.34,3.1,43,43,0,72.02,3.22,0,Normal
2026-03-01 09:33:48,0.12,24.97,3.29,46,46,0,77.47,2.12,0,Normal
2026-03-01 09:33:49,0.29,31.08,1.74,52,52,0,86.5,2.43,0,Normal
2026-03-01 09:33:50,0.67,66.7,5.6,47,47,0,79.0,5.61,0,Normal
2026-03-01 09:33:51,0.95,51.95,5.46,43,43,0,69.29,7.21,0,Normal
2026-03-01 09:33:52,0.03,51.75,3.38,57,57,0,93.82,3.35,0,Normal
2026-03-01 09:33:53,0.54,67.97,3.22,42,42,0,72.47,2.28,0,Normal
2026-03-01 09:33:54,1.19,35.5,2.12,47,46,1,77.65,2.7,0,Normal
2026-03-01 09:33:55,0.22,21.1,7.22,46,46,0,76.71,5.71,0,Normal
2026-03-01 09:33:56,1.89,32.55,6.48,52,51,1,87.15,4.1,0,Normal
2026-03-01 09:33:57,1.1,46.27,3.96,48,47,1,81.04,2.98,0,Normal
2026-03-01 09:33:58,0.37,24.55,4.8,42,42,0,73.27,5.18,0,Normal
2026-03-01 09:33:59,0.66,49.92,5.78,42,42,0,67.73,5.47,0,Normal
2026-03-01 09:34:00,0.12,21.12,5.27,60,60,0,102.87,3.84,0,Normal
2026-03-01 09:34:01,0.87,56.57,2.26,60,59,1,97.38,2.32,0,Normal
2026-03-01 09:34:02,0.31,27.1,2.89,55,55,0,92.85,3.93,0,Normal
2026-03-01 09:34:03,0.25,67.75,4.1,60,60,0,101.72,4.84,0,Normal
2026-03-01 09:34:04,0.63,26.2,3.64,51,51,0,88.09,2.38,0,Normal
2026-03-01 09:34:05,0.77,26.6,4.66,46,46,0,77.98,3.99,0,Normal
2026-03-01 09:34:06,0.42,27.5,4.44,56,56,0,94.5,5.12,0,Normal
2026-03-01 09:34:07,0.01,67.31,3.71,60,60,0,99.54,2.64,0,Normal
2026-03-01 09:34:08,0.32,31.87,1.03,52,52,0,84.83,1.06,0,Normal
2026-03-01 09:34:09,0.6,60.9,5.63,42,42,0,69.26,5.84,0,Normal
2026-03-01 09:34:10,0.28,58.96,4.84,49,49,0,84.43,3.25,0,Normal
2026-03-01 09:34:11,0.96,53.93,8.42,48,48,0,80.69,9.14,0,Normal
2026-03-01 09:34:12,0.8,20.1,2.68,60,60,0,103.29,3.54,0,Normal
2026-03-01 09:34:13,0.26,28.45,1.45,50,50,0,82.92,1.62,0,Normal
2026-03-01 09:34:14,0.18,26.97,3.06,60,60,0,101.98,4.08,0,Normal
2026-03-01 09:34:15,0.02,74.15,4.08,56,56,0,94.33,4.45,0,Normal
2026-03-01 09:34:16,0.35,54.85,2.72,47,47,0,80.9,3.27,0,Normal
2026-03-01 09:34:17,0.11,60.16,6.16,58,58,0,97.11,8.09,0,Normal
2026-03-01 09:34:18,0.39,37.07,2.47,53,53,0,88.85,2.39,0,Normal
2026-03-01 09:34:19,0.56,28.03,3.17,48,48,0,82.47,2.3,0,Normal
2026-03-01 09:34:20,0.18,53.02,2.97,48,48,0,77.51,2.07,0,Normal
2026-03-01 09:34:21,0.01,24.54,11.57,49,49,0,82.11,15.77,0,Normal
2026-03-01 09:34:22,0.7,53.8,2.21,47,47,0,76.47,2.29,0,Normal
2026-03-01 09:34:23,0.28,30.46,4.32,43,43,0,72.2,4.95,0,Normal
2026-03-01 09:34:24,0.13,30.57,1.93,51,51,0,85.05,2.11,0,Normal
2026-03-01 09:34:25,0.35,58.5,3.87,45,45,0,76.5,4.08,0,Normal
2026-03-01 09:34:26,0.39,30.26,2.16,50,50,0,84.7,2.26,0,Normal
2026-03-01 09:34:27,0.06,19.98,5.45,60,60,0,100.37,5.33,0,Normal
2026-03-01 09:34:28,0.36,58.43,5.0,49,49,0,80.88,6.53,0,Normal
2026-03-01 09:34:29,0.12,33.1,3.75,50,50,0,84.12,2.61,0,Normal
2026-03-01 09:34:30,0.57,51.91,1.78,44,44,0,75.88,2.08,0,Normal
2026-03-01 09:34:31,0.99,70.52,3.24,42,42,0,69.09,3.71,0,Normal
2026-03-01 09:34:32,0.04,27.33,2.9,53,53,0,86.79,1.88,0,Normal
2026-03-01 09:34:33,0.87,33.1,4.82,51,51,0,82.92,3.73,0,Normal
2026-03-01 09:34:34,0.82,30.5,2.21,55,55,0,90.1,2.72,0,Normal
2026-03-01 09:34:35,0.15,24.02,5.58,55,55,0,92.39,4.39,0,Normal
2026-03-01 09:34:36,20.64,23.74,5.13,47,37,10,62.16,5.45,1,High Packet Loss
2026-03-01 09:34:37,8.74,63.68,1.79,42,38,4,63.84,1.19,1,High Packet Loss
2026-03-01 09:34:38,13.68,31.48,3.01,42,36,6,60.48,2.34,1,High Packet Loss
2026-03-01 09:34:39,21.32,14.19,3.24,57,45,12,75.6,4.26,1,High Packet Loss
2026-03-01 09:34:40,7.17,28.94,5.22,48,45,3,75.6,4.64,1,High Packet Loss
2026-03-01 09:34:41,20.42,22.7,2.44,59,47,12,78.96,3.03,1,High Packet Loss
2026-03-01 09:34:42,19.45,29.15,3.65,59,48,11,80.64,3.58,1,High Packet Loss
2026-03-01 09:34:43,11.25,65.26,5.44,56,50,6,84.0,4.67,1,High Packet Loss
2026-03-01 09:34:44,22.12,18.03,3.72,43,33,10,55.44,3.92,1,High Packet Loss
2026-03-01 09:34:45,22.47,26.64,1.44,42,33,9,55.44,1.48,1,High Packet Loss
2026-03-01 09:34:46,19.17,28.93,2.66,51,41,10,68.88,3.69,1,High Packet Loss
2026-03-01 09:34:47,20.89,28.53,4.99,43,34,9,57.12,4.37,1,High Packet Loss
2026-03-01 09:34:48,8.61,27.27,4.71,42,38,4,63.84,5.29,1,High Packet Loss
2026-03-01 09:34:49,13.96,64.56,1.21,51,44,7,73.92,1.39,1,High Packet Loss
2026-03-01 09:34:50,23.46,21.59,3.63,53,41,12,68.88,4.0,1,High Packet Loss
2026-03-01 09:34:51,7.72,19.73,5.08,60,55,5,92.4,5.0,1,High Packet Loss
2026-03-01 09:34:52,13.49,31.32,4.23,60,52,8,87.36,5.19,1,High Packet Loss
2026-03-01 09:34:53,23.32,27.31,4.46,45,35,10,58.8,5.41,1,High Packet Loss
2026-03-01 09:34:54,16.55,27.69,8.4,55,46,9,77.28,11.48,1,High Packet Loss
2026-03-01 09:34:55,6.52,17.77,3.26,46,43,3,72.24,4.5,1,High Packet Loss
2026-03-01 09:34:56,0.29,27.8,3.81,51,51,0,84.34,2.94,0,Normal
2026-03-01 09:34:57,0.14,31.8,2.18,42,42,0,70.43,2.44,0,Normal
2026-03-01 09:34:58,0.1,16.95,2.5,56,56,0,95.26,3.21,0,Normal
2026-03-01 09:34:59,0.05,24.79,2.86,43,43,0,74.33,3.92,0,Normal
2026-03-01 09:35:00,0.46,18.58,4.87,53,53,0,89.32,3.48,0,Normal
2026-03-01 09:35:01,0.53,54.63,2.37,50,50,0,84.98,3.22,0,Normal
2026-03-01 09:35:02,0.16,22.59,5.79,46,46,0,77.06,4.52,0,Normal
2026-03-01 09:35:03,0.0,53.63,2.03,43,43,0,74.42,2.15,0,Normal
2026-03-01 09:35:04,0.98,29.02,4.43,43,43,0,74.45,4.97,0,Normal
2026-03-01 09:35:05,0.2,35.75,4.26,49,49,0,81.14,5.55,0,Normal
2026-03-01 09:35:06,1.29,27.68,3.73,49,48,1,81.21,4.63,0,Normal
2026-03-01 09:35:07,0.4,56.23,5.17,51,51,0,84.19,6.97,0,Normal
2026-03-01 09:35:08,0.05,24.65,2.38,60,60,0,102.02,2.92,0,Normal
2026-03-01 09:35:09,0.14,21.38,2.69,50,50,0,83.41,2.34,0,Normal
2026-03-01 09:35:10,0.37,33.01,2.15,55,55,0,91.2,1.6,0,Normal
2026-03-01 09:35:11,0.37,35.46,3.33,49,49,0,79.26,2.42,0,Normal
2026-03-01 09:35:12,0.09,32.23,3.15,60,60,0,102.42,2.11,0,Normal
2026-03-01 09:35:13,0.07,28.79,4.88,51,51,0,85.97,6.57,0,Normal
2026-03-01 09:35:14,0.11,22.16,3.95,50,50,0,84.38,3.91,0,Normal
2026-03-01 09:35:15,0.54,34.85,4.53,52,52,0,88.61,6.21,0,Normal
2026-03-01 09:35:16,0.1,31.48,3.04,50,50,0,82.86,3.71,0,Normal
2026-03-01 09:35:17,0.42,40.15,3.99,42,42,0,69.18,5.43,0,Normal
2026-03-01 09:35:18,0.71,21.07,7.51,58,58,0,98.26,9.72,0,Normal
2026-03-01 09:35:19,0.17,33.18,1.81,43,43,0,73.98,1.93,0,Normal
2026-03-01 09:35:20,0.0,31.29,1.45,56,56,0,94.88,1.13,0,Normal
2026-03-01 09:35:21,0.05,25.95,4.42,52,52,0,89.76,3.55,0,Normal
2026-03-01 09:35:22,0.13,36.18,2.27,42,42,0,71.41,2.03,0,Normal
2026-03-01 09:35:23,0.07,30.41,1.78,58,58,0,98.2,1.1,0,Normal
2026-03-01 09:35:24,0.12,22.38,4.22,42,42,0,71.79,4.79,0,Normal
2026-03-01 09:35:25,0.27,27.29,2.11,58,58,0,97.09,2.21,0,Normal
2026-03-01 09:35:26,0.01,22.31,6.64,48,48,0,78.78,4.52,0,Normal
2026-03-01 09:35:27,0.02,25.19,3.56,49,49,0,82.35,4.49,0,Normal
2026-03-01 09:35:28,0.68,32.22,3.03,51,51,0,86.75,3.81,0,Normal
2026-03-01 09:35:29,0.26,33.94,2.29,46,46,0,75.99,1.59,0,Normal
2026-03-01 09:35:30,0.96,52.96,3.66,47,47,0,76.85,2.79,0,Normal
2026-03-01 09:35:31,0.0,23.5,1.62,52,52,0,86.27,1.3,0,Normal
2026-03-01 09:35:32,0.0,30.29,1.09,45,45,0,77.6,1.12,0,Normal
2026-03-01 09:35:33,0.47,32.34,1.65,49,49,0,83.06,2.24,0,Normal
2026-03-01 09:35:34,0.23,16.17,5.54,56,56,0,93.89,6.27,0,Normal
2026-03-01 09:35:35,0.86,51.93,2.19,46,46,0,75.83,2.51,0,Normal
2026-03-01 09:35:36,0.54,47.27,1.74,42,42,0,70.97,1.45,0,Normal
2026-03-01 09:35:37,0.25,57.35,3.19,60,60,0,101.08,3.51,0,Normal
2026-03-01 09:35:38,0.23,46.08,9.04,51,51,0,86.36,6.95,0,Normal
2026-03-01 09:35:39,0.58,272.61,5.43,47,47,0,82.72,47.73,1,High Latency
2026-03-01 09:35:40,0.57,359.81,2.32,51,51,0,86.42,43.21,1,High Latency
2026-03-01 09:35:41,0.11,337.65,2.3,42,42,0,69.52,42.79,1,High Latency
2026-03-01 09:35:42,0.39,218.88,2.32,60,60,0,98.72,43.75,1,High Latency
2026-03-01 09:35:43,0.36,174.87,2.2,52,52,0,86.52,43.24,1,High Latency
2026-03-01 09:35:44,0.68,29.05,4.24,51,51,0,84.99,4.68,0,Normal
2026-03-01 09:35:45,0.71,18.78,2.85,52,52,0,88.6,3.42,0,Normal
2026-03-01 09:35:46,0.11,40.57,2.01,48,48,0,79.71,2.52,0,Normal
2026-03-01 09:35:47,0.74,15.93,1.82,53,53,0,87.55,2.52,0,Normal
2026-03-01 09:35:48,0.9,63.89,9.35,53,53,0,89.85,9.77,0,Normal
2026-03-01 09:35:49,0.04,28.38,4.63,46,46,0,76.35,4.56,0,Normal
2026-03-01 09:35:50,0.3,32.6,2.26,60,60,0,101.66,1.8,0,Normal
2026-03-01 09:35:51,0.2,68.99,5.73,54,54,0,89.45,6.86,0,Normal
2026-03-01 09:35:52,0.18,30.24,1.98,43,43,0,71.53,1.95,0,Normal
2026-03-01 09:35:53,0.43,36.81,3.12,49,49,0,81.45,2.69,0,Normal
2026-03-01 09:35:54,0.05,24.16,2.97,52,52,0,87.98,2.81,0,Normal
2026-03-01 09:35:55,0.6,38.92,3.6,46,46,0,77.06,3.23,0,Normal
2026-03-01 09:35:56,0.01,67.79,2.17,43,43,0,70.41,3.0,0,Normal
2026-03-01 09:35:57,0.3,20.85,3.52,43,43,0,70.28,2.75,0,Normal
2026-03-01 09:35:58,0.09,23.09,1.51,48,48,0,80.17,1.41,0,Normal
2026-03-01 09:35:59,0.39,50.4,2.8,49,49,0,80.2,2.37,0,Normal
2026-03-01 09:36:00,0.26,77.43,6.05,60,60,0,100.18,4.46,0,Normal
2026-03-01 09:36:01,1.95,22.0,5.27,51,50,1,84.38,4.42,0,Normal
2026-03-01 09:36:02,0.69,23.58,2.43,48,48,0,78.87,2.41,0,Normal
2026-03-01 09:36:03,0.14,56.28,1.67,54,54,0,91.99,1.85,0,Normal
2026-03-01 09:36:04,0.26,24.71,1.24,60,60,0,102.88,1.36,0,Normal
2026-03-01 09:36:05,0.13,57.44,4.38,46,46,0,78.91,5.34,0,Normal
2026-03-01 09:36:06,0.46,24.82,3.76,43,43,0,73.24,2.47,0,Normal
2026-03-01 09:36:07,0.19,25.67,3.95,55,55,0,93.03,3.36,0,Normal
2026-03-01 09:36:08,0.04,37.7,7.1,48,48,0,81.0,6.27,0,Normal
2026-03-01 09:36:09,0.38,66.6,3.56,53,53,0,89.59,4.1,0,Normal
2026-03-01 09:36:10,0.0,33.92,3.68,57,57,0,94.85,2.82,0,Normal
2026-03-01 09:36:11,0.12,22.56,1.77,59,59,0,99.08,1.37,0,Normal
2026-03-01 09:36:12,0.83,24.82,6.89,60,60,0,101.02,4.66,0,Normal
2026-03-01 09:36:13,0.03,57.29,3.08,46,46,0,78.24,3.17,0,Normal
2026-03-01 09:36:14,0.25,32.81,2.3,48,48,0,78.25,2.72,0,Normal
2026-03-01 09:36:15,0.55,35.35,3.65,49,49,0,82.64,4.22,0,Normal
2026-03-01 09:36:16,0.82,24.4,8.17,44,44,0,75.51,9.75,0,Normal
2026-03-01 09:36:17,0.29,25.81,8.68,46,46,0,76.38,6.38,0,Normal
2026-03-01 09:36:18,0.06,26.08,2.15,42,42,0,70.4,2.29,0,Normal
2026-03-01 09:36:19,0.99,18.72,5.63,48,48,0,77.84,3.8,0,Normal
2026-03-01 09:36:20,0.48,23.96,3.86,52,52,0,87.46,5.3,0,Normal
2026-03-01 09:36:21,0.18,55.72,5.18,42,42,0,68.33,3.54,0,Normal
2026-03-01 09:36:22,0.11,67.47,3.76,53,53,0,88.21,4.9,0,Normal
2026-03-01 09:36:23,0.02,61.13,4.38,54,54,0,90.65,2.76,0,Normal
2026-03-01 09:36:24,0.07,20.15,6.02,50,50,0,83.09,6.17,0,Normal
2026-03-01 09:36:25,0.53,62.45,1.51,54,54,0,90.47,1.94,0,Normal
2026-03-01 09:36:26,0.04,24.62,3.9,50,50,0,84.56,4.33,0,Normal
2026-03-01 09:36:27,0.05,20.67,1.96,55,55,0,92.34,1.95,0,Normal
2026-03-01 09:36:28,0.08,32.74,2.69,49,49,0,82.53,1.89,0,Normal
2026-03-01 09:36:29,0.18,33.08,3.32,48,48,0,77.84,3.74,0,Normal
2026-03-01 09:36:30,0.07,22.18,2.11,54,54,0,90.48,2.28,0,Normal
2026-03-01 09:36:31,0.82,26.7,2.56,59,59,0,95.79,2.47,0,Normal
2026-03-01 09:36:32,0.1,28.27,1.77,42,42,0,69.97,1.39,0,Normal
2026-03-01 09:36:33,0.88,17.11,2.54,48,48,0,83.4,1.97,0,Normal
2026-03-01 09:36:34,1.47,19.62,4.18,43,42,1,71.96,5.75,0,Normal
2026-03-01 09:36:35,0.49,35.72,4.9,51,51,0,83.54,6.72,0,Normal
2026-03-01 09:36:36,0.0,21.61,2.35,45,45,0,74.79,3.17,0,Normal
2026-03-01 09:36:37,0.1,35.55,6.03,59,59,0,98.86,6.11,0,Normal
2026-03-01 09:36:38,0.11,19.93,4.31,43,43,0,73.0,5.99,0,Normal
2026-03-01 09:36:39,0.27,31.95,6.33,46,46,0,78.56,5.3,0,Normal
2026-03-01 09:36:40,0.06,26.13,1.5,49,49,0,84.76,1.41,0,Normal
2026-03-01 09:36:41,0.03,64.72,3.82,42,42,0,69.13,2.82,0,Normal
2026-03-01 09:36:42,0.07,39.14,4.37,60,60,0,101.13,4.25,0,Normal
2026-03-01 09:36:43,0.14,20.47,1.53,49,49,0,79.68,1.15,0,Normal
2026-03-01 09:36:44,0.02,60.99,9.84,42,42,0,71.17,6.43,0,Normal
2026-03-01 09:36:45,0.08,31.32,2.49,45,45,0,76.34,1.52,0,Normal
2026-03-01 09:36:46,0.06,48.13,4.24,42,42,0,70.59,3.83,0,Normal
2026-03-01 09:36:47,0.52,21.54,5.04,56,56,0,95.06,6.64,0,Normal
2026-03-01 09:36:48,0.07,24.24,3.47,49,49,0,81.03,3.3,0,Normal
2026-03-01 09:36:49,0.55,32.9,6.19,48,48,0,78.66,6.92,0,Normal
2026-03-01 09:36:50,0.25,62.47,8.15,56,56,0,92.65,10.22,0,Normal
2026-03-01 09:36:51,0.5,25.22,2.02,49,49,0,82.88,2.1,0,Normal
2026-03-01 09:36:52,0.21,33.75,3.5,49,49,0,84.29,3.68,0,Normal
2026-03-01 09:36:53,0.81,26.4,5.01,46,46,0,75.99,5.11,0,Normal
2026-03-01 09:36:54,0.11,55.03,1.59,50,50,0,82.97,1.11,0,Normal
2026-03-01 09:36:55,0.51,68.41,5.36,42,42,0,70.73,5.94,0,Normal
2026-03-01 09:36:56,0.06,30.25,7.16,45,45,0,80.77,8.43,0,Normal
2026-03-01 09:36:57,0.75,26.12,5.92,42,42,0,69.89,3.55,0,Normal
2026-03-01 09:36:58,0.01,25.84,4.04,42,42,0,72.01,2.7,0,Normal
2026-03-01 09:36:59,0.21,22.51,6.64,49,49,0,82.05,6.86,0,Normal
2026-03-01 09:37:00,0.19,32.35,3.9,45,45,0,74.79,4.96,0,Normal
2026-03-01 09:37:01,0.34,25.84,1.83,42,42,0,68.57,1.88,0,Normal
2026-03-01 09:37:02,0.2,54.87,2.63,46,46,0,76.82,2.49,0,Normal
2026-03-01 09:37:03,0.31,20.29,2.96,60,60,0,102.07,3.99,0,Normal
2026-03-01 09:37:04,0.69,30.35,3.23,42,42,0,69.26,2.13,0,Normal
2026-03-01 09:37:05,0.05,24.95,3.18,60,60,0,100.94,2.26,0,Normal
2026-03-01 09:37:06,0.1,15.92,2.85,49,49,0,81.04,3.27,0,Normal
2026-03-01 09:37:07,0.57,20.78,3.66,45,45,0,74.97,2.52,0,Normal
2026-03-01 09:37:08,14.99,401.86,48.98,51,43,8,72.24,73.47,1,Combined Degradation
2026-03-01 09:37:09,7.76,344.87,73.07,59,54,5,90.72,109.6,1,Combined Degradation
2026-03-01 09:37:10,17.81,372.59,64.18,52,43,9,72.24,96.27,1,Combined Degradation
2026-03-01 09:37:11,16.25,366.27,41.25,51,43,8,72.24,61.87,1,Combined Degradation
2026-03-01 09:37:12,10.48,210.47,56.17,52,47,5,78.96,84.25,1,Combined Degradation
2026-03-01 09:37:13,0.5,22.75,5.41,56,56,0,93.94,3.84,0,Normal
2026-03-01 09:37:14,0.68,35.1,5.82,48,48,0,81.33,5.29,0,Normal
2026-03-01 09:37:15,0.1,34.22,5.56,49,49,0,84.66,5.19,0,Normal
2026-03-01 09:37:16,0.1,31.47,3.81,50,50,0,86.21,4.2,0,Normal
2026-03-01 09:37:17,1.08,30.94,4.0,52,51,1,83.96,2.89,0,Normal
2026-03-01 09:37:18,0.37,56.0,2.45,57,57,0,95.78,1.55,0,Normal
2026-03-01 09:37:19,0.06,21.28,4.86,44,44,0,75.84,5.27,0,Normal
2026-03-01 09:37:20,0.21,28.2,2.46,45,45,0,73.98,1.6,0,Normal
2026-03-01 09:37:21,0.84,21.28,4.51,53,53,0,88.65,3.26,0,Normal
2026-03-01 09:37:22,0.34,21.38,3.38,49,49,0,81.88,4.69,0,Normal
2026-03-01 09:37:23,0.18,30.21,3.34,51,51,0,86.43,2.07,0,Normal
2026-03-01 09:37:24,0.06,33.68,5.21,42,42,0,71.76,5.8,0,Normal
2026-03-01 09:37:25,0.45,26.84,4.27,59,59,0,100.85,3.04,0,Normal
2026-03-01 09:37:26,0.11,37.89,3.77,55,55,0,92.52,4.74,0,Normal
2026-03-01 09:37:27,0.29,70.39,2.65,42,42,0,69.0,2.83,0,Normal
2026-03-01 09:37:28,0.32,49.9,6.83,48,48,0,80.11,6.68,0,Normal
2026-03-01 09:37:29,0.28,21.48,3.86,60,60,0,99.21,3.73,0,Normal
2026-03-01 09:37:30,0.1,34.11,4.65,47,47,0,77.94,5.28,0,Normal
2026-03-01 09:37:31,0.43,67.4,3.44,46,46,0,78.34,4.38,0,Normal
2026-03-01 09:37:32,0.29,32.06,2.43,54,54,0,88.57,1.47,0,Normal
2026-03-01 09:37:33,0.18,12.05,3.9,55,55,0,91.57,2.4,0,Normal
2026-03-01 09:37:34,0.02,67.19,2.54,42,42,0,71.9,2.08,0,Normal
2026-03-01 09:37:35,0.14,24.93,4.04,47,47,0,79.99,4.81,0,Normal
2026-03-01 09:37:36,0.15,52.57,0.8,50,50,0,82.8,0.6,0,Normal
2026-03-01 09:37:37,0.55,27.62,2.77,43,43,0,70.89,2.57,0,Normal
2026-03-01 09:37:38,0.25,34.55,3.3,49,49,0,84.68,3.32,0,Normal
2026-03-01 09:37:39,0.94,41.6,2.16,54,53,1,89.6,1.94,0,Normal
2026-03-01 09:37:40,0.49,59.51,3.91,52,52,0,86.14,3.8,0,Normal
2026-03-01 09:37:41,0.27,23.75,2.75,54,54,0,90.66,3.4,0,Normal
2026-03-01 09:37:42,0.06,23.38,3.31,52,52,0,88.99,2.59,0,Normal
2026-03-01 09:37:43,0.09,68.44,2.59,43,43,0,70.9,2.23,0,Normal
2026-03-01 09:37:44,0.06,50.7,5.14,49,49,0,80.95,5.25,0,Normal
2026-03-01 09:37:45,0.2,59.15,4.24,42,42,0,70.89,5.48,0,Normal
2026-03-01 09:37:46,0.45,29.76,3.8,47,47,0,76.93,2.9,0,Normal
2026-03-01 09:37:47,0.5,55.95,3.41,51,51,0,84.67,3.48,0,Normal
2026-03-01 09:37:48,0.04,18.59,10.37,45,45,0,74.95,13.49,0,Normal
2026-03-01 09:37:49,0.24,25.86,3.09,43,43,0,68.25,2.13,0,Normal
2026-03-01 09:37:50,0.23,61.65,2.43,54,54,0,90.84,2.86,0,Normal
2026-03-01 09:37:51,0.2,24.47,1.96,47,47,0,79.88,1.53,0,Normal
2026-03-01 09:37:52,0.13,33.5,4.99,57,57,0,98.69,3.69,0,Normal
2026-03-01 09:37:53,0.23,35.39,6.92,42,42,0,71.46,5.46,0,Normal
2026-03-01 09:37:54,0.25,59.57,2.27,45,45,0,74.06,2.27,0,Normal
2026-03-01 09:37:55,0.32,24.58,2.92,58,58,0,96.76,3.16,0,Normal
2026-03-01 09:37:56,0.17,37.53,2.82,54,54,0,93.51,2.13,0,Normal
2026-03-01 09:37:57,1.02,24.5,3.14,42,42,0,71.24,2.17,0,Normal
2026-03-01 09:37:58,0.14,21.19,1.5,46,46,0,78.85,1.44,0,Normal
2026-03-01 09:37:59,0.79,53.06,4.77,56,56,0,93.22,3.08,0,Normal
2026-03-01 09:38:00,0.57,30.75,5.67,57,57,0,95.44,5.85,0,Normal
2026-03-01 09:38:01,0.22,24.74,1.41,49,49,0,82.22,1.62,0,Normal
2026-03-01 09:38:02,0.24,50.27,7.32,44,44,0,75.3,9.94,0,Normal
2026-03-01 09:38:03,0.71,30.65,6.88,52,52,0,86.72,4.91,0,Normal
2026-03-01 09:38:04,0.24,29.22,0.83,42,42,0,71.46,0.79,0,Normal
2026-03-01 09:38:05,0.4,30.75,1.25,51,51,0,85.68,1.01,0,Normal
2026-03-01 09:38:06,0.58,49.59,3.13,49,49,0,80.5,2.42,0,Normal
2026-03-01 09:38:07,0.83,31.16,6.0,52,52,0,87.36,6.1,0,Normal
2026-03-01 09:38:08,0.09,28.11,3.78,51,51,0,87.34,2.7,0,Normal
2026-03-01 09:38:09,1.3,25.17,3.35,50,49,1,82.33,2.05,0,Normal
2026-03-01 09:38:10,1.18,26.52,4.3,44,43,1,71.75,3.14,0,Normal
2026-03-01 09:38:11,0.12,49.68,2.31,46,46,0,79.42,2.0,0,Normal
2026-03-01 09:38:12,0.33,51.79,5.9,50,50,0,84.58,3.59,0,Normal
2026-03-01 09:38:13,0.02,24.18,3.17,45,45,0,73.53,4.07,0,Normal
2026-03-01 09:38:14,0.06,28.39,1.59,59,59,0,98.69,1.7,0,Normal
2026-03-01 09:38:15,0.31,47.4,2.32,42,42,0,70.96,1.44,0,Normal
2026-03-01 09:38:16,0.37,24.28,3.92,57,57,0,96.11,3.07,0,Normal
2026-03-01 09:38:17,0.27,42.31,2.91,42,42,0,71.33,3.3,0,Normal
2026-03-01 09:38:18,0.43,57.4,2.78,58,58,0,97.2,1.74,0,Normal
2026-03-01 09:38:19,0.55,25.7,3.64,53,53,0,88.72,3.28,0,Normal
2026-03-01 09:38:20,0.06,23.0,3.9,51,51,0,85.7,2.64,0,Normal
2026-03-01 09:38:21,0.38,27.3,1.91,53,53,0,90.23,1.74,0,Normal
2026-03-01 09:38:22,0.29,49.04,5.76,49,49,0,81.29,7.91,0,Normal
2026-03-01 09:38:23,0.04,26.54,3.13,51,51,0,85.57,3.02,0,Normal
2026-03-01 09:38:24,0.09,59.49,4.01,54,54,0,91.09,4.38,0,Normal
2026-03-01 09:38:25,0.19,74.89,3.47,42,42,0,69.75,3.21,0,Normal
2026-03-01 09:38:26,0.7,53.95,2.76,51,51,0,86.37,2.35,0,Normal
2026-03-01 09:38:27,0.09,68.26,5.0,42,42,0,71.08,5.45,0,Normal
2026-03-01 09:38:28,0.07,33.04,3.44,59,59,0,96.02,3.78,0,Normal
2026-03-01 09:38:29,0.45,78.0,3.43,53,53,0,89.09,3.75,0,Normal
2026-03-01 09:38:30,1.3,18.62,1.08,42,41,1,71.01,0.67,0,Normal
2026-03-01 09:38:31,0.21,78.0,4.8,45,45,0,77.84,5.56,0,Normal
2026-03-01 09:38:32,0.15,39.44,3.07,45,45,0,76.62,3.51,0,Normal
2026-03-01 09:38:33,0.1,17.03,4.66,60,60,0,102.71,3.06,0,Normal
2026-03-01 09:38:34,0.02,20.01,6.96,58,58,0,97.21,5.24,0,Normal
2026-03-01 09:38:35,0.07,51.7,4.81,42,42,0,71.41,4.89,0,Normal
2026-03-01 09:38:36,0.03,24.15,3.4,45,45,0,75.85,3.02,0,Normal
2026-03-01 09:38:37,0.24,31.67,2.92,45,45,0,76.6,3.1,0,Normal
2026-03-01 09:38:38,1.34,59.21,10.35,60,59,1,101.89,12.5,0,Normal
2026-03-01 09:38:39,0.54,28.85,4.13,54,54,0,92.22,4.29,0,Normal
2026-03-01 09:38:40,0.32,38.47,3.65,60,60,0,100.29,3.53,0,Normal
2026-03-01 09:38:41,0.23,20.83,3.06,57,57,0,98.13,2.48,0,Normal
2026-03-01 09:38:42,0.34,34.14,2.22,53,53,0,89.41,2.42,0,Normal
2026-03-01 09:38:43,0.17,32.08,1.38,60,60,0,101.78,1.74,0,Normal
2026-03-01 09:38:44,0.07,39.33,6.58,42,42,0,70.21,5.33,0,Normal
2026-03-01 09:38:45,0.31,31.35,2.34,58,58,0,98.55,2.88,0,Normal
2026-03-01 09:38:46,0.26,28.44,3.05,49,49,0,82.92,2.85,0,Normal
2026-03-01 09:38:47,1.01,28.55,3.17,48,48,0,82.34,2.18,0,Normal
2026-03-01 09:38:48,0.37,45.15,6.33,60,60,0,100.05,8.41,0,Normal
2026-03-01 09:38:49,0.52,25.9,2.35,46,46,0,78.71,2.69,0,Normal
2026-03-01 09:38:50,0.03,28.42,3.73,47,47,0,75.3,4.74,0,Normal
2026-03-01 09:38:51,0.5,29.45,4.18,47,47,0,78.04,4.7,0,Normal
2026-03-01 09:38:52,1.42,63.48,1.78,53,52,1,85.34,1.24,0,Normal
2026-03-01 09:38:53,0.38,62.37,1.71,45,45,0,76.11,1.76,0,Normal
2026-03-01 09:38:54,0.47,35.75,2.41,42,42,0,72.0,2.66,0,Normal
2026-03-01 09:38:55,1.36,21.07,3.7,49,48,1,80.63,3.0,0,Normal
2026-03-01 09:38:56,0.17,32.57,3.5,42,42,0,72.59,3.87,0,Normal
2026-03-01 09:38:57,0.61,28.48,3.15,57,57,0,94.6,3.32,0,Normal
2026-03-01 09:38:58,0.18,20.31,4.45,48,48,0,78.54,2.75,0,Normal
2026-03-01 09:38:59,0.19,31.17,2.26,60,60,0,101.88,2.95,0,Normal
2026-03-01 09:39:00,0.38,22.33,3.07,51,51,0,87.44,3.16,0,Normal
2026-03-01 09:39:01,0.1,48.97,3.15,57,57,0,95.92,3.37,0,Normal
2026-03-01 09:39:02,1.73,23.73,2.29,49,48,1,83.37,1.65,0,Normal
2026-03-01 09:39:03,0.14,19.03,9.35,51,51,0,86.44,11.63,0,Normal
2026-03-01 09:39:04,0.05,37.2,1.26,56,56,0,94.68,1.29,0,Normal
2026-03-01 09:39:05,0.14,29.09,5.8,43,43,0,71.59,3.89,0,Normal
2026-03-01 09:39:06,0.68,33.2,4.76,43,43,0,70.29,5.52,0,Normal
2026-03-01 09:39:07,0.13,22.89,4.78,52,52,0,86.96,4.73,0,Normal
2026-03-01 09:39:08,0.33,66.14,3.47,51,51,0,88.05,3.01,0,Normal
2026-03-01 09:39:09,0.96,68.51,6.05,46,46,0,77.57,8.09,0,Normal
2026-03-01 09:39:10,0.11,56.5,2.71,52,52,0,86.77,3.41,0,Normal
2026-03-01 09:39:11,0.05,30.95,3.96,53,53,0,87.68,2.51,0,Normal
2026-03-01 09:39:12,0.04,64.43,3.43,55,55,0,93.21,3.98,0,Normal
2026-03-01 09:39:13,0.2,25.99,2.99,43,43,0,70.55,2.21,0,Normal
2026-03-01 09:39:14,0.04,29.36,3.51,42,42,0,71.1,2.15,0,Normal
2026-03-01 09:39:15,0.21,37.56,2.17,54,54,0,90.03,1.68,0,Normal
2026-03-01 09:39:16,0.69,27.81,2.46,43,43,0,71.85,1.57,0,Normal
2026-03-01 09:39:17,0.53,62.99,6.76,57,57,0,96.72,7.51,0,Normal
2026-03-01 09:39:18,0.31,16.05,12.14,52,52,0,85.94,14.64,0,Normal
2026-03-01 09:39:19,0.66,34.74,4.2,54,54,0,90.73,3.12,0,Normal
2026-03-01 09:39:20,0.04,18.87,4.83,58,58,0,95.15,3.71,0,Normal
2026-03-01 09:39:21,0.33,52.43,3.72,53,53,0,88.87,2.63,0,Normal
2026-03-01 09:39:22,0.04,56.24,4.07,60,60,0,101.55,4.28,0,Normal
2026-03-01 09:39:23,0.23,27.42,4.24,52,52,0,88.55,4.2,0,Normal
2026-03-01 09:39:24,0.22,27.4,5.29,55,55,0,94.1,3.2,0,Normal
2026-03-01 09:39:25,0.11,65.82,6.63,44,44,0,74.91,5.94,0,Normal
2026-03-01 09:39:26,0.62,23.08,2.23,60,60,0,100.19,1.5,0,Normal
2026-03-01 09:39:27,0.09,26.76,11.85,42,42,0,67.84,12.6,0,Normal
2026-03-01 09:39:28,9.06,195.98,51.68,50,45,5,75.6,77.52,1,Combined Degradation
2026-03-01 09:39:29,16.2,389.86,61.88,42,35,7,58.8,92.82,1,Combined Degradation
2026-03-01 09:39:30,7.42,371.7,50.14,44,41,3,68.88,75.21,1,Combined Degradation
2026-03-01 09:39:31,17.36,209.05,46.14,54,45,9,75.6,69.21,1,Combined Degradation
2026-03-01 09:39:32,8.34,207.14,62.03,56,51,5,85.68,93.04,1,Combined Degradation
2026-03-01 09:39:33,8.93,358.19,61.37,49,45,4,75.6,92.06,1,Combined Degradation
2026-03-01 09:39:34,14.19,368.45,75.52,45,39,6,65.52,113.29,1,Combined Degradation
2026-03-01 09:39:35,7.16,270.19,67.53,51,47,4,78.96,101.3,1,Combined Degradation
2026-03-01 09:39:36,21.67,390.34,51.73,60,47,13,78.96,77.59,1,Combined Degradation
2026-03-01 09:39:37,11.06,227.62,69.38,60,53,7,89.04,104.07,1,Combined Degradation
2026-03-01 09:39:38,7.07,326.59,40.83,53,49,4,82.32,61.25,1,Combined Degradation
2026-03-01 09:39:39,19.96,279.69,44.08,49,39,10,65.52,66.12,1,Combined Degradation
2026-03-01 09:39:40,0.05,31.29,2.75,54,54,0,90.07,2.05,0,Normal
2026-03-01 09:39:41,0.01,20.61,2.43,43,43,0,70.9,1.91,0,Normal
2026-03-01 09:39:42,0.43,30.41,3.79,42,42,0,71.34,4.85,0,Normal
2026-03-01 09:39:43,0.76,29.69,3.16,42,42,0,69.94,4.32,0,Normal
2026-03-01 09:39:44,0.04,60.34,2.68,57,57,0,95.01,3.22,0,Normal
2026-03-01 09:39:45,0.09,37.54,1.6,42,42,0,71.52,1.78,0,Normal
2026-03-01 09:39:46,0.01,75.19,2.27,43,43,0,75.14,2.83,0,Normal
2026-03-01 09:39:47,0.76,45.93,5.05,57,57,0,94.51,3.2,0,Normal
2026-03-01 09:39:48,0.21,30.44,2.15,53,53,0,86.71,2.76,0,Normal
2026-03-01 09:39:49,0.91,26.26,4.48,54,54,0,90.81,3.69,0,Normal
2026-03-01 09:39:50,0.22,42.4,6.2,53,53,0,90.3,4.0,0,Normal
2026-03-01 09:39:51,0.69,69.51,2.33,60,60,0,100.48,2.66,0,Normal
2026-03-01 09:39:52,1.06,25.27,2.72,42,42,0,71.51,3.27,0,Normal
2026-03-01 09:39:53,0.14,28.51,5.18,44,44,0,73.1,5.7,0,Normal
2026-03-01 09:39:54,0.36,31.81,5.78,42,42,0,74.15,5.09,0,Normal
2026-03-01 09:39:55,0.38,27.09,2.48,60,60,0,101.72,1.72,0,Normal
2026-03-01 09:39:56,0.01,53.77,1.6,53,53,0,88.31,1.95,0,Normal
2026-03-01 09:39:57,0.2,23.1,5.84,49,49,0,81.19,3.73,0,Normal
2026-03-01 09:39:58,0.68,17.89,4.32,60,60,0,101.21,5.21,0,Normal
2026-03-01 09:39:59,1.02,28.64,3.98,59,58,1,98.45,5.43,0,Normal
2026-03-01 09:40:00,0.8,28.84,5.01,44,44,0,71.96,7.01,0,Normal
2026-03-01 09:40:01,1.26,31.16,1.95,45,44,1,73.94,1.79,0,Normal
2026-03-01 09:40:02,0.37,24.54,3.96,53,53,0,90.15,2.72,0,Normal
2026-03-01 09:40:03,0.09,19.96,2.92,45,45,0,76.1,1.97,0,Normal
2026-03-01 09:40:04,0.3,22.21,4.35,53,53,0,89.98,4.33,0,Normal
2026-03-01 09:40:05,0.19,34.33,4.76,57,57,0,98.0,5.87,0,Normal
2026-03-01 09:40:06,0.1,24.0,5.15,53,53,0,84.38,3.29,0,Normal
2026-03-01 09:40:07,0.52,50.27,4.35,52,52,0,87.69,3.19,0,Normal
2026-03-01 09:40:08,0.35,69.15,3.72,45,45,0,72.07,3.98,0,Normal
2026-03-01 09:40:09,0.55,24.28,3.77,45,45,0,75.53,2.52,0,Normal
2026-03-01 09:40:10,0.11,23.84,3.92,50,50,0,85.95,5.1,0,Normal
2026-03-01 09:40:11,0.82,60.42,2.51,60,60,0,100.61,2.51,0,Normal
2026-03-01 09:40:12,0.1,36.4,2.81,46,46,0,75.88,2.56,0,Normal
2026-03-01 09:40:13,0.32,53.68,3.98,45,45,0,76.84,2.43,0,Normal
2026-03-01 09:40:14,0.02,63.26,4.45,47,47,0,79.17,3.07,0,Normal
2026-03-01 09:40:15,0.27,36.7,2.48,47,47,0,79.24,3.13,0,Normal
2026-03-01 09:40:16,0.04,13.9,2.05,53,53,0,92.28,2.37,0,Normal
2026-03-01 09:40:17,0.14,30.06,1.56,57,57,0,93.5,0.96,0,Normal
2026-03-01 09:40:18,0.69,24.48,1.88,42,42,0,69.61,2.6,0,Normal
2026-03-01 09:40:19,0.78,67.92,2.6,42,42,0,71.12,2.3,0,Normal
2026-03-01 09:40:20,0.51,62.3,63.81,60,60,0,102.63,87.55,1,High Jitter
2026-03-01 09:40:21,0.16,21.68,70.05,58,58,0,96.0,117.74,1,High Jitter
2026-03-01 09:40:22,0.3,19.4,41.26,54,54,0,90.1,74.2,1,High Jitter
2026-03-01 09:40:23,0.09,26.18,80.07,42,42,0,70.46,132.74,1,High Jitter
2026-03-01 09:40:24,0.4,33.49,84.53,53,53,0,88.81,117.19,1,High Jitter
2026-03-01 09:40:25,0.15,29.54,63.26,47,47,0,80.01,80.55,1,High Jitter
2026-03-01 09:40:26,0.09,57.07,73.09,57,57,0,95.68,111.59,1,High Jitter
2026-03-01 09:40:27,0.31,40.92,81.18,57,57,0,96.73,103.08,1,High Jitter
2026-03-01 09:40:28,0.04,31.9,71.02,60,60,0,99.0,104.89,1,High Jitter
2026-03-01 09:40:29,0.41,32.66,58.07,52,52,0,87.58,81.41,1,High Jitter
2026-03-01 09:40:30,0.07,35.71,72.99,48,48,0,80.69,108.43,1,High Jitter
2026-03-01 09:40:31,0.28,18.16,87.85,42,42,0,71.83,122.01,1,High Jitter
2026-03-01 09:40:32,0.17,22.53,2.45,59,59,0,102.9,1.97,0,Normal
2026-03-01 09:40:33,0.29,32.94,4.7,43,43,0,73.67,4.34,0,Normal
2026-03-01 09:40:34,0.1,40.61,2.51,46,46,0,76.22,2.35,0,Normal
2026-03-01 09:40:35,0.13,26.35,3.66,58,58,0,98.39,4.63,0,Normal
2026-03-01 09:40:36,0.05,27.53,5.37,48,48,0,80.56,7.04,0,Normal
2026-03-01 09:40:37,0.53,60.58,2.94,42,42,0,70.05,2.66,0,Normal
2026-03-01 09:40:38,0.03,55.88,2.16,49,49,0,81.53,2.93,0,Normal
2026-03-01 09:40:39,0.17,33.49,2.7,55,55,0,91.53,3.63,0,Normal
2026-03-01 09:40:40,0.21,32.38,2.16,55,55,0,90.68,2.01,0,Normal
2026-03-01 09:40:41,0.08,58.66,2.05,57,57,0,93.82,2.65,0,Normal
2026-03-01 09:40:42,0.17,34.06,5.71,43,43,0,73.22,3.94,0,Normal
2026-03-01 09:40:43,0.19,30.44,4.22,53,53,0,88.51,4.26,0,Normal
2026-03-01 09:40:44,0.09,29.96,2.4,48,48,0,80.91,2.81,0,Normal
2026-03-01 09:40:45,0.36,29.52,2.13,59,59,0,97.82,1.87,0,Normal
2026-03-01 09:40:46,0.01,24.24,2.2,49,49,0,83.19,1.36,0,Normal
2026-03-01 09:40:47,0.08,21.82,2.4,43,43,0,71.18,1.55,0,Normal
2026-03-01 09:40:48,0.34,57.85,5.58,50,50,0,81.99,7.34,0,Normal
2026-03-01 09:40:49,0.35,60.3,3.16,51,51,0,88.03,3.21,0,Normal
2026-03-01 09:40:50,0.11,66.02,8.66,57,57,0,96.07,6.25,0,Normal
2026-03-01 09:40:51,0.4,30.48,3.26,55,55,0,91.93,4.31,0,Normal
2026-03-01 09:40:52,0.22,29.21,2.56,50,50,0,83.71,3.47,0,Normal
2026-03-01 09:40:53,0.26,55.17,5.04,49,49,0,81.78,4.34,0,Normal
2026-03-01 09:40:54,0.14,30.11,1.57,60,60,0,101.54,1.67,0,Normal
2026-03-01 09:40:55,1.45,35.17,3.61,60,59,1,96.8,3.11,0,Normal
2026-03-01 09:40:56,0.47,27.95,1.92,53,53,0,86.33,2.27,0,Normal
2026-03-01 09:40:57,0.1,34.05,1.24,42,42,0,70.73,1.69,0,Normal
2026-03-01 09:40:58,0.09,31.1,3.15,42,42,0,67.95,1.96,0,Normal
2026-03-01 09:40:59,0.52,34.78,4.83,49,49,0,79.46,4.72,0,Normal
2026-03-01 09:41:00,0.17,61.43,3.66,44,44,0,75.27,4.53,0,Normal
2026-03-01 09:41:01,0.03,31.46,3.46,48,48,0,80.89,3.99,0,Normal
2026-03-01 09:41:02,0.01,63.95,1.03,54,54,0,90.99,0.77,0,Normal
2026-03-01 09:41:03,0.19,50.54,3.1,50,50,0,82.32,2.83,0,Normal
2026-03-01 09:41:04,0.19,25.18,3.11,45,45,0,77.69,3.03,0,Normal
2026-03-01 09:41:05,0.43,72.16,4.39,42,42,0,72.07,5.25,0,Normal
2026-03-01 09:41:06,0.3,33.41,2.06,44,44,0,71.88,1.99,0,Normal
2026-03-01 09:41:07,0.51,22.22,4.82,56,56,0,93.92,4.11,0,Normal
2026-03-01 09:41:08,0.13,37.69,2.64,52,52,0,86.75,2.46,0,Normal
2026-03-01 09:41:09,0.34,27.09,2.9,42,42,0,70.49,3.99,0,Normal
2026-03-01 09:41:10,0.76,45.17,4.21,48,48,0,82.27,2.68,0,Normal
2026-03-01 09:41:11,0.03,23.84,1.94,54,54,0,90.15,1.69,0,Normal
2026-03-01 09:41:12,0.43,29.5,4.81,44,44,0,75.4,3.65,0,Normal
2026-03-01 09:41:13,0.44,25.89,1.8,48,48,0,78.04,1.66,0,Normal
2026-03-01 09:41:14,0.55,23.24,4.46,60,60,0,99.88,4.76,0,Normal
2026-03-01 09:41:15,0.11,34.38,2.99,47,47,0,78.36,2.26,0,Normal
2026-03-01 09:41:16,0.19,21.37,3.1,54,54,0,89.91,2.92,0,Normal
2026-03-01 09:41:17,0.1,47.57,0.84,42,42,0,70.6,1.06,0,Normal
2026-03-01 09:41:18,0.13,31.52,2.55,57,57,0,96.0,2.83,0,Normal
2026-03-01 09:41:19,1.21,58.27,3.02,46,45,1,75.95,3.45,0,Normal
2026-03-01 09:41:20,0.21,19.65,6.67,56,56,0,95.41,9.01,0,Normal
2026-03-01 09:41:21,0.66,31.49,3.27,48,48,0,81.74,3.03,0,Normal
2026-03-01 09:41:22,0.55,28.77,2.47,48,48,0,78.39,3.46,0,Normal
2026-03-01 09:41:23,0.21,22.49,4.83,50,50,0,84.22,4.38,0,Normal
2026-03-01 09:41:24,1.7,66.12,2.65,60,59,1,98.2,1.97,0,Normal
2026-03-01 09:41:25,0.64,15.8,5.28,60,60,0,102.03,6.58,0,Normal
2026-03-01 09:41:26,0.23,38.3,3.73,57,57,0,97.7,3.76,0,Normal
2026-03-01 09:41:27,0.13,34.09,2.21,42,42,0,71.82,1.94,0,Normal
2026-03-01 09:41:28,0.03,20.27,5.06,51,51,0,88.54,4.04,0,Normal
2026-03-01 09:41:29,0.22,77.83,4.35,53,53,0,90.17,5.47,0,Normal
2026-03-01 09:41:30,0.16,24.56,4.97,60,60,0,102.3,5.22,0,Normal
2026-03-01 09:41:31,0.43,52.92,3.06,42,42,0,69.37,3.36,0,Normal
2026-03-01 09:41:32,0.01,25.02,4.35,51,51,0,85.64,4.22,0,Normal
2026-03-01 09:41:33,0.62,25.82,7.88,53,53,0,90.07,6.08,0,Normal
2026-03-01 09:41:34,0.19,26.27,3.59,49,49,0,82.75,3.12,0,Normal
2026-03-01 09:41:35,0.22,24.06,2.77,42,42,0,69.19,1.95,0,Normal
2026-03-01 09:41:36,0.07,291.54,6.65,50,50,0,82.61,41.84,1,High Latency
2026-03-01 09:41:37,0.97,277.2,4.48,50,50,0,81.28,42.0,1,High Latency
2026-03-01 09:41:38,0.18,213.37,2.71,53,53,0,89.6,38.91,1,High Latency
2026-03-01 09:41:39,0.65,236.77,7.25,59,59,0,97.57,40.66,1,High Latency
2026-03-01 09:41:40,0.09,345.93,1.93,50,50,0,85.01,38.38,1,High Latency
2026-03-01 09:41:41,0.04,194.62,4.21,53,53,0,90.13,41.15,1,High Latency
2026-03-01 09:41:42,0.35,388.26,5.56,49,49,0,82.65,42.75,1,High Latency
2026-03-01 09:41:43,1.46,285.23,5.38,42,41,1,69.47,41.92,1,High Latency
2026-03-01 09:41:44,0.36,29.68,2.21,51,51,0,87.21,1.38,0,Normal
2026-03-01 09:41:45,0.33,16.7,1.9,48,48,0,82.37,1.72,0,Normal
2026-03-01 09:41:46,0.2,72.3,3.68,59,59,0,95.77,3.17,0,Normal
2026-03-01 09:41:47,0.12,30.5,4.56,42,42,0,71.62,2.81,0,Normal
2026-03-01 09:41:48,0.2,60.21,2.04,59,59,0,99.85,1.37,0,Normal
2026-03-01 09:41:49,0.06,35.31,3.8,55,55,0,92.84,3.56,0,Normal
2026-03-01 09:41:50,0.11,37.46,1.72,53,53,0,89.75,2.25,0,Normal
2026-03-01 09:41:51,0.23,48.93,5.35,56,56,0,93.61,7.33,0,Normal
2026-03-01 09:41:52,0.05,57.61,2.57,53,53,0,85.44,3.07,0,Normal
2026-03-01 09:41:53,0.55,21.8,3.08,42,42,0,69.65,2.41,0,Normal
2026-03-01 09:41:54,0.0,33.71,4.9,52,52,0,84.62,6.55,0,Normal
2026-03-01 09:41:55,0.14,69.81,4.7,48,48,0,78.16,6.49,0,Normal
2026-03-01 09:41:56,0.25,60.22,4.11,54,54,0,92.32,3.88,0,Normal
2026-03-01 09:41:57,0.93,54.45,5.28,42,42,0,69.74,5.37,0,Normal
2026-03-01 09:41:58,0.3,29.67,3.99,50,50,0,84.4,3.5,0,Normal
2026-03-01 09:41:59,0.12,27.47,6.37,51,51,0,85.69,8.16,0,Normal
2026-03-01 09:42:00,0.15,29.35,1.54,58,58,0,99.45,1.29,0,Normal
2026-03-01 09:42:01,0.14,65.51,3.23,49,49,0,82.43,2.22,0,Normal
2026-03-01 09:42:02,0.07,20.4,3.17,58,58,0,96.54,3.06,0,Normal
2026-03-01 09:42:03,0.05,19.04,3.01,48,48,0,82.86,2.21,0,Normal
2026-03-01 09:42:04,0.23,73.69,4.15,50,50,0,83.25,3.92,0,Normal
2026-03-01 09:42:05,0.11,36.64,3.66,44,44,0,74.55,3.91,0,Normal
2026-03-01 09:42:06,0.03,61.47,4.81,50,50,0,84.75,5.98,0,Normal
2026-03-01 09:42:07,0.09,20.65,1.95,42,42,0,68.7,2.25,0,Normal
2026-03-01 09:42:08,0.26,25.58,9.31,60,60,0,102.18,11.09,0,Normal
2026-03-01 09:42:09,0.1,19.12,2.78,42,42,0,72.59,2.99,0,Normal
2026-03-01 09:42:10,0.1,24.7,3.78,46,46,0,75.58,2.51,0,Normal
2026-03-01 09:42:11,0.34,34.74,3.03,46,46,0,77.32,3.95,0,Normal
2026-03-01 09:42:12,0.41,27.92,3.44,51,51,0,87.69,3.99,0,Normal
2026-03-01 09:42:13,0.1,25.76,2.61,49,49,0,79.88,3.22,0,Normal
2026-03-01 09:42:14,0.22,60.73,3.64,47,47,0,79.9,4.93,0,Normal
2026-03-01 09:42:15,0.51,23.23,4.31,44,44,0,72.05,5.92,0,Normal
2026-03-01 09:42:16,0.41,37.56,1.13,56,56,0,93.6,1.54,0,Normal
2026-03-01 09:42:17,0.03,28.04,2.86,54,54,0,90.4,2.34,0,Normal
2026-03-01 09:42:18,0.16,25.59,2.82,48,48,0,78.87,3.61,0,Normal
2026-03-01 09:42:19,0.45,54.22,9.44,47,47,0,77.59,12.9,0,Normal
2026-03-01 09:42:20,0.07,33.64,4.89,43,43,0,72.13,5.7,0,Normal
2026-03-01 09:42:21,0.08,37.58,6.52,43,43,0,74.31,7.65,0,Normal
2026-03-01 09:42:22,0.35,67.31,4.27,47,47,0,79.68,5.58,0,Normal
2026-03-01 09:42:23,0.12,34.52,3.45,46,46,0,74.82,2.86,0,Normal
2026-03-01 09:42:24,0.14,28.61,3.91,42,42,0,71.26,2.95,0,Normal
2026-03-01 09:42:25,0.26,55.32,5.5,50,50,0,84.06,5.23,0,Normal
2026-03-01 09:42:26,0.49,52.67,7.3,60,60,0,99.85,9.92,0,Normal
2026-03-01 09:42:27,0.24,21.42,3.8,45,45,0,74.94,2.47,0,Normal
2026-03-01 09:42:28,0.78,23.55,2.51,45,45,0,76.35,2.39,0,Normal
2026-03-01 09:42:29,0.04,63.84,5.03,42,42,0,68.2,5.8,0,Normal
2026-03-01 09:42:30,0.49,32.24,2.26,57,57,0,94.79,2.54,0,Normal
2026-03-01 09:42:31,0.27,50.67,3.96,50,50,0,82.28,4.94,0,Normal
2026-03-01 09:42:32,0.59,63.73,4.51,42,42,0,69.36,3.68,0,Normal
2026-03-01 09:42:33,0.13,21.33,3.16,47,47,0,79.45,2.49,0,Normal
2026-03-01 09:42:34,0.23,23.34,2.21,51,51,0,85.75,2.79,0,Normal
2026-03-01 09:42:35,0.61,26.18,2.71,48,48,0,81.65,3.41,0,Normal
2026-03-01 09:42:36,0.62,35.04,2.88,53,53,0,85.66,2.3,0,Normal
2026-03-01 09:42:37,0.17,24.71,2.07,49,49,0,81.92,1.97,0,Normal
2026-03-01 09:42:38,0.6,42.42,2.79,42,42,0,70.4,2.68,0,Normal
2026-03-01 09:42:39,19.9,362.35,73.72,56,45,11,75.6,110.57,1,Combined Degradation
2026-03-01 09:42:40,20.76,227.78,57.22,50,40,10,67.2,85.83,1,Combined Degradation
2026-03-01 09:42:41,9.59,398.5,44.05,52,47,5,78.96,66.08,1,Combined Degradation
2026-03-01 09:42:42,9.51,387.83,49.51,42,38,4,63.84,74.26,1,Combined Degradation
2026-03-01 09:42:43,20.04,322.46,66.11,43,34,9,57.12,99.17,1,Combined Degradation
2026-03-01 09:42:44,17.27,366.66,37.05,55,46,9,77.28,55.58,1,Combined Degradation
2026-03-01 09:42:45,8.95,215.7,42.41,42,38,4,63.84,63.62,1,Combined Degradation
2026-03-01 09:42:46,14.43,239.56,45.13,42,36,6,60.48,67.69,1,Combined Degradation
2026-03-01 09:42:47,0.35,29.89,1.8,44,44,0,73.91,1.19,0,Normal
2026-03-01 09:42:48,0.44,32.22,3.45,45,45,0,74.95,2.89,0,Normal
2026-03-01 09:42:49,0.07,24.34,2.5,42,42,0,69.62,2.79,0,Normal
2026-03-01 09:42:50,0.06,56.67,7.32,42,42,0,75.31,5.62,0,Normal
2026-03-01 09:42:51,0.02,61.96,4.21,50,50,0,82.42,2.88,0,Normal
2026-03-01 09:42:52,0.06,28.86,3.32,51,51,0,85.66,3.45,0,Normal
2026-03-01 09:42:53,0.58,64.9,2.02,43,43,0,72.96,1.74,0,Normal
2026-03-01 09:42:54,1.01,28.62,1.8,52,51,1,86.22,2.27,0,Normal
2026-03-01 09:42:55,0.81,21.6,4.15,56,56,0,94.95,5.65,0,Normal
2026-03-01 09:42:56,0.16,62.06,7.46,42,42,0,71.09,7.98,0,Normal
2026-03-01 09:42:57,0.45,18.48,3.99,54,54,0,90.22,4.67,0,Normal
2026-03-01 09:42:58,0.61,32.8,3.59,54,54,0,90.74,4.98,0,Normal
2026-03-01 09:42:59,0.59,30.14,3.62,44,44,0,72.94,2.82,0,Normal
2026-03-01 09:43:00,0.02,34.52,3.48,43,43,0,71.13,4.6,0,Normal
2026-03-01 09:43:01,0.08,25.91,3.64,54,54,0,88.74,3.81,0,Normal
2026-03-01 09:43:02,0.98,34.8,2.44,60,59,1,100.3,1.83,0,Normal
2026-03-01 09:43:03,0.47,28.24,2.14,42,42,0,72.22,1.78,0,Normal
2026-03-01 09:43:04,0.63,28.68,3.49,45,45,0,74.72,4.01,0,Normal
2026-03-01 09:43:05,0.25,40.68,6.5,48,48,0,80.52,8.7,0,Normal
2026-03-01 09:43:06,0.17,25.09,4.71,50,50,0,86.4,3.27,0,Normal
2026-03-01 09:43:07,0.37,58.69,1.91,48,48,0,82.32,2.12,0,Normal
2026-03-01 09:43:08,0.22,30.88,2.96,56,56,0,95.42,2.67,0,Normal
2026-03-01 09:43:09,0.16,60.33,4.61,42,42,0,70.96,3.95,0,Normal
2026-03-01 09:43:10,0.15,44.79,6.57,47,47,0,78.02,4.89,0,Normal
2026-03-01 09:43:11,0.06,21.8,7.43,57,57,0,94.99,9.74,0,Normal
2026-03-01 09:43:12,0.26,34.78,3.02,43,43,0,72.59,2.69,0,Normal
2026-03-01 09:43:13,0.26,38.41,4.81,42,42,0,71.22,4.59,0,Normal
2026-03-01 09:43:14,0.31,28.55,3.71,56,56,0,92.63,2.84,0,Normal
2026-03-01 09:43:15,0.04,28.86,3.15,52,52,0,89.23,3.42,0,Normal
2026-03-01 09:43:16,0.86,32.66,3.41,51,51,0,87.79,3.25,0,Normal
2026-03-01 09:43:17,0.47,28.44,3.43,47,47,0,80.15,2.59,0,Normal
2026-03-01 09:43:18,0.05,48.39,5.63,53,53,0,91.3,4.78,0,Normal
2026-03-01 09:43:19,0.03,67.0,1.76,60,60,0,101.76,1.61,0,Normal
2026-03-01 09:43:20,0.36,28.81,4.1,51,51,0,86.09,2.71,0,Normal
2026-03-01 09:43:21,0.15,23.8,6.64,56,56,0,94.16,4.26,0,Normal
2026-03-01 09:43:22,0.13,22.33,6.32,42,42,0,70.08,8.82,0,Normal
2026-03-01 09:43:23,0.64,12.0,4.29,55,55,0,92.39,5.76,0,Normal
2026-03-01 09:43:24,0.15,58.56,2.36,49,49,0,80.76,2.54,0,Normal
2026-03-01 09:43:25,0.35,63.24,4.71,46,46,0,77.15,3.75,0,Normal
2026-03-01 09:43:26,0.27,25.6,6.03,48,48,0,78.89,4.74,0,Normal
2026-03-01 09:43:27,0.11,16.29,2.63,52,52,0,86.16,2.51,0,Normal
2026-03-01 09:43:28,0.14,24.16,3.9,58,58,0,99.28,3.54,0,Normal
2026-03-01 09:43:29,1.0,71.15,3.03,58,57,1,97.53,3.59,0,Normal
2026-03-01 09:43:30,0.14,23.23,2.52,46,46,0,76.02,2.33,0,Normal
2026-03-01 09:43:31,0.54,30.0,2.88,47,47,0,80.27,3.93,0,Normal
2026-03-01 09:43:32,0.69,62.51,3.52,42,42,0,69.68,2.82,0,Normal
2026-03-01 09:43:33,0.03,59.67,2.2,52,52,0,86.36,1.36,0,Normal
2026-03-01 09:43:34,0.38,56.9,2.04,45,45,0,77.69,2.21,0,Normal
2026-03-01 09:43:35,0.48,20.2,2.22,58,58,0,95.8,3.09,0,Normal
2026-03-01 09:43:36,0.2,38.86,3.85,58,58,0,94.76,4.93,0,Normal
2026-03-01 09:43:37,0.29,36.96,1.72,56,56,0,93.08,1.04,0,Normal
2026-03-01 09:43:38,0.06,44.63,1.22,43,43,0,71.34,1.3,0,Normal
2026-03-01 09:43:39,0.13,67.61,6.16,59,59,0,98.56,5.93,0,Normal
2026-03-01 09:43:40,0.43,62.12,2.1,42,42,0,67.98,2.56,0,Normal
2026-03-01 09:43:41,0.32,28.28,3.04,60,60,0,101.33,2.44,0,Normal
2026-03-01 09:43:42,0.05,57.02,5.03,47,47,0,81.8,4.0,0,Normal
2026-03-01 09:43:43,1.55,32.45,1.74,55,54,1,91.17,1.48,0,Normal
2026-03-01 09:43:44,0.97,30.71,1.74,56,55,1,92.07,1.38,0,Normal
2026-03-01 09:43:45,0.09,21.3,2.5,50,50,0,85.0,1.54,0,Normal
2026-03-01 09:43:46,0.73,29.76,5.12,47,47,0,79.07,5.64,0,Normal
2026-03-01 09:43:47,0.11,33.12,3.29,47,47,0,79.05,3.58,0,Normal
2026-03-01 09:43:48,0.29,48.82,3.31,50,50,0,83.88,4.24,0,Normal
2026-03-01 09:43:49,0.53,59.75,2.91,47,47,0,79.29,3.37,0,Normal
2026-03-01 09:43:50,0.15,24.68,4.28,54,54,0,90.1,4.76,0,Normal
2026-03-01 09:43:51,0.28,39.98,6.32,55,55,0,89.96,4.97,0,Normal
2026-03-01 09:43:52,0.21,20.04,12.72,53,53,0,91.81,15.16,0,Normal
2026-03-01 09:43:53,0.5,34.94,3.11,52,52,0,88.15,3.99,0,Normal
2026-03-01 09:43:54,0.23,17.98,6.6,51,51,0,84.63,6.3,0,Normal
2026-03-01 09:43:55,0.29,54.49,5.21,42,42,0,71.09,5.37,0,Normal
2026-03-01 09:43:56,0.65,21.15,3.74,60,60,0,99.11,4.6,0,Normal
2026-03-01 09:43:57,0.42,55.62,1.23,49,49,0,82.89,1.19,0,Normal
2026-03-01 09:43:58,0.26,45.73,2.8,51,51,0,86.79,3.17,0,Normal
2026-03-01 09:43:59,0.22,19.9,2.85,44,44,0,75.47,2.2,0,Normal
2026-03-01 09:44:00,0.05,33.39,3.9,42,42,0,71.41,4.16,0,Normal
2026-03-01 09:44:01,0.02,70.37,3.04,49,49,0,82.04,1.91,0,Normal
2026-03-01 09:44:02,1.07,29.44,2.58,44,44,0,75.46,1.98,0,Normal
2026-03-01 09:44:03,0.07,65.83,8.28,53,53,0,88.21,11.06,0,Normal
2026-03-01 09:44:04,0.11,65.67,5.98,48,48,0,81.09,6.44,0,Normal
2026-03-01 09:44:05,0.33,23.89,1.34,52,52,0,86.27,1.29,0,Normal
2026-03-01 09:44:06,0.62,59.46,2.93,51,51,0,86.02,2.98,0,Normal
2026-03-01 09:44:07,0.63,27.92,4.41,60,60,0,103.04,2.65,0,Normal
2026-03-01 09:44:08,0.62,55.03,6.04,42,42,0,71.72,5.85,0,Normal
2026-03-01 09:44:09,10.19,211.25,52.63,44,40,4,67.2,78.94,1,Combined Degradation
2026-03-01 09:44:10,15.97,272.87,50.81,49,41,8,68.88,76.21,1,Combined Degradation
2026-03-01 09:44:11,12.4,220.4,58.09,47,41,6,68.88,87.13,1,Combined Degradation
2026-03-01 09:44:12,7.76,301.05,59.66,50,46,4,77.28,89.49,1,Combined Degradation
2026-03-01 09:44:13,9.3,356.08,60.22,53,48,5,80.64,90.33,1,Combined Degradation
2026-03-01 09:44:14,7.08,361.34,41.6,43,40,3,67.2,62.39,1,Combined Degradation
2026-03-01 09:44:15,21.76,252.76,43.54,55,43,12,72.24,65.3,1,Combined Degradation
2026-03-01 09:44:16,16.75,345.62,51.21,52,43,9,72.24,76.81,1,Combined Degradation
2026-03-01 09:44:17,8.99,411.71,39.04,49,45,4,75.6,58.56,1,Combined Degradation
2026-03-01 09:44:18,18.0,181.78,76.67,51,42,9,70.56,115.0,1,Combined Degradation
2026-03-01 09:44:19,16.18,335.13,39.88,45,38,7,63.84,59.83,1,Combined Degradation
2026-03-01 09:44:20,10.11,299.9,46.42,42,38,4,63.84,69.62,1,Combined Degradation
2026-03-01 09:44:21,14.4,274.62,66.86,55,47,8,78.96,100.29,1,Combined Degradation
2026-03-01 09:44:22,16.16,230.21,81.52,50,42,8,70.56,122.27,1,Combined Degradation
2026-03-01 09:44:23,12.43,209.77,41.74,49,43,6,72.24,62.6,1,Combined Degradation
2026-03-01 09:44:24,21.38,401.02,56.95,54,42,12,70.56,85.43,1,Combined Degradation
2026-03-01 09:44:25,8.42,187.3,49.86,46,42,4,70.56,74.78,1,Combined Degradation
2026-03-01 09:44:26,8.89,292.77,59.0,50,46,4,77.28,88.51,1,Combined Degradation
2026-03-01 09:44:27,19.85,229.16,56.91,42,34,8,57.12,85.36,1,Combined Degradation
2026-03-01 09:44:28,10.75,215.35,63.88,59,53,6,89.04,95.82,1,Combined Degradation
2026-03-01 09:44:29,0.76,25.88,1.79,43,43,0,71.37,1.48,0,Normal
2026-03-01 09:44:30,0.48,54.25,5.34,48,48,0,80.16,5.75,0,Normal
2026-03-01 09:44:31,0.38,33.4,2.47,56,56,0,95.7,3.14,0,Normal
2026-03-01 09:44:32,0.08,59.61,1.53,42,42,0,68.88,1.69,0,Normal
2026-03-01 09:44:33,0.32,21.15,3.11,49,49,0,82.56,3.04,0,Normal
2026-03-01 09:44:34,0.06,55.9,2.77,60,60,0,101.11,1.8,0,Normal
2026-03-01 09:44:35,0.21,67.37,7.98,45,45,0,77.13,6.37,0,Normal
2026-03-01 09:44:36,0.22,54.55,2.62,60,60,0,100.97,3.35,0,Normal
2026-03-01 09:44:37,0.41,34.65,2.89,56,56,0,92.65,2.65,0,Normal
2026-03-01 09:44:38,0.63,26.26,3.66,51,51,0,85.97,4.8,0,Normal
2026-03-01 09:44:39,0.14,14.47,2.57,42,42,0,71.64,2.04,0,Normal
2026-03-01 09:44:40,0.01,29.12,4.05,45,45,0,75.81,4.29,0,Normal
2026-03-01 09:44:41,0.02,29.08,2.1,55,55,0,94.04,2.88,0,Normal
2026-03-01 09:44:42,0.73,62.03,2.98,52,52,0,85.4,3.12,0,Normal
2026-03-01 09:44:43,0.23,34.64,3.99,42,42,0,70.32,3.06,0,Normal
2026-03-01 09:44:44,0.1,16.29,5.54,48,48,0,80.65,4.34,0,Normal
2026-03-01 09:44:45,0.01,26.57,2.55,60,60,0,101.96,1.85,0,Normal
2026-03-01 09:44:46,0.26,22.46,2.54,52,52,0,88.71,1.57,0,Normal
2026-03-01 09:44:47,0.05,20.75,6.64,42,42,0,70.6,7.67,0,Normal
2026-03-01 09:44:48,0.19,62.48,2.59,45,45,0,75.06,3.18,0,Normal
2026-03-01 09:44:49,0.25,32.21,3.24,60,60,0,101.08,4.07,0,Normal
2026-03-01 09:44:50,0.09,70.63,7.18,57,57,0,94.05,4.73,0,Normal
2026-03-01 09:44:51,0.08,23.87,3.42,51,51,0,84.95,4.63,0,Normal
2026-03-01 09:44:52,0.01,58.68,2.97,60,60,0,101.65,3.25,0,Normal
2026-03-01 09:44:53,0.31,33.58,3.07,53,53,0,89.57,2.06,0,Normal
2026-03-01 09:44:54,0.08,61.24,2.38,50,50,0,83.01,1.59,0,Normal
2026-03-01 09:44:55,0.74,24.68,4.07,51,51,0,84.51,4.1,0,Normal
2026-03-01 09:44:56,0.32,24.3,2.19,52,52,0,86.16,1.74,0,Normal
2026-03-01 09:44:57,0.28,17.7,4.71,53,53,0,87.94,3.73,0,Normal
2026-03-01 09:44:58,0.25,62.02,3.34,43,43,0,72.46,2.04,0,Normal
2026-03-01 09:44:59,0.08,45.64,3.69,60,60,0,102.6,3.64,0,Normal
2026-03-01 09:45:00,1.22,40.4,7.23,48,47,1,80.94,4.84,0,Normal
2026-03-01 09:45:01,1.19,22.87,1.73,52,51,1,84.3,1.14,0,Normal
2026-03-01 09:45:02,0.14,34.65,3.36,48,48,0,81.13,2.44,0,Normal
2026-03-01 09:45:03,0.52,38.91,4.42,60,60,0,101.22,2.69,0,Normal
2026-03-01 09:45:04,0.04,29.3,2.52,47,47,0,79.28,1.72,0,Normal
2026-03-01 09:45:05,0.53,27.4,5.09,44,44,0,72.45,5.48,0,Normal
2026-03-01 09:45:06,0.12,53.86,2.6,43,43,0,71.13,2.09,0,Normal
2026-03-01 09:45:07,0.12,64.7,3.79,49,49,0,82.84,2.48,0,Normal
2026-03-01 09:45:08,0.25,37.62,3.14,42,42,0,69.98,2.22,0,Normal
2026-03-01 09:45:09,0.17,30.11,3.57,59,59,0,99.26,2.27,0,Normal
2026-03-01 09:45:10,16.3,28.17,3.43,58,49,9,82.32,4.19,1,High Packet Loss
2026-03-01 09:45:11,20.65,35.87,3.27,50,40,10,67.2,3.43,1,High Packet Loss
2026-03-01 09:45:12,8.08,32.18,2.68,58,53,5,89.04,2.63,1,High Packet Loss
2026-03-01 09:45:13,0.21,27.11,2.46,44,44,0,74.32,3.2,0,Normal
2026-03-01 09:45:14,0.09,72.29,3.83,57,57,0,95.24,2.54,0,Normal
2026-03-01 09:45:15,0.68,52.77,3.4,47,47,0,79.36,2.14,0,Normal
2026-03-01 09:45:16,0.14,24.63,2.43,51,51,0,85.13,2.28,0,Normal
2026-03-01 09:45:17,0.76,26.76,3.87,60,60,0,101.15,3.14,0,Normal
2026-03-01 09:45:18,0.14,59.69,2.7,42,42,0,73.27,2.64,0,Normal
2026-03-01 09:45:19,0.07,57.96,6.69,49,49,0,81.53,8.84,0,Normal
2026-03-01 09:45:20,0.3,28.46,10.18,43,43,0,72.98,9.74,0,Normal
2026-03-01 09:45:21,0.28,36.77,6.2,60,60,0,99.81,4.57,0,Normal
2026-03-01 09:45:22,0.34,22.59,6.05,50,50,0,83.8,7.49,0,Normal
2026-03-01 09:45:23,0.13,25.69,4.79,51,51,0,86.39,4.36,0,Normal
2026-03-01 09:45:24,0.13,14.07,3.02,42,42,0,70.98,3.64,0,Normal
2026-03-01 09:45:25,0.09,65.72,1.41,46,46,0,78.32,1.01,0,Normal
2026-03-01 09:45:26,0.92,21.4,2.09,52,52,0,88.79,1.82,0,Normal
2026-03-01 09:45:27,0.4,26.32,2.45,56,56,0,95.08,1.51,0,Normal
2026-03-01 09:45:28,0.49,64.12,5.72,47,47,0,80.34,4.51,0,Normal
2026-03-01 09:45:29,0.08,58.16,3.73,44,44,0,74.24,4.16,0,Normal
2026-03-01 09:45:30,0.38,58.22,2.47,43,43,0,71.15,2.06,0,Normal
2026-03-01 09:45:31,0.5,27.3,1.45,42,42,0,71.76,1.03,0,Normal
2026-03-01 09:45:32,0.15,52.75,9.42,54,54,0,90.15,6.08,0,Normal
2026-03-01 09:45:33,0.06,24.92,4.22,48,48,0,81.68,4.57,0,Normal
2026-03-01 09:45:34,0.42,18.67,5.0,51,51,0,83.8,3.31,0,Normal
2026-03-01 09:45:35,0.33,28.01,2.61,42,42,0,70.03,3.23,0,Normal
2026-03-01 09:45:36,0.3,32.08,3.12,42,42,0,69.52,2.76,0,Normal
2026-03-01 09:45:37,0.07,20.05,2.84,60,60,0,101.39,2.4,0,Normal
2026-03-01 09:45:38,0.11,66.82,3.42,47,47,0,78.09,3.76,0,Normal
2026-03-01 09:45:39,0.34,26.52,7.62,55,55,0,92.38,7.96,0,Normal
2026-03-01 09:45:40,0.33,45.11,1.93,54,54,0,90.5,2.68,0,Normal
2026-03-01 09:45:41,0.28,29.34,3.26,49,49,0,83.86,2.09,0,Normal
2026-03-01 09:45:42,0.51,16.57,3.91,43,43,0,72.95,5.0,0,Normal
2026-03-01 09:45:43,0.59,15.08,3.15,49,49,0,82.75,3.4,0,Normal
2026-03-01 09:45:44,0.11,55.38,5.2,48,48,0,80.67,6.79,0,Normal
2026-03-01 09:45:45,0.06,55.59,1.52,55,55,0,91.25,1.76,0,Normal
2026-03-01 09:45:46,0.08,52.07,7.75,42,42,0,69.24,9.38,0,Normal
2026-03-01 09:45:47,0.12,25.96,1.79,60,60,0,101.22,2.2,0,Normal
2026-03-01 09:45:48,1.03,30.58,2.0,51,50,1,81.88,1.22,0,Normal
2026-03-01 09:45:49,0.05,23.21,2.71,47,47,0,78.9,3.45,0,Normal
2026-03-01 09:45:50,0.74,56.8,2.48,50,50,0,84.16,2.84,0,Normal
2026-03-01 09:45:51,0.08,34.22,4.02,42,42,0,68.44,5.46,0,Normal
2026-03-01 09:45:52,0.15,24.32,3.81,60,60,0,100.72,2.7,0,Normal
2026-03-01 09:45:53,0.05,34.3,3.49,59,59,0,99.13,4.67,0,Normal
2026-03-01 09:45:54,0.04,23.43,1.75,44,44,0,77.04,2.25,0,Normal
2026-03-01 09:45:55,0.03,28.73,3.12,42,42,0,70.57,2.44,0,Normal
2026-03-01 09:45:56,0.15,33.13,3.35,43,43,0,73.55,2.34,0,Normal
2026-03-01 09:45:57,0.26,58.82,5.78,50,50,0,84.67,6.38,0,Normal
2026-03-01 09:45:58,0.08,67.04,3.63,42,42,0,70.95,4.14,0,Normal
2026-03-01 09:45:59,0.94,29.1,3.94,50,50,0,85.24,4.61,0,Normal
2026-03-01 09:46:00,0.31,31.72,8.03,57,57,0,93.6,10.25,0,Normal
2026-03-01 09:46:01,0.76,49.49,1.97,57,57,0,95.63,2.06,0,Normal
2026-03-01 09:46:02,0.06,20.25,2.79,51,51,0,86.1,2.31,0,Normal
2026-03-01 09:46:03,0.05,20.37,1.99,48,48,0,79.2,2.56,0,Normal
2026-03-01 09:46:04,0.66,60.57,6.84,53,53,0,88.97,6.48,0,Normal
2026-03-01 09:46:05,0.29,32.6,7.05,53,53,0,89.18,6.69,0,Normal
2026-03-01 09:46:06,0.98,25.63,6.61,60,59,1,98.87,6.57,0,Normal
2026-03-01 09:46:07,0.06,32.92,4.25,42,42,0,69.23,5.39,0,Normal
2026-03-01 09:46:08,0.01,30.42,3.94,56,56,0,92.95,5.42,0,Normal
2026-03-01 09:46:09,0.87,21.99,2.7,50,50,0,83.52,1.99,0,Normal
2026-03-01 09:46:10,0.42,27.28,4.69,45,45,0,76.18,3.27,0,Normal
2026-03-01 09:46:11,0.58,25.27,1.87,54,54,0,90.86,1.55,0,Normal
2026-03-01 09:46:12,0.12,24.34,1.86,46,46,0,77.58,2.46,0,Normal
2026-03-01 09:46:13,0.0,33.49,2.75,44,44,0,73.57,2.81,0,Normal
2026-03-01 09:46:14,0.23,43.06,7.76,44,44,0,72.66,4.69,0,Normal
2026-03-01 09:46:15,1.61,34.7,2.64,42,41,1,68.42,2.81,0,Normal
2026-03-01 09:46:16,0.83,27.84,2.8,51,51,0,84.43,2.91,0,Normal
2026-03-01 09:46:17,0.03,35.56,3.78,47,47,0,74.42,2.51,0,Normal
2026-03-01 09:46:18,0.07,38.28,4.97,60,60,0,100.78,3.58,0,Normal
2026-03-01 09:46:19,0.13,19.65,5.83,46,46,0,76.89,3.93,0,Normal
2026-03-01 09:46:20,0.62,35.35,2.01,42,42,0,72.41,2.04,0,Normal
2026-03-01 09:46:21,0.61,32.62,3.18,47,47,0,79.99,3.26,0,Normal
2026-03-01 09:46:22,0.07,35.13,3.67,44,44,0,74.63,3.56,0,Normal
2026-03-01 09:46:23,0.27,58.22,3.84,42,42,0,69.06,3.69,0,Normal
2026-03-01 09:46:24,0.24,26.63,4.9,53,53,0,90.57,5.22,0,Normal
2026-03-01 09:46:25,0.19,40.2,4.8,51,51,0,85.89,5.42,0,Normal
2026-03-01 09:46:26,0.27,30.04,3.36,53,53,0,88.5,4.6,0,Normal
2026-03-01 09:46:27,0.12,40.02,5.58,59,59,0,97.95,5.78,0,Normal
2026-03-01 09:46:28,0.27,31.04,5.13,54,54,0,89.74,4.17,0,Normal
2026-03-01 09:46:29,0.4,33.83,4.95,47,47,0,78.58,6.83,0,Normal
2026-03-01 09:46:30,0.02,28.57,2.62,51,51,0,84.14,1.79,0,Normal
2026-03-01 09:46:31,1.2,30.36,4.58,57,56,1,94.14,3.89,0,Normal
2026-03-01 09:46:32,0.06,54.68,5.71,54,54,0,90.47,7.54,0,Normal
2026-03-01 09:46:33,0.16,60.11,2.63,51,51,0,86.71,3.57,0,Normal
2026-03-01 09:46:34,0.22,23.07,3.52,53,53,0,88.82,3.93,0,Normal
2026-03-01 09:46:35,0.01,19.58,6.71,57,57,0,93.03,4.11,0,Normal
2026-03-01 09:46:36,0.28,56.77,3.97,51,51,0,85.22,3.79,0,Normal
2026-03-01 09:46:37,0.71,26.66,3.19,47,47,0,77.27,4.3,0,Normal
2026-03-01 09:46:38,0.81,12.0,6.41,49,49,0,81.43,8.41,0,Normal
2026-03-01 09:46:39,0.14,51.34,2.69,60,60,0,99.38,3.53,0,Normal
2026-03-01 09:46:40,0.29,30.25,1.55,53,53,0,92.18,1.29,0,Normal
2026-03-01 09:46:41,0.52,63.48,2.34,42,42,0,70.05,2.95,0,Normal
2026-03-01 09:46:42,0.1,23.01,5.54,54,54,0,91.8,6.3,0,Normal
2026-03-01 09:46:43,0.26,22.74,4.2,59,59,0,98.66,5.52,0,Normal
2026-03-01 09:46:44,0.16,23.55,3.42,42,42,0,70.22,3.8,0,Normal
2026-03-01 09:46:45,0.17,63.22,5.35,44,44,0,73.21,4.82,0,Normal
2026-03-01 09:46:46,0.03,27.11,3.58,56,56,0,93.04,3.96,0,Normal
2026-03-01 09:46:47,0.18,25.44,3.0,58,58,0,96.43,2.66,0,Normal
2026-03-01 09:46:48,0.06,45.14,4.83,52,52,0,87.92,2.91,0,Normal
2026-03-01 09:46:49,0.13,30.97,2.8,46,46,0,77.19,3.5,0,Normal
2026-03-01 09:46:50,0.14,17.55,4.14,49,49,0,84.31,5.3,0,Normal
2026-03-01 09:46:51,0.2,24.3,2.32,60,60,0,100.47,2.78,0,Normal
2026-03-01 09:46:52,0.87,29.93,2.07,42,42,0,70.15,1.62,0,Normal
2026-03-01 09:46:53,0.35,22.4,2.25,60,60,0,100.86,1.59,0,Normal
2026-03-01 09:46:54,1.28,40.18,38.7,42,41,1,69.79,63.24,1,High Jitter
2026-03-01 09:46:55,0.31,54.78,53.11,51,51,0,85.85,86.43,1,High Jitter
2026-03-01 09:46:56,0.57,23.48,67.09,54,54,0,92.74,111.92,1,High Jitter
2026-03-01 09:46:57,0.63,68.43,59.1,45,45,0,79.47,86.43,1,High Jitter
2026-03-01 09:46:58,0.47,33.57,83.85,46,46,0,78.51,101.15,1,High Jitter
2026-03-01 09:46:59,0.39,53.05,67.66,58,58,0,98.0,117.9,1,High Jitter
2026-03-01 09:47:00,0.19,30.28,72.27,45,45,0,72.6,97.91,1,High Jitter
2026-03-01 09:47:01,0.29,21.09,63.65,42,42,0,72.64,91.69,1,High Jitter
2026-03-01 09:47:02,0.08,28.42,50.52,60,60,0,102.64,85.8,1,High Jitter
2026-03-01 09:47:03,0.34,24.18,67.61,42,42,0,72.86,116.5,1,High Jitter
2026-03-01 09:47:04,0.25,26.11,91.88,53,53,0,90.23,148.17,1,High Jitter
2026-03-01 09:47:05,0.57,23.22,44.04,48,48,0,79.22,64.47,1,High Jitter
2026-03-01 09:47:06,0.81,34.15,2.9,55,55,0,90.95,1.86,0,Normal
2026-03-01 09:47:07,0.05,25.05,8.02,47,47,0,77.32,5.88,0,Normal
2026-03-01 09:47:08,0.41,27.14,5.88,50,50,0,84.12,4.8,0,Normal
2026-03-01 09:47:09,1.05,57.5,2.77,60,59,1,98.07,3.03,0,Normal
2026-03-01 09:47:10,0.87,65.95,2.8,58,57,1,97.05,1.86,0,Normal
2026-03-01 09:47:11,0.63,33.34,1.72,58,58,0,96.58,1.29,0,Normal
2026-03-01 09:47:12,0.02,32.74,5.76,48,48,0,80.15,4.38,0,Normal
2026-03-01 09:47:13,0.1,18.53,3.71,49,49,0,82.72,4.22,0,Normal
2026-03-01 09:47:14,0.06,61.21,4.81,60,60,0,100.08,4.22,0,Normal
2026-03-01 09:47:15,0.92,57.03,1.27,42,42,0,69.2,1.04,0,Normal
2026-03-01 09:47:16,0.48,20.97,4.71,42,42,0,67.84,2.94,0,Normal
2026-03-01 09:47:17,0.27,28.5,2.64,44,44,0,75.32,1.78,0,Normal
2026-03-01 09:47:18,1.36,21.61,4.32,49,48,1,79.26,4.49,0,Normal
2026-03-01 09:47:19,0.08,22.21,4.2,55,55,0,91.83,4.65,0,Normal
2026-03-01 09:47:20,0.36,38.08,3.29,46,46,0,76.72,3.93,0,Normal
2026-03-01 09:47:21,0.33,32.32,2.43,56,56,0,90.99,2.42,0,Normal
2026-03-01 09:47:22,0.15,33.9,3.97,49,49,0,82.75,3.24,0,Normal
2026-03-01 09:47:23,0.23,32.7,2.28,59,59,0,101.23,1.9,0,Normal
2026-03-01 09:47:24,0.09,55.04,5.33,50,50,0,85.44,5.97,0,Normal
2026-03-01 09:47:25,0.4,23.85,2.4,43,43,0,71.68,2.26,0,Normal
2026-03-01 09:47:26,0.19,25.59,3.35,43,43,0,73.82,2.44,0,Normal
2026-03-01 09:47:27,0.01,26.85,2.37,54,54,0,88.12,1.43,0,Normal
2026-03-01 09:47:28,1.05,38.66,3.57,60,59,1,100.37,2.88,0,Normal
2026-03-01 09:47:29,0.24,68.3,2.09,50,50,0,82.9,2.51,0,Normal
2026-03-01 09:47:30,0.43,24.68,2.31,60,60,0,102.25,2.61,0,Normal
2026-03-01 09:47:31,0.08,22.52,9.32,47,47,0,79.01,6.32,0,Normal
2026-03-01 09:47:32,0.05,34.34,4.85,60,60,0,98.99,4.64,0,Normal
2026-03-01 09:47:33,0.81,39.12,3.92,42,42,0,70.93,2.81,0,Normal
2026-03-01 09:47:34,0.31,69.3,4.18,60,60,0,100.8,4.09,0,Normal
2026-03-01 09:47:35,0.24,30.35,3.81,48,48,0,81.0,2.62,0,Normal
2026-03-01 09:47:36,0.26,28.55,3.19,52,52,0,86.16,3.65,0,Normal
2026-03-01 09:47:37,0.09,30.62,4.67,60,60,0,99.04,4.98,0,Normal
2026-03-01 09:47:38,0.85,32.64,2.29,53,53,0,89.96,1.85,0,Normal
2026-03-01 09:47:39,0.08,30.55,6.81,60,60,0,100.7,9.49,0,Normal
2026-03-01 09:47:40,0.06,30.99,3.5,60,60,0,101.66,3.75,0,Normal
2026-03-01 09:47:41,0.93,32.65,4.76,51,51,0,86.51,3.88,0,Normal
2026-03-01 09:47:42,0.1,66.47,6.74,48,48,0,81.7,5.97,0,Normal
2026-03-01 09:47:43,0.69,28.01,4.14,50,50,0,86.43,5.52,0,Normal
2026-03-01 09:47:44,0.52,29.83,2.31,52,52,0,87.66,1.76,0,Normal
2026-03-01 09:47:45,0.17,30.5,5.75,59,59,0,97.62,4.39,0,Normal
2026-03-01 09:47:46,0.1,26.97,7.12,43,43,0,71.08,7.52,0,Normal
2026-03-01 09:47:47,0.5,28.96,1.38,56,56,0,93.64,1.2,0,Normal
2026-03-01 09:47:48,0.32,23.68,3.17,56,56,0,94.4,2.67,0,Normal
2026-03-01 09:47:49,0.1,17.35,3.79,46,46,0,79.35,3.51,0,Normal
2026-03-01 09:47:50,0.78,56.39,2.95,43,43,0,72.03,3.73,0,Normal
2026-03-01 09:47:51,0.45,21.19,1.9,42,42,0,73.08,2.41,0,Normal
2026-03-01 09:47:52,0.84,60.74,2.23,49,49,0,84.97,2.53,0,Normal
2026-03-01 09:47:53,0.2,65.11,1.44,60,60,0,101.45,1.53,0,Normal
2026-03-01 09:47:54,0.05,50.41,5.1,50,50,0,84.94,3.13,0,Normal
2026-03-01 09:47:55,0.9,27.52,6.16,57,56,1,93.39,6.48,0,Normal
2026-03-01 09:47:56,0.32,54.37,6.12,46,46,0,79.8,8.35,0,Normal
2026-03-01 09:47:57,0.33,53.72,3.28,44,44,0,72.96,4.16,0,Normal
2026-03-01 09:47:58,0.31,40.94,3.75,45,45,0,77.4,2.68,0,Normal
2026-03-01 09:47:59,0.22,182.24,5.37,44,44,0,72.37,26.48,1,High Latency
2026-03-01 09:48:00,0.1,223.61,2.99,58,58,0,98.4,21.38,1,High Latency
2026-03-01 09:48:01,0.33,193.79,2.17,43,43,0,73.91,20.58,1,High Latency
2026-03-01 09:48:02,0.44,213.82,2.57,45,45,0,76.96,21.2,1,High Latency
2026-03-01 09:48:03,0.87,271.62,3.59,47,47,0,78.26,21.63,1,High Latency
2026-03-01 09:48:04,0.03,205.32,2.41,52,52,0,86.96,20.94,1,High Latency
2026-03-01 09:48:05,0.1,360.96,4.11,60,60,0,103.11,22.54,1,High Latency
2026-03-01 09:48:06,0.52,401.89,1.8,43,43,0,71.48,21.0,1,High Latency
2026-03-01 09:48:07,0.52,274.28,2.98,52,52,0,86.65,22.31,1,High Latency
2026-03-01 09:48:08,0.08,260.78,3.98,48,48,0,82.9,23.16,1,High Latency
2026-03-01 09:48:09,0.07,280.18,3.52,54,54,0,90.63,22.02,1,High Latency
2026-03-01 09:48:10,0.16,279.47,2.38,46,46,0,77.2,22.31,1,High Latency
2026-03-01 09:48:11,0.02,209.73,4.62,48,48,0,83.4,22.93,1,High Latency
2026-03-01 09:48:12,0.46,162.15,3.74,60,60,0,99.83,22.51,1,High Latency
2026-03-01 09:48:13,0.39,326.18,1.3,46,46,0,76.18,20.28,1,High Latency
2026-03-01 09:48:14,0.68,293.27,4.08,50,50,0,84.27,21.58,1,High Latency
2026-03-01 09:48:15,0.2,272.29,2.75,54,54,0,90.77,21.65,1,High Latency
2026-03-01 09:48:16,0.35,281.51,2.62,51,51,0,84.51,21.35,1,High Latency
2026-03-01 09:48:17,1.08,220.02,2.29,42,42,0,71.77,20.56,1,High Latency
2026-03-01 09:48:18,1.12,219.1,2.11,60,59,1,99.14,21.7,1,High Latency
2026-03-01 09:48:19,0.03,31.18,3.64,56,56,0,94.18,4.26,0,Normal
2026-03-01 09:48:20,0.0,55.59,4.24,49,49,0,82.31,3.51,0,Normal
2026-03-01 09:48:21,1.13,32.76,3.56,57,56,1,92.51,2.88,0,Normal
2026-03-01 09:48:22,0.27,62.79,5.09,51,51,0,84.45,6.74,0,Normal
2026-03-01 09:48:23,0.42,60.58,4.31,51,51,0,83.31,3.24,0,Normal
2026-03-01 09:48:24,0.85,29.71,1.35,60,59,1,100.83,1.75,0,Normal
2026-03-01 09:48:25,0.2,27.82,2.2,46,46,0,77.28,1.46,0,Normal
2026-03-01 09:48:26,0.2,45.06,5.67,58,58,0,98.93,7.21,0,Normal
2026-03-01 09:48:27,0.06,26.48,1.88,53,53,0,88.36,1.94,0,Normal
2026-03-01 09:48:28,0.83,29.35,0.97,43,43,0,73.96,1.18,0,Normal
2026-03-01 09:48:29,0.37,20.22,7.57,42,42,0,68.13,5.1,0,Normal
2026-03-01 09:48:30,0.07,55.88,3.79,51,51,0,87.14,3.55,0,Normal
2026-03-01 09:48:31,0.29,45.59,2.44,55,55,0,92.28,2.34,0,Normal
2026-03-01 09:48:32,0.14,26.5,2.27,56,56,0,92.0,2.29,0,Normal
2026-03-01 09:48:33,0.06,29.98,4.41,43,43,0,68.01,4.86,0,Normal
2026-03-01 09:48:34,0.07,59.61,4.12,58,58,0,98.19,3.75,0,Normal
2026-03-01 09:48:35,0.29,16.2,3.85,48,48,0,82.12,3.69,0,Normal
2026-03-01 09:48:36,0.29,62.46,3.05,42,42,0,70.65,2.73,0,Normal
2026-03-01 09:48:37,0.55,19.41,1.87,60,60,0,101.7,2.16,0,Normal
2026-03-01 09:48:38,0.1,61.6,3.27,44,44,0,74.59,4.33,0,Normal
2026-03-01 09:48:39,0.87,55.8,5.36,60,59,1,99.2,3.71,0,Normal
2026-03-01 09:48:40,0.26,36.91,2.6,53,53,0,90.48,2.16,0,Normal
2026-03-01 09:48:41,0.08,27.97,4.35,47,47,0,76.74,3.38,0,Normal
2026-03-01 09:48:42,0.19,28.36,2.77,42,42,0,70.71,3.74,0,Normal
2026-03-01 09:48:43,0.9,16.12,4.76,58,57,1,96.78,5.12,0,Normal
2026-03-01 09:48:44,0.23,28.87,2.14,47,47,0,78.29,1.53,0,Normal
2026-03-01 09:48:45,0.73,27.52,3.34,51,51,0,86.06,3.07,0,Normal
2026-03-01 09:48:46,0.06,20.21,4.08,44,44,0,72.15,3.99,0,Normal
2026-03-01 09:48:47,0.86,28.52,2.45,44,44,0,74.03,2.69,0,Normal
2026-03-01 09:48:48,0.2,62.56,3.91,45,45,0,74.52,3.02,0,Normal
2026-03-01 09:48:49,0.96,26.7,3.28,50,50,0,83.22,3.28,0,Normal
2026-03-01 09:48:50,0.7,28.16,3.25,44,44,0,74.78,4.04,0,Normal
2026-03-01 09:48:51,0.38,25.17,2.45,47,47,0,76.32,2.76,0,Normal
2026-03-01 09:48:52,0.39,57.48,5.2,51,51,0,84.04,3.55,0,Normal
2026-03-01 09:48:53,0.08,27.48,2.17,52,52,0,88.45,2.89,0,Normal
2026-03-01 09:48:54,0.32,30.84,3.77,47,47,0,78.72,3.28,0,Normal
2026-03-01 09:48:55,0.28,24.83,2.27,53,53,0,87.94,2.13,0,Normal
2026-03-01 09:48:56,0.14,68.32,3.22,52,52,0,88.04,3.72,0,Normal
2026-03-01 09:48:57,0.25,66.93,4.43,49,49,0,80.66,4.3,0,Normal
2026-03-01 09:48:58,0.93,36.66,2.92,45,45,0,73.89,3.12,0,Normal
2026-03-01 09:48:59,0.0,33.74,0.83,51,51,0,85.37,0.82,0,Normal
2026-03-01 09:49:00,0.19,35.28,1.81,56,56,0,93.87,1.53,0,Normal
2026-03-01 09:49:01,0.14,57.38,1.26,53,53,0,87.93,1.2,0,Normal
2026-03-01 09:49:02,1.14,25.2,3.42,60,59,1,98.72,2.91,0,Normal
2026-03-01 09:49:03,1.28,29.77,3.31,55,54,1,92.72,3.18,0,Normal
2026-03-01 09:49:04,0.31,28.46,2.84,43,43,0,72.19,2.16,0,Normal
2026-03-01 09:49:05,0.28,50.33,2.5,60,60,0,99.07,1.62,0,Normal
2026-03-01 09:49:06,0.82,26.26,3.67,60,60,0,100.84,4.25,0,Normal
2026-03-01 09:49:07,0.0,28.56,1.73,50,50,0,80.82,1.21,0,Normal
2026-03-01 09:49:08,0.29,28.43,5.11,57,57,0,98.18,6.42,0,Normal
2026-03-01 09:49:09,0.01,31.19,3.43,60,60,0,99.02,3.06,0,Normal
2026-03-01 09:49:10,1.21,31.93,2.17,54,53,1,89.35,1.73,0,Normal
2026-03-01 09:49:11,0.14,28.56,2.75,42,42,0,70.8,2.55,0,Normal
2026-03-01 09:49:12,0.26,28.74,3.13,42,42,0,69.39,2.25,0,Normal
2026-03-01 09:49:13,0.19,29.36,1.78,47,47,0,80.91,2.28,0,Normal
2026-03-01 09:49:14,0.78,37.88,4.49,53,53,0,92.13,3.29,0,Normal
2026-03-01 09:49:15,1.95,17.62,5.13,50,49,1,81.2,5.1,0,Normal
2026-03-01 09:49:16,0.02,22.18,3.5,51,51,0,86.75,2.55,0,Normal
2026-03-01 09:49:17,0.46,32.04,5.07,51,51,0,84.2,3.23,0,Normal
2026-03-01 09:49:18,0.16,29.62,10.94,46,46,0,79.26,13.55,0,Normal
2026-03-01 09:49:19,0.05,29.58,1.43,49,49,0,84.22,1.49,0,Normal
2026-03-01 09:49:20,0.18,32.0,3.4,53,53,0,90.55,2.25,0,Normal
2026-03-01 09:49:21,1.95,29.28,1.81,53,52,1,84.88,2.38,0,Normal
2026-03-01 09:49:22,0.15,24.64,6.7,46,46,0,76.47,6.13,0,Normal
2026-03-01 09:49:23,0.11,60.16,3.71,42,42,0,69.77,3.49,0,Normal
2026-03-01 09:49:24,0.66,28.13,2.43,54,54,0,89.83,2.42,0,Normal
2026-03-01 09:49:25,0.71,25.31,2.95,47,47,0,80.95,2.3,0,Normal
2026-03-01 09:49:26,0.14,32.14,6.06,58,58,0,94.72,6.3,0,Normal
2026-03-01 09:49:27,0.12,31.91,4.07,44,44,0,74.5,3.26,0,Normal
2026-03-01 09:49:28,0.36,29.29,4.31,45,45,0,76.72,5.47,0,Normal
2026-03-01 09:49:29,0.08,66.86,6.49,60,60,0,99.75,8.18,0,Normal
2026-03-01 09:49:30,0.23,35.96,5.1,48,48,0,81.4,5.01,0,Normal
2026-03-01 09:49:31,0.05,34.01,5.51,50,50,0,84.66,5.65,0,Normal
2026-03-01 09:49:32,0.13,67.74,3.14,57,57,0,95.35,4.37,0,Normal
2026-03-01 09:49:33,0.12,27.12,1.2,54,54,0,92.35,1.49,0,Normal
2026-03-01 09:49:34,0.42,25.21,3.48,60,60,0,99.99,2.26,0,Normal
2026-03-01 09:49:35,0.12,33.16,2.46,51,51,0,87.31,1.82,0,Normal
2026-03-01 09:49:36,0.8,26.48,4.73,48,48,0,80.84,5.1,0,Normal
2026-03-01 09:49:37,1.43,28.07,1.5,42,41,1,68.41,1.34,0,Normal
2026-03-01 09:49:38,0.03,22.08,4.82,45,45,0,75.26,5.99,0,Normal
2026-03-01 09:49:39,0.18,31.64,3.61,54,54,0,88.64,4.02,0,Normal
2026-03-01 09:49:40,0.13,73.05,3.89,50,50,0,83.46,5.42,0,Normal
2026-03-01 09:49:41,0.15,62.52,4.39,59,59,0,97.44,2.68,0,Normal
2026-03-01 09:49:42,0.11,56.32,3.28,54,54,0,91.12,3.12,0,Normal
2026-03-01 09:49:43,0.17,57.21,2.86,60,60,0,102.15,2.65,0,Normal
2026-03-01 09:49:44,0.05,17.46,5.53,56,56,0,94.77,5.24,0,Normal
2026-03-01 09:49:45,0.11,17.41,4.34,60,60,0,99.73,5.67,0,Normal
2026-03-01 09:49:46,0.48,23.52,4.53,56,56,0,93.68,4.19,0,Normal
2026-03-01 09:49:47,0.15,54.05,3.2,49,49,0,82.74,3.96,0,Normal
2026-03-01 09:49:48,0.08,29.73,3.49,56,56,0,94.57,3.86,0,Normal
2026-03-01 09:49:49,0.04,27.9,3.3,45,45,0,78.06,3.27,0,Normal
2026-03-01 09:49:50,0.15,52.17,1.51,50,50,0,84.94,1.75,0,Normal
2026-03-01 09:49:51,0.36,67.02,1.78,46,46,0,77.5,1.4,0,Normal
2026-03-01 09:49:52,0.1,59.14,3.14,55,55,0,92.56,2.24,0,Normal
2026-03-01 09:49:53,0.19,13.62,1.43,53,53,0,88.52,1.96,0,Normal
2026-03-01 09:49:54,1.07,26.54,3.16,55,54,1,90.72,2.89,0,Normal
2026-03-01 09:49:55,0.28,24.72,2.22,59,59,0,100.2,1.87,0,Normal
2026-03-01 09:49:56,0.27,34.08,3.21,45,45,0,74.54,2.61,0,Normal
2026-03-01 09:49:57,0.18,28.95,3.58,50,50,0,84.62,3.93,0,Normal
2026-03-01 09:49:58,0.28,37.9,1.44,47,47,0,78.8,2.01,0,Normal
2026-03-01 09:49:59,1.46,24.71,3.84,42,41,1,71.46,5.06,0,Normal
2026-03-01 09:50:00,0.1,30.92,2.71,43,43,0,72.68,2.5,0,Normal
2026-03-01 09:50:01,1.0,65.35,1.17,44,44,0,74.41,1.54,0,Normal
2026-03-01 09:50:02,0.06,73.31,2.7,56,56,0,92.8,2.61,0,Normal
2026-03-01 09:50:03,0.04,26.78,3.94,52,52,0,89.56,2.71,0,Normal
2026-03-01 09:50:04,0.37,33.13,2.77,50,50,0,84.76,2.08,0,Normal
2026-03-01 09:50:05,18.5,356.89,43.26,51,42,9,70.56,64.89,1,Combined Degradation
2026-03-01 09:50:06,11.87,381.86,44.13,50,44,6,73.92,66.2,1,Combined Degradation
2026-03-01 09:50:07,20.12,338.0,56.53,57,46,11,77.28,84.8,1,Combined Degradation
2026-03-01 09:50:08,20.34,411.39,70.97,42,33,9,55.44,106.46,1,Combined Degradation
2026-03-01 09:50:09,19.3,331.21,42.02,60,48,12,80.64,63.03,1,Combined Degradation
2026-03-01 09:50:10,0.13,26.0,2.63,47,47,0,79.51,3.64,0,Normal
2026-03-01 09:50:11,0.02,67.6,7.75,50,50,0,86.78,9.9,0,Normal
2026-03-01 09:50:12,0.91,15.54,3.6,60,59,1,98.6,3.43,0,Normal
2026-03-01 09:50:13,0.55,25.22,3.75,44,44,0,74.63,3.61,0,Normal
2026-03-01 09:50:14,1.44,18.76,2.49,47,46,1,78.77,3.24,0,Normal
2026-03-01 09:50:15,0.76,62.39,2.78,49,49,0,82.81,1.73,0,Normal
2026-03-01 09:50:16,0.23,26.43,3.0,45,45,0,75.1,4.03,0,Normal
2026-03-01 09:50:17,0.75,26.22,4.92,42,42,0,69.85,3.3,0,Normal
2026-03-01 09:50:18,0.39,26.53,5.69,51,51,0,85.16,7.52,0,Normal
2026-03-01 09:50:19,0.26,29.52,2.71,60,60,0,104.81,1.76,0,Normal
2026-03-01 09:50:20,0.16,22.72,3.29,42,42,0,69.63,4.52,0,Normal
2026-03-01 09:50:21,0.4,38.75,2.99,59,59,0,96.14,1.81,0,Normal
2026-03-01 09:50:22,0.31,27.8,4.68,60,60,0,100.86,6.42,0,Normal
2026-03-01 09:50:23,0.33,35.72,4.1,47,47,0,79.0,2.66,0,Normal
2026-03-01 09:50:24,0.18,17.92,3.19,52,52,0,86.89,2.23,0,Normal
2026-03-01 09:50:25,0.47,22.99,5.23,53,53,0,88.11,7.17,0,Normal
2026-03-01 09:50:26,0.03,32.12,4.19,42,42,0,70.15,5.17,0,Normal
2026-03-01 09:50:27,0.45,50.48,2.35,45,45,0,73.62,2.98,0,Normal
2026-03-01 09:50:28,0.46,21.56,3.33,54,54,0,93.39,3.15,0,Normal
2026-03-01 09:50:29,0.25,16.97,3.07,42,42,0,70.93,2.04,0,Normal
2026-03-01 09:50:30,0.11,32.4,2.13,45,45,0,75.78,1.53,0,Normal
2026-03-01 09:50:31,0.26,31.91,3.0,46,46,0,78.86,4.02,0,Normal
2026-03-01 09:50:32,0.05,47.16,5.54,42,42,0,74.62,5.03,0,Normal
2026-03-01 09:50:33,0.12,25.02,5.43,55,55,0,91.8,6.55,0,Normal
2026-03-01 09:50:34,0.19,21.32,5.01,45,45,0,76.06,5.77,0,Normal
2026-03-01 09:50:35,0.39,27.68,4.71,54,54,0,91.92,4.62,0,Normal
2026-03-01 09:50:36,0.07,20.11,3.65,57,57,0,96.8,4.7,0,Normal
2026-03-01 09:50:37,0.06,23.49,2.53,43,43,0,73.6,2.85,0,Normal
2026-03-01 09:50:38,0.33,66.0,4.28,50,50,0,85.38,5.1,0,Normal
2026-03-01 09:50:39,0.4,60.76,1.58,53,53,0,88.42,2.01,0,Normal
2026-03-01 09:50:40,0.03,32.07,2.45,48,48,0,82.43,1.91,0,Normal
2026-03-01 09:50:41,0.01,36.97,5.46,46,46,0,77.11,4.56,0,Normal
2026-03-01 09:50:42,0.06,78.0,2.66,56,56,0,94.5,3.2,0,Normal
2026-03-01 09:50:43,0.81,30.39,4.43,51,51,0,86.6,5.59,0,Normal
2026-03-01 09:50:44,0.39,25.22,2.82,42,42,0,69.49,3.04,0,Normal
2026-03-01 09:50:45,0.89,24.12,4.25,43,43,0,72.89,5.93,0,Normal
2026-03-01 09:50:46,0.38,14.51,1.66,51,51,0,86.61,2.16,0,Normal
2026-03-01 09:50:47,1.18,52.84,5.88,60,59,1,96.28,7.3,0,Normal
2026-03-01 09:50:48,0.2,68.45,2.01,55,55,0,94.5,1.6,0,Normal
2026-03-01 09:50:49,0.32,68.92,1.8,42,42,0,69.33,1.56,0,Normal
2026-03-01 09:50:50,0.32,27.88,5.74,42,42,0,70.97,5.1,0,Normal
2026-03-01 09:50:51,0.0,72.08,3.32,47,47,0,81.25,2.24,0,Normal
2026-03-01 09:50:52,0.01,24.19,2.89,42,42,0,71.54,3.43,0,Normal
2026-03-01 09:50:53,0.05,37.68,6.72,45,45,0,77.16,6.25,0,Normal
2026-03-01 09:50:54,0.25,32.38,4.61,58,58,0,99.11,5.06,0,Normal
2026-03-01 09:50:55,0.2,33.38,2.71,56,56,0,93.34,3.17,0,Normal
2026-03-01 09:50:56,0.27,27.38,3.13,46,46,0,75.72,1.9,0,Normal
2026-03-01 09:50:57,0.56,66.21,5.38,49,49,0,82.94,3.44,0,Normal
2026-03-01 09:50:58,0.6,22.63,2.15,44,44,0,74.99,1.87,0,Normal
2026-03-01 09:50:59,1.32,32.0,6.36,50,49,1,83.98,7.15,0,Normal
2026-03-01 09:51:00,0.29,68.66,2.72,42,42,0,71.73,2.67,0,Normal
2026-03-01 09:51:01,0.15,60.45,2.24,43,43,0,71.5,3.03,0,Normal
2026-03-01 09:51:02,0.13,27.86,5.41,43,43,0,73.56,4.36,0,Normal
2026-03-01 09:51:03,0.15,26.25,4.62,60,60,0,97.65,3.16,0,Normal
2026-03-01 09:51:04,0.14,62.07,1.49,47,47,0,80.87,1.03,0,Normal
2026-03-01 09:51:05,0.17,45.45,3.16,42,42,0,69.23,2.47,0,Normal
2026-03-01 09:51:06,0.03,37.48,2.02,53,53,0,87.67,1.59,0,Normal
2026-03-01 09:51:07,0.35,34.79,4.76,60,60,0,104.53,4.29,0,Normal
2026-03-01 09:51:08,0.29,28.23,7.2,54,54,0,90.81,7.57,0,Normal
2026-03-01 09:51:09,0.22,56.25,4.23,50,50,0,83.62,3.38,0,Normal
2026-03-01 09:51:10,0.03,17.56,2.36,49,49,0,80.59,2.39,0,Normal
2026-03-01 09:51:11,0.03,22.77,4.96,46,46,0,77.94,4.87,0,Normal
2026-03-01 09:51:12,0.28,59.11,3.25,50,50,0,85.19,2.75,0,Normal
2026-03-01 09:51:13,0.01,26.19,3.21,42,42,0,70.03,3.04,0,Normal
2026-03-01 09:51:14,0.45,74.75,2.67,43,43,0,69.02,2.42,0,Normal
2026-03-01 09:51:15,1.78,15.82,3.48,54,53,1,91.48,4.73,0,Normal
2026-03-01 09:51:16,0.32,30.72,3.22,51,51,0,85.25,2.11,0,Normal
2026-03-01 09:51:17,0.45,34.58,1.13,50,50,0,83.53,1.37,0,Normal
2026-03-01 09:51:18,0.2,57.77,3.36,50,50,0,83.95,2.85,0,Normal
2026-03-01 09:51:19,0.39,62.66,3.12,43,43,0,71.03,2.34,0,Normal
2026-03-01 09:51:20,0.37,66.85,3.88,54,54,0,92.63,5.03,0,Normal
2026-03-01 09:51:21,0.61,38.08,1.35,42,42,0,71.65,1.31,0,Normal
2026-03-01 09:51:22,0.43,24.98,4.18,42,42,0,71.29,4.21,0,Normal
2026-03-01 09:51:23,0.48,32.68,3.36,50,50,0,87.47,3.14,0,Normal
2026-03-01 09:51:24,0.28,36.58,4.15,52,52,0,86.31,3.83,0,Normal
2026-03-01 09:51:25,0.23,30.41,1.6,49,49,0,84.24,1.84,0,Normal
2026-03-01 09:51:26,0.21,73.86,1.9,54,54,0,87.38,2.3,0,Normal
2026-03-01 09:51:27,0.17,27.78,1.43,45,45,0,76.57,1.76,0,Normal
2026-03-01 09:51:28,0.11,55.62,3.55,53,53,0,92.43,3.62,0,Normal
2026-03-01 09:51:29,0.01,62.85,2.84,57,57,0,94.19,3.3,0,Normal
2026-03-01 09:51:30,0.39,27.01,3.11,45,45,0,78.07,3.8,0,Normal
2026-03-01 09:51:31,0.81,52.46,1.77,54,54,0,88.65,2.03,0,Normal
2026-03-01 09:51:32,0.93,23.82,1.93,42,42,0,73.68,1.45,0,Normal
2026-03-01 09:51:33,0.3,55.57,1.08,51,51,0,84.99,1.26,0,Normal
2026-03-01 09:51:34,0.03,32.57,1.81,47,47,0,77.85,2.03,0,Normal
2026-03-01 09:51:35,0.74,40.32,2.48,42,42,0,69.76,1.68,0,Normal
2026-03-01 09:51:36,0.48,15.7,2.54,48,48,0,80.69,2.83,0,Normal
2026-03-01 09:51:37,0.1,58.34,3.22,45,45,0,75.37,4.19,0,Normal
2026-03-01 09:51:38,0.57,48.99,4.68,50,50,0,83.92,4.35,0,Normal
2026-03-01 09:51:39,0.22,33.79,2.44,46,46,0,77.75,1.72,0,Normal
2026-03-01 09:51:40,0.76,52.06,4.14,42,42,0,70.92,4.5,0,Normal
2026-03-01 09:51:41,0.1,37.39,4.71,43,43,0,72.25,3.73,0,Normal
2026-03-01 09:51:42,0.56,42.45,5.57,48,48,0,79.98,5.77,0,Normal
2026-03-01 09:51:43,0.44,26.65,4.14,49,49,0,82.96,4.7,0,Normal
2026-03-01 09:51:44,0.01,27.68,3.43,42,42,0,71.12,3.46,0,Normal
2026-03-01 09:51:45,0.29,25.86,2.04,53,53,0,89.53,1.73,0,Normal
2026-03-01 09:51:46,0.44,35.91,3.75,45,45,0,75.6,4.83,0,Normal
2026-03-01 09:51:47,0.06,27.54,2.8,43,43,0,71.2,1.99,0,Normal
2026-03-01 09:51:48,0.27,18.29,6.17,43,43,0,72.35,3.91,0,Normal
2026-03-01 09:51:49,0.13,24.2,3.46,45,45,0,75.18,4.37,0,Normal
2026-03-01 09:51:50,0.42,18.53,3.09,53,53,0,85.94,1.94,0,Normal
2026-03-01 09:51:51,0.27,55.12,6.28,42,42,0,72.06,6.21,0,Normal
2026-03-01 09:51:52,0.34,32.04,2.67,47,47,0,79.35,2.75,0,Normal
2026-03-01 09:51:53,0.03,24.07,3.32,51,51,0,85.65,2.89,0,Normal
2026-03-01 09:51:54,0.05,25.58,8.2,53,53,0,89.83,6.73,0,Normal
2026-03-01 09:51:55,0.28,26.35,3.74,51,51,0,84.55,4.46,0,Normal
2026-03-01 09:51:56,0.07,57.71,5.51,45,45,0,77.64,4.92,0,Normal
2026-03-01 09:51:57,0.24,58.01,6.53,52,52,0,89.17,4.57,0,Normal
2026-03-01 09:51:58,0.41,32.84,2.59,44,44,0,72.18,2.51,0,Normal
2026-03-01 09:51:59,0.58,41.53,5.0,50,50,0,83.05,5.9,0,Normal
2026-03-01 09:52:00,0.05,52.45,2.86,60,60,0,101.81,2.42,0,Normal
2026-03-01 09:52:01,0.47,53.9,8.31,47,47,0,79.33,5.87,0,Normal
2026-03-01 09:52:02,0.16,18.47,6.36,58,58,0,97.41,5.55,0,Normal
2026-03-01 09:52:03,0.4,25.72,4.64,52,52,0,88.02,4.81,0,Normal
2026-03-01 09:52:04,0.05,26.38,5.31,57,57,0,92.95,3.62,0,Normal
2026-03-01 09:52:05,0.25,21.9,2.43,59,59,0,97.74,1.91,0,Normal
2026-03-01 09:52:06,0.64,65.39,7.19,48,48,0,79.74,9.9,0,Normal
2026-03-01 09:52:07,0.04,27.36,2.21,53,53,0,90.18,1.69,0,Normal
2026-03-01 09:52:08,0.62,24.97,3.99,59,59,0,95.89,2.6,0,Normal
2026-03-01 09:52:09,9.02,43.61,2.41,47,43,4,72.24,2.28,1,High Packet Loss
2026-03-01 09:52:10,9.96,31.07,4.89,49,44,5,73.92,3.22,1,High Packet Loss
2026-03-01 09:52:11,16.05,40.01,7.28,48,40,8,67.2,4.45,1,High Packet Loss
2026-03-01 09:52:12,12.99,36.96,4.07,48,42,6,70.56,2.49,1,High Packet Loss
2026-03-01 09:52:13,7.69,57.11,3.83,52,48,4,80.64,3.2,1,High Packet Loss
2026-03-01 09:52:14,8.85,28.23,3.15,42,38,4,63.84,2.08,1,High Packet Loss
2026-03-01 09:52:15,15.36,25.39,3.47,46,39,7,65.52,2.62,1,High Packet Loss
2026-03-01 09:52:16,8.37,27.03,2.85,59,54,5,90.72,3.19,1,High Packet Loss
2026-03-01 09:52:17,19.12,22.14,6.92,43,35,8,58.8,5.75,1,High Packet Loss
2026-03-01 09:52:18,7.72,25.35,4.75,51,47,4,78.96,5.03,1,High Packet Loss
2026-03-01 09:52:19,9.42,30.16,2.84,42,38,4,63.84,2.64,1,High Packet Loss
2026-03-01 09:52:20,21.77,48.33,3.41,51,40,11,67.2,4.46,1,High Packet Loss
2026-03-01 09:52:21,15.6,29.52,12.33,48,41,7,68.88,14.27,1,High Packet Loss
2026-03-01 09:52:22,23.81,72.58,3.75,52,40,12,67.2,4.81,1,High Packet Loss
2026-03-01 09:52:23,8.74,33.16,6.38,52,47,5,78.96,6.48,1,High Packet Loss
2026-03-01 09:52:24,7.39,26.46,2.56,45,42,3,70.56,3.14,1,High Packet Loss
2026-03-01 09:52:25,7.37,36.35,4.11,56,52,4,87.36,4.49,1,High Packet Loss
2026-03-01 09:52:26,22.84,16.91,2.51,47,36,11,60.48,3.0,1,High Packet Loss
2026-03-01 09:52:27,17.58,31.94,2.61,51,42,9,70.56,2.99,1,High Packet Loss
2026-03-01 09:52:28,12.07,30.93,4.75,47,41,6,68.88,3.99,1,High Packet Loss
2026-03-01 09:52:29,0.26,23.95,2.22,52,52,0,85.3,1.55,0,Normal
2026-03-01 09:52:30,0.01,25.87,1.94,53,53,0,90.95,2.42,0,Normal
2026-03-01 09:52:31,0.33,30.79,4.52,42,42,0,71.75,2.99,0,Normal
2026-03-01 09:52:32,0.6,68.95,2.67,44,44,0,75.42,2.89,0,Normal
2026-03-01 09:52:33,1.95,68.52,2.93,58,57,1,97.46,4.07,0,Normal
2026-03-01 09:52:34,0.89,31.77,1.48,56,56,0,93.27,1.1,0,Normal
2026-03-01 09:52:35,0.03,25.25,1.88,48,48,0,82.23,2.24,0,Normal
2026-03-01 09:52:36,0.06,34.75,3.67,43,43,0,71.27,5.0,0,Normal
2026-03-01 09:52:37,0.05,16.96,2.99,42,42,0,68.79,2.98,0,Normal
2026-03-01 09:52:38,0.29,38.22,5.0,56,56,0,92.84,5.29,0,Normal
2026-03-01 09:52:39,0.02,22.68,2.21,58,58,0,98.48,1.98,0,Normal
2026-03-01 09:52:40,0.97,36.58,3.08,60,59,1,98.51,2.94,0,Normal
2026-03-01 09:52:41,0.02,60.04,3.39,53,53,0,91.25,3.74,0,Normal
2026-03-01 09:52:42,0.17,65.6,3.03,53,53,0,90.71,3.93,0,Normal
2026-03-01 09:52:43,0.79,68.23,4.34,43,43,0,73.25,5.92,0,Normal
2026-03-01 09:52:44,1.04,59.77,2.04,51,50,1,86.07,2.11,0,Normal
2026-03-01 09:52:45,0.22,64.51,4.18,55,55,0,90.64,5.13,0,Normal
2026-03-01 09:52:46,0.23,32.21,5.54,42,42,0,71.99,6.59,0,Normal
2026-03-01 09:52:47,0.35,27.93,2.29,50,50,0,84.86,1.83,0,Normal
2026-03-01 09:52:48,0.18,31.46,3.98,60,60,0,98.89,3.85,0,Normal
2026-03-01 09:52:49,0.14,28.07,3.9,57,57,0,94.68,4.47,0,Normal
2026-03-01 09:52:50,0.47,73.09,4.33,47,47,0,78.72,3.04,0,Normal
2026-03-01 09:52:51,0.32,21.32,3.32,42,42,0,70.28,4.34,0,Normal
2026-03-01 09:52:52,0.23,32.04,6.29,52,52,0,87.3,5.8,0,Normal
2026-03-01 09:52:53,0.04,32.0,8.58,60,60,0,99.87,8.26,0,Normal
2026-03-01 09:52:54,0.02,31.97,4.4,54,54,0,92.94,5.7,0,Normal
2026-03-01 09:52:55,0.25,71.3,3.82,51,51,0,83.83,2.82,0,Normal
2026-03-01 09:52:56,0.34,33.67,3.34,48,48,0,78.83,2.1,0,Normal
2026-03-01 09:52:57,0.38,36.44,1.84,50,50,0,82.59,1.52,0,Normal
2026-03-01 09:52:58,0.79,16.74,1.75,43,43,0,71.29,1.26,0,Normal
2026-03-01 09:52:59,0.59,13.95,1.98,43,43,0,71.17,2.74,0,Normal
2026-03-01 09:53:00,0.05,54.81,3.74,54,54,0,93.24,3.94,0,Normal
2026-03-01 09:53:01,0.55,19.95,3.04,52,52,0,86.37,3.2,0,Normal
2026-03-01 09:53:02,0.39,51.19,6.6,46,46,0,77.1,8.15,0,Normal
2026-03-01 09:53:03,0.62,52.31,1.08,43,43,0,70.35,0.87,0,Normal
2026-03-01 09:53:04,0.65,51.68,3.38,46,46,0,76.58,3.44,0,Normal
2026-03-01 09:53:05,0.15,25.71,4.04,46,46,0,78.18,2.88,0,Normal
2026-03-01 09:53:06,0.11,57.49,4.97,60,60,0,101.82,3.36,0,Normal
2026-03-01 09:53:07,0.28,26.6,3.54,44,44,0,75.4,3.37,0,Normal
2026-03-01 09:53:08,0.12,51.26,3.91,46,46,0,75.78,5.2,0,Normal
2026-03-01 09:53:09,0.15,45.17,3.59,59,59,0,98.11,3.42,0,Normal
2026-03-01 09:53:10,0.03,71.05,4.05,42,42,0,71.79,3.89,0,Normal
2026-03-01 09:53:11,1.66,55.69,3.29,50,49,1,82.28,4.25,0,Normal
2026-03-01 09:53:12,0.13,34.27,8.6,60,60,0,100.71,7.13,0,Normal
2026-03-01 09:53:13,0.53,37.62,4.31,60,60,0,101.69,4.27,0,Normal
2026-03-01 09:53:14,1.74,26.69,3.63,50,49,1,83.81,2.65,0,Normal
2026-03-01 09:53:15,1.22,65.95,2.38,53,52,1,86.31,3.04,0,Normal
2026-03-01 09:53:16,0.35,33.26,2.85,46,46,0,77.12,1.79,0,Normal
2026-03-01 09:53:17,0.27,20.61,6.55,42,42,0,70.38,6.1,0,Normal
2026-03-01 09:53:18,0.13,20.43,1.09,49,49,0,80.87,0.89,0,Normal
2026-03-01 09:53:19,0.69,24.54,3.41,49,49,0,82.77,2.74,0,Normal
2026-03-01 09:53:20,0.14,60.12,3.28,42,42,0,69.75,2.61,0,Normal
2026-03-01 09:53:21,0.04,24.99,4.16,50,50,0,83.99,3.72,0,Normal
2026-03-01 09:53:22,0.12,64.52,3.74,46,46,0,78.25,4.94,0,Normal
2026-03-01 09:53:23,0.13,26.63,6.57,42,42,0,70.96,7.66,0,Normal
2026-03-01 09:53:24,0.44,54.23,3.47,56,56,0,92.75,4.55,0,Normal
2026-03-01 09:53:25,0.07,21.67,3.23,55,55,0,92.71,2.44,0,Normal
2026-03-01 09:53:26,17.6,219.78,79.22,49,40,9,67.2,118.83,1,Combined Degradation
2026-03-01 09:53:27,11.01,181.74,65.18,56,50,6,84.0,97.76,1,Combined Degradation
2026-03-01 09:53:28,14.66,208.09,52.14,47,40,7,67.2,78.21,1,Combined Degradation
2026-03-01 09:53:29,9.18,278.09,72.24,53,48,5,80.64,108.36,1,Combined Degradation
2026-03-01 09:53:30,18.71,367.14,68.52,59,48,11,80.64,102.78,1,Combined Degradation
2026-03-01 09:53:31,10.07,383.03,58.39,56,50,6,84.0,87.59,1,Combined Degradation
2026-03-01 09:53:32,21.77,295.8,73.5,60,47,13,78.96,110.25,1,Combined Degradation
2026-03-01 09:53:33,21.59,389.31,75.92,50,39,11,65.52,113.88,1,Combined Degradation
2026-03-01 09:53:34,0.83,26.38,2.98,42,42,0,69.84,2.91,0,Normal
2026-03-01 09:53:35,0.05,17.66,3.37,60,60,0,102.39,4.0,0,Normal
2026-03-01 09:53:36,0.51,21.08,5.29,52,52,0,88.29,4.34,0,Normal
2026-03-01 09:53:37,0.02,25.58,5.51,42,42,0,72.24,5.1,0,Normal
2026-03-01 09:53:38,0.13,54.59,2.27,55,55,0,91.48,1.99,0,Normal
2026-03-01 09:53:39,0.66,31.84,3.91,46,46,0,74.26,5.06,0,Normal
2026-03-01 09:53:40,0.21,56.44,3.31,45,45,0,74.7,4.44,0,Normal
2026-03-01 09:53:41,0.42,32.12,3.22,60,60,0,102.49,3.83,0,Normal
2026-03-01 09:53:42,0.04,31.59,6.04,48,48,0,80.05,7.6,0,Normal
2026-03-01 09:53:43,0.4,24.74,2.98,47,47,0,78.93,2.63,0,Normal
2026-03-01 09:53:44,0.6,34.0,2.56,53,53,0,88.72,1.85,0,Normal
2026-03-01 09:53:45,0.57,32.46,2.3,42,42,0,71.61,2.64,0,Normal
2026-03-01 09:53:46,0.2,26.15,3.07,51,51,0,86.93,3.41,0,Normal
2026-03-01 09:53:47,0.82,66.04,2.38,51,51,0,83.36,1.93,0,Normal
2026-03-01 09:53:48,0.3,34.58,2.25,44,44,0,70.27,2.99,0,Normal
2026-03-01 09:53:49,0.6,59.42,2.22,44,44,0,74.9,1.97,0,Normal
2026-03-01 09:53:50,0.08,72.98,2.28,51,51,0,85.36,2.86,0,Normal
2026-03-01 09:53:51,0.08,13.67,2.36,60,60,0,101.78,1.66,0,Normal
2026-03-01 09:53:52,0.49,28.59,3.97,42,42,0,70.14,3.3,0,Normal
2026-03-01 09:53:53,0.36,18.54,1.37,60,60,0,101.58,1.5,0,Normal
2026-03-01 09:53:54,0.39,27.85,2.42,50,50,0,83.8,1.92,0,Normal
2026-03-01 09:53:55,0.09,32.28,3.17,42,42,0,69.48,4.33,0,Normal
2026-03-01 09:53:56,0.18,58.52,5.57,60,60,0,100.21,5.8,0,Normal
2026-03-01 09:53:57,0.1,46.17,2.97,53,53,0,88.79,3.52,0,Normal
2026-03-01 09:53:58,0.02,52.39,3.1,52,52,0,88.28,3.25,0,Normal
2026-03-01 09:53:59,0.08,27.43,3.19,55,55,0,92.14,2.95,0,Normal
2026-03-01 09:54:00,1.87,22.15,1.46,49,48,1,79.03,1.84,0,Normal
2026-03-01 09:54:01,0.09,33.87,4.47,42,42,0,73.06,2.76,0,Normal
2026-03-01 09:54:02,0.06,27.58,4.38,46,46,0,77.75,4.13,0,Normal
2026-03-01 09:54:03,0.42,28.73,4.79,42,42,0,72.6,6.25,0,Normal
2026-03-01 09:54:04,0.32,31.72,10.25,42,42,0,68.92,6.85,0,Normal
2026-03-01 09:54:05,0.48,52.92,1.85,44,44,0,73.54,1.42,0,Normal
2026-03-01 09:54:06,0.37,78.0,1.7,45,45,0,75.89,2.33,0,Normal
2026-03-01 09:54:07,0.09,27.62,4.56,60,60,0,101.79,6.24,0,Normal
2026-03-01 09:54:08,0.24,43.46,2.85,52,52,0,84.53,2.59,0,Normal
2026-03-01 09:54:09,0.07,28.65,2.13,48,48,0,77.85,2.56,0,Normal
2026-03-01 09:54:10,0.1,33.98,2.92,53,53,0,88.05,3.22,0,Normal
2026-03-01 09:54:11,1.52,58.81,2.51,45,44,1,74.74,2.5,0,Normal
2026-03-01 09:54:12,0.46,53.3,7.21,42,42,0,69.55,9.03,0,Normal
2026-03-01 09:54:13,0.53,28.3,9.19,50,50,0,83.81,10.3,0,Normal
2026-03-01 09:54:14,0.01,23.39,1.59,44,44,0,74.0,1.07,0,Normal
2026-03-01 09:54:15,0.17,55.88,1.71,46,46,0,76.04,2.17,0,Normal
2026-03-01 09:54:16,0.28,29.92,2.36,47,47,0,81.16,1.93,0,Normal
2026-03-01 09:54:17,0.06,15.14,2.43,60,60,0,99.61,2.69,0,Normal
2026-03-01 09:54:18,0.66,32.14,2.34,49,49,0,79.22,2.86,0,Normal
2026-03-01 09:54:19,0.05,52.88,3.04,60,60,0,99.33,4.01,0,Normal
2026-03-01 09:54:20,0.35,27.87,2.72,60,60,0,99.55,3.64,0,Normal
2026-03-01 09:54:21,0.28,57.45,1.81,47,47,0,79.22,2.42,0,Normal
2026-03-01 09:54:22,0.66,24.69,2.09,51,51,0,86.02,2.35,0,Normal
2026-03-01 09:54:23,0.13,38.16,6.66,48,48,0,81.52,7.32,0,Normal
2026-03-01 09:54:24,0.12,56.88,2.83,55,55,0,95.22,1.73,0,Normal
2026-03-01 09:54:25,0.66,33.43,2.76,60,60,0,100.84,1.84,0,Normal
2026-03-01 09:54:26,0.09,28.91,1.67,44,44,0,75.19,1.53,0,Normal
2026-03-01 09:54:27,0.48,31.72,2.7,42,42,0,69.89,3.33,0,Normal
2026-03-01 09:54:28,0.07,56.29,5.12,42,42,0,70.99,5.49,0,Normal
2026-03-01 09:54:29,0.73,29.53,4.34,45,45,0,75.08,3.42,0,Normal
2026-03-01 09:54:30,0.64,34.64,4.78,44,44,0,73.7,3.34,0,Normal
2026-03-01 09:54:31,0.54,28.94,1.93,42,42,0,70.81,1.88,0,Normal
2026-03-01 09:54:32,0.24,41.71,1.92,44,44,0,75.4,2.55,0,Normal
2026-03-01 09:54:33,0.01,33.76,5.53,60,60,0,100.72,3.55,0,Normal
2026-03-01 09:54:34,0.05,57.95,4.82,47,47,0,78.88,4.67,0,Normal
2026-03-01 09:54:35,0.21,26.94,2.96,48,48,0,81.11,1.91,0,Normal
2026-03-01 09:54:36,0.02,30.38,4.87,49,49,0,83.64,3.9,0,Normal
2026-03-01 09:54:37,0.02,28.27,1.93,60,60,0,98.69,2.63,0,Normal
2026-03-01 09:54:38,0.05,42.93,1.9,51,51,0,86.05,1.3,0,Normal
2026-03-01 09:54:39,0.11,32.78,1.6,43,43,0,70.24,1.03,0,Normal
2026-03-01 09:54:40,0.48,19.84,3.91,42,42,0,72.52,2.62,0,Normal
2026-03-01 09:54:41,0.02,78.0,3.66,52,52,0,87.87,4.22,0,Normal
2026-03-01 09:54:42,1.44,25.02,2.62,47,46,1,79.12,1.6,0,Normal
2026-03-01 09:54:43,0.11,24.42,2.34,51,51,0,83.18,2.14,0,Normal
2026-03-01 09:54:44,0.14,24.41,9.84,42,42,0,70.31,13.41,0,Normal
2026-03-01 09:54:45,0.1,42.82,2.95,57,57,0,97.07,1.94,0,Normal
2026-03-01 09:54:46,0.32,26.4,6.2,58,58,0,99.55,8.34,0,Normal
2026-03-01 09:54:47,0.01,63.21,3.11,42,42,0,71.09,2.16,0,Normal
2026-03-01 09:54:48,0.03,25.46,2.65,46,46,0,76.64,1.86,0,Normal
2026-03-01 09:54:49,0.04,17.23,6.28,57,57,0,95.36,6.81,0,Normal
2026-03-01 09:54:50,0.38,22.95,4.74,50,50,0,82.44,3.77,0,Normal
2026-03-01 09:54:51,0.14,57.96,3.28,48,48,0,82.83,1.98,0,Normal
2026-03-01 09:54:52,0.2,26.38,5.53,42,42,0,71.54,6.63,0,Normal
2026-03-01 09:54:53,1.05,31.99,10.32,42,42,0,70.29,9.25,0,Normal
2026-03-01 09:54:54,14.38,31.32,2.39,43,37,6,62.16,3.17,1,High Packet Loss
2026-03-01 09:54:55,13.86,35.54,4.11,47,40,7,67.2,3.38,1,High Packet Loss
2026-03-01 09:54:56,22.09,34.2,2.76,58,45,13,75.6,3.14,1,High Packet Loss
2026-03-01 09:54:57,15.19,24.83,2.18,60,51,9,85.68,1.88,1,High Packet Loss
2026-03-01 09:54:58,12.75,28.11,2.15,51,44,7,73.92,1.55,1,High Packet Loss
2026-03-01 09:54:59,11.63,27.8,6.8,53,47,6,78.96,9.38,1,High Packet Loss
2026-03-01 09:55:00,16.74,58.92,1.46,53,44,9,73.92,1.56,1,High Packet Loss
2026-03-01 09:55:01,7.28,54.92,4.17,42,39,3,65.52,5.31,1,High Packet Loss
2026-03-01 09:55:02,0.73,27.0,2.29,51,51,0,84.49,1.83,0,Normal
2026-03-01 09:55:03,0.16,26.96,7.37,43,43,0,73.67,6.74,0,Normal
2026-03-01 09:55:04,0.95,31.07,2.94,46,46,0,77.4,2.88,0,Normal
2026-03-01 09:55:05,0.24,30.78,2.82,42,42,0,67.21,3.11,0,Normal
2026-03-01 09:55:06,0.45,17.38,6.73,57,57,0,94.7,6.16,0,Normal
2026-03-01 09:55:07,0.66,31.11,4.93,50,50,0,84.7,3.93,0,Normal
2026-03-01 09:55:08,0.26,45.84,4.26,54,54,0,89.54,3.2,0,Normal
2026-03-01 09:55:09,0.66,31.74,4.77,45,45,0,75.68,5.15,0,Normal
2026-03-01 09:55:10,0.17,34.4,2.04,52,52,0,85.49,1.63,0,Normal
2026-03-01 09:55:11,0.16,27.14,4.64,45,45,0,74.98,4.25,0,Normal
2026-03-01 09:55:12,0.55,35.47,3.04,42,42,0,68.93,1.91,0,Normal
2026-03-01 09:55:13,0.1,43.04,3.91,48,48,0,78.79,3.14,0,Normal
2026-03-01 09:55:14,0.44,22.33,4.13,60,60,0,99.66,4.07,0,Normal
2026-03-01 09:55:15,0.03,65.96,2.01,51,51,0,86.99,2.49,0,Normal
2026-03-01 09:55:16,0.35,25.79,4.34,54,54,0,91.35,3.9,0,Normal
2026-03-01 09:55:17,1.0,29.57,3.05,42,42,0,73.64,2.55,0,Normal
2026-03-01 09:55:18,0.21,59.44,1.9,53,53,0,88.14,1.92,0,Normal
2026-03-01 09:55:19,0.19,30.36,3.11,42,42,0,72.09,1.99,0,Normal
2026-03-01 09:55:20,0.27,29.27,3.35,60,60,0,103.59,2.96,0,Normal
2026-03-01 09:55:21,0.44,61.28,4.34,56,56,0,95.76,3.07,0,Normal
2026-03-01 09:55:22,0.16,17.8,1.13,57,57,0,97.46,0.91,0,Normal
2026-03-01 09:55:23,0.0,27.56,3.95,52,52,0,87.54,3.61,0,Normal
2026-03-01 09:55:24,0.24,34.4,2.64,45,45,0,75.95,1.7,0,Normal
2026-03-01 09:55:25,0.19,26.06,4.78,50,50,0,82.62,5.92,0,Normal
2026-03-01 09:55:26,0.27,30.41,3.32,47,47,0,74.95,2.72,0,Normal
2026-03-01 09:55:27,0.44,52.18,2.86,47,47,0,79.27,2.25,0,Normal
2026-03-01 09:55:28,0.12,36.41,3.07,60,60,0,99.36,2.68,0,Normal
2026-03-01 09:55:29,0.25,30.57,3.86,47,47,0,78.32,3.45,0,Normal
2026-03-01 09:55:30,0.1,29.02,5.0,53,53,0,87.8,6.25,0,Normal
2026-03-01 09:55:31,0.22,18.89,2.22,60,60,0,101.29,1.84,0,Normal
2026-03-01 09:55:32,0.15,24.22,2.84,60,60,0,100.5,2.75,0,Normal
2026-03-01 09:55:33,0.16,26.32,6.43,52,52,0,89.25,6.42,0,Normal
2026-03-01 09:55:34,0.3,48.47,2.82,60,60,0,99.72,2.38,0,Normal
2026-03-01 09:55:35,0.41,29.49,3.92,54,54,0,90.99,4.8,0,Normal
2026-03-01 09:55:36,0.0,39.47,1.91,42,42,0,70.27,2.09,0,Normal
2026-03-01 09:55:37,0.73,37.11,1.53,60,60,0,100.36,1.81,0,Normal
2026-03-01 09:55:38,0.16,29.46,2.08,42,42,0,70.44,1.34,0,Normal
2026-03-01 09:55:39,0.36,65.98,2.43,52,52,0,89.64,3.06,0,Normal
2026-03-01 09:55:40,0.05,23.63,5.3,45,45,0,76.86,4.2,0,Normal
2026-03-01 09:55:41,0.3,36.78,5.57,48,48,0,79.96,3.75,0,Normal
2026-03-01 09:55:42,0.4,18.63,1.4,50,50,0,83.08,1.58,0,Normal
2026-03-01 09:55:43,0.06,33.48,2.6,60,60,0,99.63,2.02,0,Normal
2026-03-01 09:55:44,0.85,60.1,4.54,55,55,0,92.57,4.2,0,Normal
2026-03-01 09:55:45,0.5,23.46,3.17,43,43,0,69.97,3.69,0,Normal
2026-03-01 09:55:46,0.27,26.75,6.53,54,54,0,90.4,4.46,0,Normal
2026-03-01 09:55:47,0.06,21.19,4.5,49,49,0,82.89,3.16,0,Normal
2026-03-01 09:55:48,0.7,21.45,2.94,56,56,0,92.99,3.33,0,Normal
2026-03-01 09:55:49,0.02,18.45,3.06,53,53,0,89.1,2.94,0,Normal
2026-03-01 09:55:50,0.04,65.6,3.24,45,45,0,76.0,2.51,0,Normal
2026-03-01 09:55:51,0.42,35.23,2.27,42,42,0,67.92,2.3,0,Normal
2026-03-01 09:55:52,0.1,39.85,5.07,43,43,0,72.55,5.55,0,Normal
2026-03-01 09:55:53,0.22,39.03,4.64,60,60,0,100.11,4.28,0,Normal
2026-03-01 09:55:54,0.27,57.18,4.07,55,55,0,95.17,3.01,0,Normal
2026-03-01 09:55:55,0.21,29.74,3.7,51,51,0,85.98,4.14,0,Normal
2026-03-01 09:55:56,0.03,19.17,2.1,56,56,0,92.7,1.46,0,Normal
2026-03-01 09:55:57,0.47,62.44,4.17,54,54,0,87.99,4.68,0,Normal
2026-03-01 09:55:58,0.1,29.2,3.52,58,58,0,97.37,2.87,0,Normal
2026-03-01 09:55:59,0.47,34.83,8.17,53,53,0,91.0,4.91,0,Normal
2026-03-01 09:56:00,0.7,54.75,1.86,54,54,0,89.81,1.8,0,Normal
2026-03-01 09:56:01,0.27,36.01,2.4,49,49,0,82.79,2.03,0,Normal
2026-03-01 09:56:02,0.43,24.11,1.63,49,49,0,83.43,1.27,0,Normal
2026-03-01 09:56:03,0.01,57.88,3.01,50,50,0,85.03,3.01,0,Normal
2026-03-01 09:56:04,0.01,42.81,1.52,57,57,0,95.75,1.32,0,Normal
2026-03-01 09:56:05,0.08,53.6,5.66,44,44,0,72.93,4.73,0,Normal
2026-03-01 09:56:06,0.16,30.0,5.43,58,58,0,97.05,6.57,0,Normal
2026-03-01 09:56:07,0.07,34.41,3.09,50,50,0,82.4,2.06,0,Normal
2026-03-01 09:56:08,0.35,55.16,2.1,47,47,0,77.55,1.93,0,Normal
2026-03-01 09:56:09,0.11,17.64,1.67,44,44,0,75.4,1.33,0,Normal
2026-03-01 09:56:10,0.65,57.66,2.42,57,57,0,96.26,2.0,0,Normal
2026-03-01 09:56:11,0.29,33.71,4.4,45,45,0,76.03,4.19,0,Normal
2026-03-01 09:56:12,0.17,25.78,2.33,47,47,0,77.88,3.12,0,Normal
2026-03-01 09:56:13,0.78,30.1,7.84,49,49,0,84.12,8.84,0,Normal
2026-03-01 09:56:14,0.62,65.34,6.49,54,54,0,90.37,4.9,0,Normal
2026-03-01 09:56:15,0.6,31.7,3.32,59,59,0,99.32,3.51,0,Normal
2026-03-01 09:56:16,0.46,67.08,2.7,42,42,0,72.31,1.95,0,Normal
2026-03-01 09:56:17,0.33,66.16,2.57,57,57,0,94.68,3.36,0,Normal
2026-03-01 09:56:18,0.16,56.14,6.82,46,46,0,76.33,6.4,0,Normal
2026-03-01 09:56:19,0.19,65.16,2.47,50,50,0,85.55,3.36,0,Normal
2026-03-01 09:56:20,0.36,60.18,5.06,53,53,0,90.26,5.71,0,Normal
2026-03-01 09:56:21,0.07,45.25,3.35,60,60,0,101.32,4.25,0,Normal
2026-03-01 09:56:22,0.62,23.89,4.58,60,60,0,97.53,3.4,0,Normal
2026-03-01 09:56:23,0.98,26.5,2.3,50,50,0,85.92,2.95,0,Normal
2026-03-01 09:56:24,0.04,276.22,2.86,49,49,0,81.41,38.16,1,High Latency
2026-03-01 09:56:25,0.01,179.6,3.28,49,49,0,81.45,40.55,1,High Latency
2026-03-01 09:56:26,0.05,303.34,2.5,55,55,0,92.1,38.07,1,High Latency
2026-03-01 09:56:27,0.5,237.09,5.82,58,58,0,95.64,42.7,1,High Latency
2026-03-01 09:56:28,0.04,178.58,2.35,52,52,0,89.19,38.46,1,High Latency
2026-03-01 09:56:29,0.16,272.6,2.56,47,47,0,79.22,38.53,1,High Latency
2026-03-01 09:56:30,0.02,184.46,6.12,46,46,0,78.33,41.78,1,High Latency
2026-03-01 09:56:31,0.2,195.4,5.61,43,43,0,71.08,41.1,1,High Latency
2026-03-01 09:56:32,0.32,18.8,6.78,54,54,0,92.2,5.72,0,Normal
2026-03-01 09:56:33,0.35,32.98,1.41,60,60,0,102.94,1.52,0,Normal
2026-03-01 09:56:34,0.26,59.49,3.63,59,59,0,97.21,5.04,0,Normal
2026-03-01 09:56:35,0.97,28.13,3.46,51,51,0,83.99,3.93,0,Normal
2026-03-01 09:56:36,0.27,25.2,2.58,42,42,0,69.35,3.11,0,Normal
2026-03-01 09:56:37,0.69,32.47,3.84,49,49,0,83.71,4.32,0,Normal
2026-03-01 09:56:38,1.74,30.09,2.87,48,47,1,79.23,2.91,0,Normal
2026-03-01 09:56:39,0.09,65.71,3.57,57,57,0,95.66,4.48,0,Normal
2026-03-01 09:56:40,0.11,20.65,14.5,43,43,0,72.79,12.45,0,Normal
2026-03-01 09:56:41,0.26,62.48,3.83,55,55,0,95.3,3.13,0,Normal
2026-03-01 09:56:42,0.07,31.63,3.9,50,50,0,81.38,3.54,0,Normal
2026-03-01 09:56:43,0.29,29.53,4.8,48,48,0,80.18,5.11,0,Normal
2026-03-01 09:56:44,0.4,60.01,3.6,55,55,0,87.79,2.16,0,Normal
2026-03-01 09:56:45,0.02,64.52,2.03,42,42,0,71.32,2.57,0,Normal
2026-03-01 09:56:46,0.4,26.55,1.58,45,45,0,77.23,1.33,0,Normal
2026-03-01 09:56:47,0.06,24.29,3.28,42,42,0,70.1,3.54,0,Normal
2026-03-01 09:56:48,0.12,58.04,2.94,45,45,0,76.58,1.89,0,Normal
2026-03-01 09:56:49,0.47,32.29,1.37,42,42,0,68.26,1.3,0,Normal
2026-03-01 09:56:50,0.06,30.62,6.91,59,59,0,99.84,4.52,0,Normal
2026-03-01 09:56:51,0.27,58.98,3.48,56,56,0,97.76,2.12,0,Normal
2026-03-01 09:56:52,0.31,21.87,6.35,54,54,0,90.15,7.81,0,Normal
2026-03-01 09:56:53,0.06,25.28,1.22,48,48,0,81.27,1.12,0,Normal
2026-03-01 09:56:54,0.11,28.45,6.4,51,51,0,84.8,8.01,0,Normal
2026-03-01 09:56:55,0.33,41.86,2.67,42,42,0,70.82,2.32,0,Normal
2026-03-01 09:56:56,0.22,32.36,5.85,53,53,0,90.7,6.54,0,Normal
2026-03-01 09:56:57,0.38,58.35,3.66,60,60,0,101.7,2.47,0,Normal
2026-03-01 09:56:58,0.68,35.79,4.07,46,46,0,77.13,3.06,0,Normal
2026-03-01 09:56:59,0.05,22.41,4.07,46,46,0,77.1,3.98,0,Normal
2026-03-01 09:57:00,0.03,40.79,2.74,51,51,0,83.88,2.61,0,Normal
2026-03-01 09:57:01,0.38,40.18,2.48,57,57,0,97.29,1.87,0,Normal
2026-03-01 09:57:02,0.52,27.43,2.82,55,55,0,93.52,3.66,0,Normal
2026-03-01 09:57:03,0.21,34.88,1.71,48,48,0,78.76,1.42,0,Normal
2026-03-01 09:57:04,0.18,55.66,2.67,60,60,0,101.06,2.52,0,Normal
2026-03-01 09:57:05,0.32,44.06,2.43,48,48,0,79.25,2.11,0,Normal
2026-03-01 09:57:06,0.28,26.94,1.69,47,47,0,78.28,2.36,0,Normal
2026-03-01 09:57:07,0.24,62.64,4.08,42,42,0,71.78,3.58,0,Normal
2026-03-01 09:57:08,0.6,12.0,3.33,49,49,0,83.8,2.7,0,Normal
2026-03-01 09:57:09,0.07,26.39,3.71,57,57,0,96.83,4.92,0,Normal
2026-03-01 09:57:10,0.4,29.67,4.54,50,50,0,83.59,3.3,0,Normal
2026-03-01 09:57:11,0.47,35.98,2.98,53,53,0,89.73,3.98,0,Normal
2026-03-01 09:57:12,0.81,28.22,2.18,44,44,0,72.76,2.3,0,Normal
2026-03-01 09:57:13,1.02,34.02,3.81,42,42,0,71.69,2.96,0,Normal
2026-03-01 09:57:14,0.25,25.28,0.89,45,45,0,75.57,0.71,0,Normal
2026-03-01 09:57:15,0.2,25.98,3.16,50,50,0,83.29,3.7,0,Normal
2026-03-01 09:57:16,0.25,54.51,4.68,59,59,0,98.03,2.96,0,Normal
2026-03-01 09:57:17,0.46,52.52,5.32,46,46,0,78.3,6.23,0,Normal
2026-03-01 09:57:18,0.01,28.08,2.62,47,47,0,78.75,2.22,0,Normal
2026-03-01 09:57:19,0.07,52.18,1.21,54,54,0,89.99,1.51,0,Normal
2026-03-01 09:57:20,0.83,36.16,1.02,52,52,0,86.62,0.71,0,Normal
2026-03-01 09:57:21,0.08,63.82,4.42,43,43,0,70.37,3.54,0,Normal
2026-03-01 09:57:22,0.09,31.1,2.83,60,60,0,101.05,2.69,0,Normal
2026-03-01 09:57:23,9.09,33.53,8.23,53,48,5,80.64,10.73,1,High Packet Loss
2026-03-01 09:57:24,17.38,19.04,1.76,42,35,7,58.8,1.46,1,High Packet Loss
2026-03-01 09:57:25,18.72,27.16,3.87,46,37,9,62.16,4.94,1,High Packet Loss
2026-03-01 09:57:26,6.04,25.41,7.02,42,39,3,65.52,4.78,1,High Packet Loss
2026-03-01 09:57:27,22.86,33.68,3.64,47,36,11,60.48,2.69,1,High Packet Loss
2026-03-01 09:57:28,0.24,32.05,1.62,51,51,0,86.61,1.18,0,Normal
2026-03-01 09:57:29,0.29,26.6,11.56,46,46,0,78.94,12.61,0,Normal
2026-03-01 09:57:30,0.71,59.52,6.76,59,59,0,101.55,6.16,0,Normal
2026-03-01 09:57:31,0.03,34.23,3.0,47,47,0,79.62,3.87,0,Normal
2026-03-01 09:57:32,0.11,65.52,4.8,47,47,0,78.87,4.75,0,Normal
2026-03-01 09:57:33,0.31,18.29,4.82,52,52,0,87.65,6.13,0,Normal
2026-03-01 09:57:34,0.2,18.81,4.43,43,43,0,71.27,3.51,0,Normal
2026-03-01 09:57:35,0.11,30.63,1.78,57,57,0,94.55,2.4,0,Normal
2026-03-01 09:57:36,0.18,51.42,3.84,42,42,0,69.93,4.26,0,Normal
2026-03-01 09:57:37,1.19,39.16,6.41,54,53,1,88.67,6.44,0,Normal
2026-03-01 09:57:38,0.01,22.38,4.17,53,53,0,86.55,4.53,0,Normal
2026-03-01 09:57:39,0.06,28.0,3.97,54,54,0,88.87,5.29,0,Normal
2026-03-01 09:57:40,0.01,28.95,2.61,46,46,0,75.37,2.28,0,Normal
2026-03-01 09:57:41,0.31,23.62,2.21,44,44,0,71.95,1.76,0,Normal
2026-03-01 09:57:42,0.0,14.56,1.64,60,60,0,101.76,1.3,0,Normal
2026-03-01 09:57:43,0.21,54.0,4.67,48,48,0,80.14,6.43,0,Normal
2026-03-01 09:57:44,0.69,48.99,3.01,52,52,0,87.07,2.62,0,Normal
2026-03-01 09:57:45,0.04,51.81,1.82,42,42,0,71.13,2.37,0,Normal
2026-03-01 09:57:46,0.16,27.27,5.15,56,56,0,95.31,3.66,0,Normal
2026-03-01 09:57:47,0.17,29.58,2.55,57,57,0,96.44,2.41,0,Normal
2026-03-01 09:57:48,0.16,37.37,2.26,53,53,0,91.5,2.47,0,Normal
2026-03-01 09:57:49,0.45,62.26,2.66,52,52,0,87.42,3.64,0,Normal
2026-03-01 09:57:50,0.0,25.19,3.04,47,47,0,79.26,3.48,0,Normal
2026-03-01 09:57:51,0.53,18.01,4.08,42,42,0,69.65,2.45,0,Normal
2026-03-01 09:57:52,0.64,59.91,2.24,50,50,0,81.16,2.71,0,Normal
2026-03-01 09:57:53,0.2,30.46,5.23,50,50,0,84.12,5.86,0,Normal
2026-03-01 09:57:54,0.76,25.1,4.13,48,48,0,81.94,3.09,0,Normal
2026-03-01 09:57:55,0.17,30.5,2.63,59,59,0,98.01,2.89,0,Normal
2026-03-01 09:57:56,0.42,26.93,3.09,52,52,0,86.59,4.14,0,Normal
2026-03-01 09:57:57,0.17,47.82,2.75,49,49,0,83.76,1.66,0,Normal
2026-03-01 09:57:58,0.01,29.87,3.42,42,42,0,70.49,4.72,0,Normal
2026-03-01 09:57:59,0.03,26.77,6.58,42,42,0,69.17,5.51,0,Normal
2026-03-01 09:58:00,0.2,28.74,2.73,52,52,0,85.92,2.97,0,Normal
2026-03-01 09:58:01,1.62,24.6,3.62,56,55,1,93.38,2.97,0,Normal
2026-03-01 09:58:02,0.07,24.07,2.42,54,54,0,90.52,2.87,0,Normal
2026-03-01 09:58:03,0.79,28.94,4.22,42,42,0,70.34,4.27,0,Normal
2026-03-01 09:58:04,0.88,26.62,3.76,42,42,0,68.49,3.05,0,Normal
2026-03-01 09:58:05,0.18,38.35,6.04,48,48,0,81.36,6.06,0,Normal
2026-03-01 09:58:06,0.22,55.53,2.29,49,49,0,83.87,2.01,0,Normal
2026-03-01 09:58:07,0.24,31.27,4.53,48,48,0,80.1,3.62,0,Normal
2026-03-01 09:58:08,0.52,57.19,5.86,59,59,0,99.73,6.3,0,Normal
2026-03-01 09:58:09,0.05,15.84,2.73,59,59,0,98.51,3.03,0,Normal
2026-03-01 09:58:10,0.14,23.15,3.14,42,42,0,71.45,2.23,0,Normal
2026-03-01 09:58:11,0.07,60.75,3.62,43,43,0,72.98,4.86,0,Normal
2026-03-01 09:58:12,0.74,26.35,2.98,59,59,0,98.54,1.81,0,Normal
2026-03-01 09:58:13,0.03,27.8,3.6,55,55,0,89.21,2.95,0,Normal
2026-03-01 09:58:14,0.48,31.94,4.5,57,57,0,94.56,3.93,0,Normal
2026-03-01 09:58:15,0.2,29.64,3.15,56,56,0,94.6,2.06,0,Normal
2026-03-01 09:58:16,0.44,34.96,3.14,60,60,0,102.13,2.11,0,Normal
2026-03-01 09:58:17,0.77,26.13,3.74,49,49,0,81.41,4.78,0,Normal
2026-03-01 09:58:18,0.15,29.54,2.77,57,57,0,97.78,2.47,0,Normal
2026-03-01 09:58:19,0.09,30.06,2.84,42,42,0,72.8,2.53,0,Normal
2026-03-01 09:58:20,0.37,62.86,2.22,57,57,0,96.81,2.55,0,Normal
2026-03-01 09:58:21,1.95,35.69,3.26,49,48,1,78.94,3.84,0,Normal
2026-03-01 09:58:22,0.46,32.82,4.06,58,58,0,98.51,4.74,0,Normal
2026-03-01 09:58:23,0.56,20.08,2.94,59,59,0,98.31,2.87,0,Normal
2026-03-01 09:58:24,0.35,27.31,2.34,43,43,0,71.35,2.73,0,Normal
2026-03-01 09:58:25,0.16,27.92,3.18,45,45,0,76.28,4.26,0,Normal
2026-03-01 09:58:26,0.37,40.91,3.97,42,42,0,71.2,2.81,0,Normal
2026-03-01 09:58:27,0.05,26.02,3.52,57,57,0,96.44,3.73,0,Normal
2026-03-01 09:58:28,0.23,60.24,9.05,44,44,0,74.91,11.8,0,Normal
2026-03-01 09:58:29,0.3,61.38,2.47,50,50,0,83.91,3.39,0,Normal
2026-03-01 09:58:30,0.83,30.98,3.1,49,49,0,80.15,2.08,0,Normal
2026-03-01 09:58:31,0.88,78.0,4.71,52,52,0,90.48,6.41,0,Normal
2026-03-01 09:58:32,0.02,62.23,2.43,42,42,0,69.97,2.87,0,Normal
2026-03-01 09:58:33,0.35,33.69,7.91,48,48,0,79.57,9.33,0,Normal
2026-03-01 09:58:34,0.56,57.77,3.33,52,52,0,85.54,2.39,0,Normal
2026-03-01 09:58:35,0.27,25.95,4.27,42,42,0,70.79,4.53,0,Normal
2026-03-01 09:58:36,0.04,24.87,3.35,51,51,0,85.73,2.97,0,Normal
2026-03-01 09:58:37,0.09,34.56,5.25,50,50,0,83.82,5.61,0,Normal
2026-03-01 09:58:38,0.13,51.42,2.06,53,53,0,91.29,2.45,0,Normal
2026-03-01 09:58:39,0.38,21.61,6.74,45,45,0,76.59,5.03,0,Normal
2026-03-01 09:58:40,0.02,22.21,3.69,52,52,0,85.83,2.66,0,Normal
2026-03-01 09:58:41,0.28,39.24,4.47,52,52,0,90.47,3.95,0,Normal
2026-03-01 09:58:42,0.04,34.5,2.38,56,56,0,91.81,2.65,0,Normal
2026-03-01 09:58:43,0.18,33.05,3.86,52,52,0,87.19,4.4,0,Normal
2026-03-01 09:58:44,0.19,53.46,2.15,50,50,0,82.9,2.33,0,Normal
2026-03-01 09:58:45,0.21,37.05,5.64,52,52,0,87.92,7.21,0,Normal
2026-03-01 09:58:46,0.43,21.38,1.86,49,49,0,83.27,2.21,0,Normal
2026-03-01 09:58:47,0.03,59.74,3.56,50,50,0,83.38,3.57,0,Normal
2026-03-01 09:58:48,0.11,25.34,2.79,49,49,0,83.9,2.75,0,Normal
2026-03-01 09:58:49,0.36,26.51,1.64,47,47,0,79.26,2.03,0,Normal
2026-03-01 09:58:50,1.01,32.35,2.18,42,42,0,72.75,2.85,0,Normal
2026-03-01 09:58:51,0.34,61.6,4.06,56,56,0,95.47,5.2,0,Normal
2026-03-01 09:58:52,0.75,25.39,2.22,56,56,0,93.37,2.21,0,Normal
2026-03-01 09:58:53,1.21,25.03,2.46,51,50,1,85.58,2.61,0,Normal
2026-03-01 09:58:54,0.75,16.08,3.93,44,44,0,72.95,4.83,0,Normal
2026-03-01 09:58:55,1.25,70.54,5.01,42,41,1,69.82,5.33,0,Normal
2026-03-01 09:58:56,0.53,21.96,4.47,46,46,0,78.07,3.49,0,Normal
2026-03-01 09:58:57,0.76,39.15,3.25,43,43,0,71.46,4.26,0,Normal
2026-03-01 09:58:58,0.24,26.27,3.66,60,60,0,97.81,3.64,0,Normal
2026-03-01 09:58:59,0.15,35.86,3.5,49,49,0,84.54,4.85,0,Normal
2026-03-01 09:59:00,1.95,17.15,2.08,53,52,1,87.99,2.17,0,Normal
2026-03-01 09:59:01,0.04,32.39,3.76,45,45,0,75.63,3.42,0,Normal
2026-03-01 09:59:02,1.11,58.21,2.07,53,52,1,87.39,1.6,0,Normal
2026-03-01 09:59:03,0.2,56.29,4.38,42,42,0,72.02,3.83,0,Normal
2026-03-01 09:59:04,0.01,18.83,3.53,51,51,0,88.96,2.74,0,Normal
2026-03-01 09:59:05,0.57,23.78,1.25,42,42,0,71.91,1.68,0,Normal
2026-03-01 09:59:06,0.21,31.46,5.16,54,54,0,91.27,5.57,0,Normal
2026-03-01 09:59:07,0.56,56.17,2.63,54,54,0,91.15,3.3,0,Normal
2026-03-01 09:59:08,0.02,29.76,2.53,60,60,0,101.35,1.94,0,Normal
2026-03-01 09:59:09,1.28,25.84,5.1,53,52,1,85.85,3.32,0,Normal
2026-03-01 09:59:10,0.39,64.09,3.08,60,60,0,101.68,2.88,0,Normal
2026-03-01 09:59:11,0.02,50.88,4.34,45,45,0,73.63,5.86,0,Normal
2026-03-01 09:59:12,0.0,28.62,2.47,49,49,0,82.98,1.71,0,Normal
2026-03-01 09:59:13,0.32,30.72,4.77,46,46,0,76.57,5.87,0,Normal
2026-03-01 09:59:14,1.31,28.34,3.63,44,43,1,73.54,2.35,0,Normal
2026-03-01 09:59:15,0.26,35.7,3.98,49,49,0,82.89,2.92,0,Normal
2026-03-01 09:59:16,0.15,59.57,3.06,59,59,0,98.59,3.63,0,Normal
2026-03-01 09:59:17,0.98,21.6,6.91,42,42,0,69.04,5.31,0,Normal
2026-03-01 09:59:18,1.45,24.32,7.7,55,54,1,92.93,4.76,0,Normal
2026-03-01 09:59:19,0.54,47.21,1.23,42,42,0,70.43,0.96,0,Normal
2026-03-01 09:59:20,9.94,44.17,5.04,44,40,4,67.2,5.98,1,High Packet Loss
2026-03-01 09:59:21,13.18,31.81,2.04,57,49,8,82.32,2.09,1,High Packet Loss
2026-03-01 09:59:22,13.39,24.43,4.18,49,42,7,70.56,4.33,1,High Packet Loss
2026-03-01 09:59:23,21.81,64.98,1.49,42,33,9,55.44,1.38,1,High Packet Loss
2026-03-01 09:59:24,23.8,32.83,3.98,48,37,11,62.16,2.85,1,High Packet Loss
2026-03-01 09:59:25,0.14,33.43,2.28,42,42,0,71.82,1.76,0,Normal
2026-03-01 09:59:26,0.27,32.79,2.7,60,60,0,99.89,2.02,0,Normal
2026-03-01 09:59:27,0.21,65.82,2.73,43,43,0,71.26,3.19,0,Normal
2026-03-01 09:59:28,0.69,29.84,2.39,55,55,0,91.82,3.05,0,Normal
2026-03-01 09:59:29,0.03,28.67,2.41,46,46,0,76.92,1.91,0,Normal
2026-03-01 09:59:30,0.38,68.61,2.78,49,49,0,81.48,2.05,0,Normal
2026-03-01 09:59:31,0.42,67.16,3.1,49,49,0,83.94,2.48,0,Normal
2026-03-01 09:59:32,0.74,64.31,3.84,42,42,0,69.86,5.19,0,Normal
2026-03-01 09:59:33,0.19,29.18,7.67,51,51,0,82.84,5.91,0,Normal
2026-03-01 09:59:34,0.12,64.27,2.17,49,49,0,81.94,2.5,0,Normal
2026-03-01 09:59:35,0.34,32.75,3.51,54,54,0,89.95,2.44,0,Normal
2026-03-01 09:59:36,0.45,37.0,4.7,60,60,0,98.84,5.3,0,Normal
2026-03-01 09:59:37,0.07,23.34,2.41,51,51,0,85.96,1.92,0,Normal
2026-03-01 09:59:38,0.06,31.78,1.2,51,51,0,82.79,1.53,0,Normal
2026-03-01 09:59:39,0.11,32.5,1.41,42,42,0,71.13,0.87,0,Normal
2026-03-01 09:59:40,0.1,26.13,1.22,49,49,0,82.27,1.22,0,Normal
2026-03-01 09:59:41,0.49,56.62,6.64,52,52,0,86.51,7.51,0,Normal
2026-03-01 09:59:42,0.26,26.28,4.38,57,57,0,94.04,5.23,0,Normal
2026-03-01 09:59:43,0.28,40.65,4.67,48,48,0,78.44,6.16,0,Normal
2026-03-01 09:59:44,0.01,28.63,5.16,57,57,0,97.08,5.68,0,Normal
2026-03-01 09:59:45,1.81,52.1,2.56,48,47,1,78.51,1.8,0,Normal
2026-03-01 09:59:46,0.62,26.42,9.36,60,60,0,98.28,11.03,0,Normal
2026-03-01 09:59:47,0.21,25.12,3.86,53,53,0,89.02,3.95,0,Normal
2026-03-01 09:59:48,0.02,20.19,3.21,48,48,0,80.23,2.18,0,Normal
2026-03-01 09:59:49,0.41,56.59,5.47,42,42,0,72.68,3.9,0,Normal
2026-03-01 09:59:50,0.27,32.61,4.48,56,56,0,93.46,5.66,0,Normal
2026-03-01 09:59:51,0.4,26.19,6.05,53,53,0,90.51,6.37,0,Normal
2026-03-01 09:59:52,0.4,22.6,6.22,50,50,0,83.67,4.51,0,Normal
2026-03-01 09:59:53,0.06,50.29,2.83,60,60,0,99.03,3.49,0,Normal
2026-03-01 09:59:54,0.14,25.01,3.61,49,49,0,83.03,3.86,0,Normal
2026-03-01 09:59:55,0.01,26.67,2.21,48,48,0,82.47,1.62,0,Normal
2026-03-01 09:59:56,1.41,20.42,1.6,45,44,1,75.28,1.53,0,Normal
2026-03-01 09:59:57,0.57,64.1,4.84,59,59,0,99.59,6.5,0,Normal
2026-03-01 09:59:58,0.92,29.42,5.11,54,54,0,92.22,6.13,0,Normal
2026-03-01 09:59:59,0.02,34.57,1.36,47,47,0,79.22,1.24,0,Normal
2026-03-01 10:00:00,0.24,27.1,2.4,45,45,0,75.72,1.45,0,Normal
2026-03-01 10:00:01,0.48,26.0,3.4,60,60,0,98.59,2.66,0,Normal
2026-03-01 10:00:02,0.04,18.66,3.55,49,49,0,82.64,2.65,0,Normal
2026-03-01 10:00:03,0.53,34.61,8.33,59,59,0,101.38,7.52,0,Normal
2026-03-01 10:00:04,0.36,47.63,2.5,50,50,0,81.55,3.27,0,Normal
2026-03-01 10:00:05,1.47,28.17,3.07,58,57,1,93.79,2.29,0,Normal
2026-03-01 10:00:06,0.05,73.53,4.45,48,48,0,80.15,2.85,0,Normal
2026-03-01 10:00:07,0.35,20.71,2.84,55,55,0,90.37,2.0,0,Normal
2026-03-01 10:00:08,1.03,62.55,2.65,51,50,1,85.03,2.53,0,Normal
2026-03-01 10:00:09,0.48,33.79,2.55,50,50,0,81.41,1.67,0,Normal
2026-03-01 10:00:10,0.14,29.74,3.69,48,48,0,81.66,3.85,0,Normal
2026-03-01 10:00:11,0.04,19.04,3.07,59,59,0,100.63,2.51,0,Normal
2026-03-01 10:00:12,1.16,56.54,4.51,49,48,1,81.63,4.06,0,Normal
2026-03-01 10:00:13,0.03,68.8,3.9,54,54,0,90.75,2.83,0,Normal
2026-03-01 10:00:14,1.29,24.87,0.89,53,52,1,88.16,1.07,0,Normal
2026-03-01 10:00:15,0.13,33.83,1.51,48,48,0,78.91,1.37,0,Normal
2026-03-01 10:00:16,0.69,32.59,2.65,60,60,0,101.19,1.83,0,Normal
2026-03-01 10:00:17,0.28,34.56,5.16,50,50,0,83.07,4.59,0,Normal
2026-03-01 10:00:18,0.85,27.86,2.48,45,45,0,76.94,3.43,0,Normal
2026-03-01 10:00:19,0.19,33.3,3.93,45,45,0,76.67,4.6,0,Normal
2026-03-01 10:00:20,0.66,24.48,4.35,54,54,0,89.5,5.63,0,Normal
2026-03-01 10:00:21,0.1,59.46,4.23,45,45,0,76.13,5.56,0,Normal
2026-03-01 10:00:22,0.22,55.08,2.6,57,57,0,96.35,2.7,0,Normal
2026-03-01 10:00:23,0.66,28.14,1.98,52,52,0,86.65,2.07,0,Normal
2026-03-01 10:00:24,0.04,70.58,1.84,58,58,0,97.47,2.44,0,Normal
2026-03-01 10:00:25,0.46,26.65,12.64,45,45,0,76.37,16.42,0,Normal
2026-03-01 10:00:26,0.2,67.99,4.08,51,51,0,84.99,4.78,0,Normal
2026-03-01 10:00:27,0.25,21.44,7.6,49,49,0,80.99,9.56,0,Normal
2026-03-01 10:00:28,0.3,69.56,2.28,55,55,0,92.74,2.72,0,Normal
2026-03-01 10:00:29,0.11,20.51,5.82,43,43,0,74.47,4.93,0,Normal
2026-03-01 10:00:30,0.04,43.97,2.68,44,44,0,73.69,1.87,0,Normal
2026-03-01 10:00:31,0.01,30.79,3.28,47,47,0,78.43,3.85,0,Normal
2026-03-01 10:00:32,0.2,26.38,2.92,51,51,0,84.49,3.87,0,Normal
2026-03-01 10:00:33,0.11,28.41,2.24,42,42,0,72.29,3.09,0,Normal
2026-03-01 10:00:34,0.35,29.37,2.25,49,49,0,83.63,1.44,0,Normal
2026-03-01 10:00:35,0.44,49.84,3.26,51,51,0,85.46,3.62,0,Normal
2026-03-01 10:00:36,0.25,24.9,2.55,54,54,0,89.54,2.79,0,Normal
2026-03-01 10:00:37,0.34,27.05,3.51,44,44,0,72.73,3.15,0,Normal
2026-03-01 10:00:38,0.29,23.65,2.28,60,60,0,99.52,2.37,0,Normal
2026-03-01 10:00:39,0.0,25.62,4.56,50,50,0,83.26,4.4,0,Normal
2026-03-01 10:00:40,0.65,30.12,2.7,42,42,0,69.72,3.62,0,Normal
2026-03-01 10:00:41,0.02,56.77,6.94,42,42,0,69.45,5.82,0,Normal
2026-03-01 10:00:42,0.18,43.66,3.25,51,51,0,87.35,2.41,0,Normal
2026-03-01 10:00:43,0.04,32.52,3.17,42,42,0,72.94,3.61,0,Normal
2026-03-01 10:00:44,0.38,20.38,6.83,46,46,0,75.65,5.66,0,Normal
2026-03-01 10:00:45,0.14,13.13,2.66,46,46,0,76.42,1.71,0,Normal
2026-03-01 10:00:46,0.03,23.87,2.76,44,44,0,72.5,3.43,0,Normal
2026-03-01 10:00:47,0.02,32.11,2.42,48,48,0,81.12,2.08,0,Normal
2026-03-01 10:00:48,0.09,55.6,3.64,45,45,0,75.09,5.07,0,Normal
2026-03-01 10:00:49,0.39,27.33,2.38,50,50,0,82.45,2.03,0,Normal
2026-03-01 10:00:50,0.44,24.39,4.71,49,49,0,84.8,4.92,0,Normal
2026-03-01 10:00:51,0.05,22.58,3.25,60,60,0,101.53,2.37,0,Normal
2026-03-01 10:00:52,0.05,51.85,4.84,46,46,0,75.81,4.97,0,Normal
2026-03-01 10:00:53,0.31,66.96,4.6,45,45,0,77.86,3.74,0,Normal
2026-03-01 10:00:54,1.1,25.61,2.64,55,54,1,89.0,3.02,0,Normal
2026-03-01 10:00:55,0.28,74.82,2.38,42,42,0,71.48,1.48,0,Normal
2026-03-01 10:00:56,0.44,23.37,2.86,57,57,0,99.39,3.32,0,Normal
2026-03-01 10:00:57,0.3,31.67,3.33,53,53,0,88.84,3.38,0,Normal
2026-03-01 10:00:58,0.04,46.28,3.86,60,60,0,100.37,3.49,0,Normal
2026-03-01 10:00:59,1.02,60.48,4.06,50,49,1,82.57,2.64,0,Normal
2026-03-01 10:01:00,0.03,55.47,3.27,60,60,0,104.14,2.13,0,Normal
2026-03-01 10:01:01,0.5,64.61,2.44,46,46,0,79.49,3.01,0,Normal
2026-03-01 10:01:02,1.36,60.68,2.55,44,43,1,71.57,3.04,0,Normal
2026-03-01 10:01:03,0.13,27.66,4.19,59,59,0,99.58,4.08,0,Normal
2026-03-01 10:01:04,0.07,40.24,2.48,48,48,0,82.02,1.5,0,Normal
2026-03-01 10:01:05,0.29,33.88,4.27,47,47,0,78.32,5.34,0,Normal
2026-03-01 10:01:06,0.55,65.57,4.34,42,42,0,68.86,4.91,0,Normal
2026-03-01 10:01:07,1.04,33.04,6.62,44,44,0,75.55,4.38,0,Normal
2026-03-01 10:01:08,0.41,27.66,2.67,48,48,0,81.4,2.2,0,Normal
2026-03-01 10:01:09,0.14,63.64,2.87,48,48,0,81.12,1.88,0,Normal
2026-03-01 10:01:10,0.24,62.81,1.17,42,42,0,72.22,1.52,0,Normal
2026-03-01 10:01:11,0.5,27.16,2.17,52,52,0,85.64,2.18,0,Normal
2026-03-01 10:01:12,0.54,15.48,2.16,49,49,0,81.97,1.94,0,Normal
2026-03-01 10:01:13,0.03,28.97,4.17,50,50,0,87.96,4.61,0,Normal
2026-03-01 10:01:14,0.33,26.58,7.49,42,42,0,71.41,8.96,0,Normal
2026-03-01 10:01:15,1.2,36.16,4.31,42,41,1,69.82,4.84,0,Normal
2026-03-01 10:01:16,0.54,71.88,5.19,52,52,0,87.52,6.55,0,Normal
2026-03-01 10:01:17,0.0,24.84,2.41,44,44,0,71.16,2.59,0,Normal
2026-03-01 10:01:18,0.09,25.56,1.94,44,44,0,72.69,1.17,0,Normal
2026-03-01 10:01:19,0.21,30.28,2.98,43,43,0,73.61,2.11,0,Normal
2026-03-01 10:01:20,0.43,24.56,2.51,50,50,0,83.19,3.24,0,Normal
2026-03-01 10:01:21,0.28,27.81,2.25,42,42,0,70.31,1.58,0,Normal
2026-03-01 10:01:22,0.03,61.81,3.66,57,57,0,96.2,4.01,0,Normal
2026-03-01 10:01:23,0.47,54.9,1.95,48,48,0,79.17,1.49,0,Normal
2026-03-01 10:01:24,0.64,25.31,4.82,45,45,0,73.68,6.59,0,Normal
2026-03-01 10:01:25,0.08,60.25,2.77,51,51,0,85.66,2.16,0,Normal
2026-03-01 10:01:26,0.02,46.95,3.25,60,60,0,100.24,2.89,0,Normal
2026-03-01 10:01:27,0.55,31.65,3.47,56,56,0,94.42,4.23,0,Normal
2026-03-01 10:01:28,0.36,34.79,2.69,46,46,0,75.13,3.03,0,Normal
2026-03-01 10:01:29,0.57,32.61,5.87,51,51,0,84.88,5.03,0,Normal
2026-03-01 10:01:30,0.29,33.01,1.61,50,50,0,85.03,1.87,0,Normal
2026-03-01 10:01:31,0.2,30.84,5.92,42,42,0,74.98,8.19,0,Normal
2026-03-01 10:01:32,1.15,30.19,2.84,60,59,1,99.3,2.03,0,Normal
2026-03-01 10:01:33,0.53,19.3,5.02,42,42,0,71.57,3.98,0,Normal
2026-03-01 10:01:34,0.19,30.15,3.63,49,49,0,83.05,3.49,0,Normal
2026-03-01 10:01:35,0.83,27.35,4.87,42,42,0,71.0,4.14,0,Normal
2026-03-01 10:01:36,1.76,31.27,3.15,42,41,1,69.9,2.69,0,Normal
2026-03-01 10:01:37,0.13,27.57,3.7,56,56,0,92.64,3.49,0,Normal
2026-03-01 10:01:38,0.78,32.58,5.44,54,54,0,90.18,6.7,0,Normal
2026-03-01 10:01:39,0.02,61.71,3.47,48,48,0,81.01,3.07,0,Normal
2026-03-01 10:01:40,0.08,246.57,6.04,42,42,0,69.11,32.18,1,High Latency
2026-03-01 10:01:41,0.06,238.32,3.89,43,43,0,72.89,31.36,1,High Latency
2026-03-01 10:01:42,0.15,229.95,2.39,58,58,0,94.57,30.41,1,High Latency
2026-03-01 10:01:43,0.29,236.73,2.83,53,53,0,90.26,30.59,1,High Latency
2026-03-01 10:01:44,0.45,205.41,4.95,52,52,0,87.13,31.63,1,High Latency
2026-03-01 10:01:45,0.82,283.38,1.9,52,52,0,88.4,29.93,1,High Latency
2026-03-01 10:01:46,0.06,299.01,4.74,42,42,0,72.06,32.78,1,High Latency
2026-03-01 10:01:47,0.3,286.12,2.82,60,60,0,102.91,29.31,1,High Latency
2026-03-01 10:01:48,0.28,150.0,1.86,53,53,0,89.44,29.46,1,High Latency
2026-03-01 10:01:49,0.21,273.95,3.64,48,48,0,78.04,32.14,1,High Latency
2026-03-01 10:01:50,0.42,240.44,2.42,47,47,0,76.32,29.68,1,High Latency
2026-03-01 10:01:51,0.25,226.7,2.57,55,55,0,90.5,30.35,1,High Latency
2026-03-01 10:01:52,0.28,336.95,2.51,60,60,0,101.88,29.12,1,High Latency
2026-03-01 10:01:53,0.82,292.94,3.5,50,50,0,81.89,29.72,1,High Latency
2026-03-01 10:01:54,0.69,166.86,2.79,60,60,0,100.45,30.38,1,High Latency
2026-03-01 10:01:55,0.3,331.05,3.96,51,51,0,85.05,30.95,1,High Latency
2026-03-01 10:01:56,0.06,198.3,5.24,44,44,0,74.46,32.38,1,High Latency
2026-03-01 10:01:57,1.12,230.67,4.24,60,59,1,100.19,30.89,1,High Latency
2026-03-01 10:01:58,0.34,250.27,7.48,49,49,0,82.46,34.53,1,High Latency
2026-03-01 10:01:59,0.58,161.89,8.36,60,60,0,102.0,32.99,1,High Latency
2026-03-01 10:02:00,0.02,22.35,2.91,50,50,0,82.35,2.0,0,Normal
2026-03-01 10:02:01,0.79,66.88,1.98,43,43,0,73.77,1.89,0,Normal
2026-03-01 10:02:02,0.41,19.37,2.92,51,51,0,85.88,2.81,0,Normal
2026-03-01 10:02:03,0.4,27.27,3.5,50,50,0,85.14,4.54,0,Normal
2026-03-01 10:02:04,0.04,29.04,9.04,59,59,0,98.34,7.81,0,Normal
2026-03-01 10:02:05,0.44,53.35,2.8,48,48,0,77.56,3.2,0,Normal
2026-03-01 10:02:06,0.03,24.27,3.76,53,53,0,90.04,3.17,0,Normal
2026-03-01 10:02:07,0.02,32.78,2.44,60,60,0,100.58,2.07,0,Normal
2026-03-01 10:02:08,0.14,36.65,2.84,54,54,0,92.52,3.32,0,Normal
2026-03-01 10:02:09,0.01,15.31,1.92,60,60,0,101.43,2.02,0,Normal
2026-03-01 10:02:10,0.06,66.75,1.72,42,42,0,74.99,1.54,0,Normal
2026-03-01 10:02:11,0.45,27.32,6.13,47,47,0,80.87,6.04,0,Normal
2026-03-01 10:02:12,0.63,28.64,5.36,52,52,0,86.99,6.84,0,Normal
2026-03-01 10:02:13,0.07,56.96,2.81,57,57,0,93.38,3.36,0,Normal
2026-03-01 10:02:14,0.61,20.26,5.36,55,55,0,91.09,7.22,0,Normal
2026-03-01 10:02:15,0.23,37.25,1.84,46,46,0,75.87,2.4,0,Normal
2026-03-01 10:02:16,1.11,34.96,3.07,45,45,0,74.82,3.49,0,Normal
2026-03-01 10:02:17,0.05,27.38,3.59,46,46,0,77.09,2.7,0,Normal
2026-03-01 10:02:18,0.02,25.07,5.87,47,47,0,79.44,5.22,0,Normal
2026-03-01 10:02:19,0.65,24.34,3.63,56,56,0,96.14,3.79,0,Normal
2026-03-01 10:02:20,0.16,12.49,4.24,52,52,0,86.05,2.66,0,Normal
2026-03-01 10:02:21,0.21,30.12,2.69,53,53,0,86.96,3.08,0,Normal
2026-03-01 10:02:22,0.25,32.68,3.74,55,55,0,93.65,5.17,0,Normal
2026-03-01 10:02:23,0.61,53.44,5.86,59,59,0,101.12,7.4,0,Normal
2026-03-01 10:02:24,0.03,56.51,1.6,42,42,0,69.82,1.85,0,Normal
2026-03-01 10:02:25,0.28,28.8,5.54,50,50,0,85.56,6.32,0,Normal
2026-03-01 10:02:26,0.2,63.73,3.02,49,49,0,83.48,3.98,0,Normal
2026-03-01 10:02:27,0.15,25.0,1.76,50,50,0,81.44,1.5,0,Normal
2026-03-01 10:02:28,0.15,27.0,2.94,52,52,0,86.41,2.82,0,Normal
2026-03-01 10:02:29,0.93,32.18,5.93,42,42,0,69.84,6.69,0,Normal
2026-03-01 10:02:30,0.11,36.27,2.67,52,52,0,90.34,2.83,0,Normal
2026-03-01 10:02:31,0.21,26.63,3.8,48,48,0,81.4,4.84,0,Normal
2026-03-01 10:02:32,0.24,21.73,1.61,42,42,0,69.8,1.43,0,Normal
2026-03-01 10:02:33,0.45,28.21,1.46,52,52,0,86.31,1.36,0,Normal
2026-03-01 10:02:34,0.26,40.07,2.05,48,48,0,78.29,1.63,0,Normal
2026-03-01 10:02:35,0.34,58.44,5.24,49,49,0,83.92,5.82,0,Normal
2026-03-01 10:02:36,0.18,33.32,3.25,46,46,0,77.87,2.96,0,Normal
2026-03-01 10:02:37,0.44,36.02,5.45,44,44,0,74.85,5.66,0,Normal
2026-03-01 10:02:38,0.22,58.98,5.59,45,45,0,73.67,3.63,0,Normal
2026-03-01 10:02:39,0.09,23.8,2.36,47,47,0,80.06,2.75,0,Normal
2026-03-01 10:02:40,0.59,31.45,6.72,53,53,0,88.68,6.9,0,Normal
2026-03-01 10:02:41,0.51,30.12,2.6,52,52,0,86.27,3.1,0,Normal
2026-03-01 10:02:42,0.35,44.0,5.21,45,45,0,76.37,4.17,0,Normal
2026-03-01 10:02:43,0.26,59.48,5.11,49,49,0,80.52,6.57,0,Normal
2026-03-01 10:02:44,0.08,29.0,3.42,51,51,0,85.95,4.43,0,Normal
2026-03-01 10:02:45,0.71,20.85,3.42,52,52,0,86.96,3.25,0,Normal
2026-03-01 10:02:46,0.04,28.4,3.84,51,51,0,87.29,2.59,0,Normal
2026-03-01 10:02:47,0.17,29.45,3.5,42,42,0,71.9,3.52,0,Normal
2026-03-01 10:02:48,0.67,56.28,2.79,45,45,0,75.74,3.11,0,Normal
2026-03-01 10:02:49,0.32,26.82,2.68,48,48,0,81.06,2.89,0,Normal
2026-03-01 10:02:50,0.2,25.55,2.8,46,46,0,78.18,3.68,0,Normal
2026-03-01 10:02:51,0.55,19.77,5.74,53,53,0,89.03,7.67,0,Normal
2026-03-01 10:02:52,1.6,31.28,1.62,56,55,1,91.17,1.78,0,Normal
2026-03-01 10:02:53,0.07,68.44,2.65,53,53,0,88.32,2.96,0,Normal
2026-03-01 10:02:54,0.02,45.93,2.87,47,47,0,77.13,2.02,0,Normal
2026-03-01 10:02:55,0.22,30.71,3.0,57,57,0,97.15,2.74,0,Normal
2026-03-01 10:02:56,0.12,54.13,3.79,44,44,0,74.52,3.28,0,Normal
2026-03-01 10:02:57,0.38,20.31,1.81,47,47,0,78.33,1.59,0,Normal
2026-03-01 10:02:58,0.24,30.61,5.27,46,46,0,76.19,6.22,0,Normal
2026-03-01 10:02:59,0.24,28.17,4.95,42,42,0,70.91,4.9,0,Normal
2026-03-01 10:03:00,0.15,13.69,4.5,60,60,0,98.68,4.51,0,Normal
2026-03-01 10:03:01,0.08,37.66,3.02,55,55,0,90.8,2.41,0,Normal
2026-03-01 10:03:02,0.08,30.5,2.38,53,53,0,89.01,1.75,0,Normal
2026-03-01 10:03:03,0.17,28.44,2.87,46,46,0,80.94,2.66,0,Normal
2026-03-01 10:03:04,0.4,25.47,3.41,50,50,0,84.68,2.2,0,Normal
2026-03-01 10:03:05,0.14,30.43,4.48,45,45,0,75.88,3.26,0,Normal
2026-03-01 10:03:06,0.14,30.71,3.2,42,42,0,68.8,4.02,0,Normal
2026-03-01 10:03:07,0.19,30.41,3.9,44,44,0,72.52,3.71,0,Normal
2026-03-01 10:03:08,1.64,70.22,2.73,42,41,1,70.91,3.77,0,Normal
2026-03-01 10:03:09,0.03,35.77,3.78,45,45,0,74.91,2.28,0,Normal
2026-03-01 10:03:10,0.12,40.03,2.97,50,50,0,84.11,3.97,0,Normal
2026-03-01 10:03:11,0.12,22.98,3.75,50,50,0,84.89,4.2,0,Normal
2026-03-01 10:03:12,1.28,24.56,1.5,51,50,1,83.37,1.65,0,Normal
2026-03-01 10:03:13,0.18,30.17,4.13,47,47,0,78.2,5.26,0,Normal
2026-03-01 10:03:14,0.29,23.33,4.23,47,47,0,76.37,4.66,0,Normal
2026-03-01 10:03:15,0.08,24.29,4.21,49,49,0,80.5,2.64,0,Normal
2026-03-01 10:03:16,0.0,56.78,65.7,42,42,0,71.44,89.78,1,High Jitter
2026-03-01 10:03:17,0.15,33.41,56.25,55,55,0,91.74,93.57,1,High Jitter
2026-03-01 10:03:18,0.36,35.66,71.87,42,42,0,71.56,99.52,1,High Jitter
2026-03-01 10:03:19,0.41,26.84,37.01,49,49,0,79.94,46.24,1,High Jitter
2026-03-01 10:03:20,0.49,30.78,83.48,48,48,0,81.86,122.57,1,High Jitter
2026-03-01 10:03:21,0.69,29.46,59.26,60,60,0,100.74,78.73,1,High Jitter
2026-03-01 10:03:22,0.04,28.11,68.95,57,57,0,93.55,120.83,1,High Jitter
2026-03-01 10:03:23,0.03,23.1,48.6,42,42,0,72.25,69.2,1,High Jitter
2026-03-01 10:03:24,0.54,75.33,90.32,51,51,0,83.57,125.47,1,High Jitter
2026-03-01 10:03:25,0.2,32.0,59.08,59,59,0,100.74,86.79,1,High Jitter
2026-03-01 10:03:26,1.03,66.32,43.16,44,44,0,73.87,52.53,1,High Jitter
2026-03-01 10:03:27,1.01,17.34,41.54,60,59,1,97.78,63.08,1,High Jitter
2026-03-01 10:03:28,0.05,27.81,1.89,56,56,0,96.85,1.76,0,Normal
2026-03-01 10:03:29,0.41,36.73,2.2,50,50,0,84.61,1.75,0,Normal
2026-03-01 10:03:30,0.02,12.0,4.19,44,44,0,75.74,5.13,0,Normal
2026-03-01 10:03:31,0.18,26.27,4.67,42,42,0,71.21,3.82,0,Normal
2026-03-01 10:03:32,0.65,61.57,4.75,60,60,0,100.48,6.06,0,Normal
2026-03-01 10:03:33,0.22,17.06,3.7,48,48,0,79.33,4.4,0,Normal
2026-03-01 10:03:34,0.01,57.22,4.2,47,47,0,78.69,3.52,0,Normal
2026-03-01 10:03:35,0.1,57.63,1.62,56,56,0,94.33,2.01,0,Normal
2026-03-01 10:03:36,0.03,21.96,1.86,55,55,0,93.62,1.59,0,Normal
2026-03-01 10:03:37,0.18,25.59,3.02,46,46,0,76.69,2.8,0,Normal
2026-03-01 10:03:38,0.42,21.26,4.34,46,46,0,78.05,2.88,0,Normal
2026-03-01 10:03:39,0.38,60.37,2.71,46,46,0,79.8,2.86,0,Normal
2026-03-01 10:03:40,0.44,59.47,1.8,48,48,0,80.88,2.26,0,Normal
2026-03-01 10:03:41,0.17,41.36,2.43,44,44,0,70.98,2.67,0,Normal
2026-03-01 10:03:42,0.11,32.55,2.18,49,49,0,82.39,2.27,0,Normal
2026-03-01 10:03:43,0.02,34.06,1.53,50,50,0,83.86,2.01,0,Normal
2026-03-01 10:03:44,0.99,63.88,9.03,50,50,0,83.81,8.61,0,Normal
2026-03-01 10:03:45,0.04,59.09,5.78,45,45,0,73.21,8.08,0,Normal
2026-03-01 10:03:46,0.07,29.86,1.36,60,60,0,101.21,1.32,0,Normal
2026-03-01 10:03:47,0.01,34.59,1.4,52,52,0,86.56,1.56,0,Normal
2026-03-01 10:03:48,0.13,32.97,2.31,46,46,0,77.12,1.47,0,Normal
2026-03-01 10:03:49,0.6,29.17,1.7,42,42,0,71.98,1.97,0,Normal
2026-03-01 10:03:50,0.14,59.24,9.7,42,42,0,69.34,8.3,0,Normal
2026-03-01 10:03:51,0.38,42.78,2.31,44,44,0,73.77,1.62,0,Normal
2026-03-01 10:03:52,1.18,33.04,3.91,60,59,1,98.82,2.81,0,Normal
2026-03-01 10:03:53,0.78,26.11,2.64,51,51,0,85.43,2.66,0,Normal
2026-03-01 10:03:54,0.07,27.56,1.96,46,46,0,76.61,2.1,0,Normal
2026-03-01 10:03:55,0.16,21.68,5.32,60,60,0,100.22,6.18,0,Normal
2026-03-01 10:03:56,0.49,53.98,4.46,53,53,0,91.55,4.27,0,Normal
2026-03-01 10:03:57,1.33,37.62,3.23,48,47,1,78.33,4.18,0,Normal
2026-03-01 10:03:58,0.44,28.5,9.7,48,48,0,81.05,6.35,0,Normal
2026-03-01 10:03:59,0.1,41.08,3.69,44,44,0,74.08,2.57,0,Normal
2026-03-01 10:04:00,0.05,31.79,2.7,50,50,0,84.11,2.12,0,Normal
2026-03-01 10:04:01,0.24,25.41,7.86,56,56,0,94.8,5.36,0,Normal
2026-03-01 10:04:02,0.08,33.44,3.98,53,53,0,88.09,4.8,0,Normal
2026-03-01 10:04:03,0.09,30.39,6.91,50,50,0,86.1,6.15,0,Normal
2026-03-01 10:04:04,0.35,33.03,3.26,48,48,0,79.26,3.53,0,Normal
2026-03-01 10:04:05,0.25,59.49,0.86,60,60,0,100.55,1.04,0,Normal
2026-03-01 10:04:06,0.05,23.14,1.65,55,55,0,90.62,1.71,0,Normal
2026-03-01 10:04:07,0.06,36.93,5.4,47,47,0,80.31,5.55,0,Normal
2026-03-01 10:04:08,0.01,38.16,2.55,48,48,0,79.26,2.45,0,Normal
2026-03-01 10:04:09,0.09,41.14,3.72,51,51,0,86.81,4.3,0,Normal
2026-03-01 10:04:10,0.76,41.31,5.53,42,42,0,70.96,5.66,0,Normal
2026-03-01 10:04:11,0.55,31.46,3.6,42,42,0,70.82,3.32,0,Normal
2026-03-01 10:04:12,0.19,31.04,2.26,60,60,0,102.47,2.47,0,Normal
2026-03-01 10:04:13,0.47,22.52,3.3,53,53,0,88.13,4.52,0,Normal
2026-03-01 10:04:14,0.18,52.0,3.48,60,60,0,103.0,4.34,0,Normal
2026-03-01 10:04:15,0.55,238.79,2.76,56,56,0,93.5,38.87,1,High Latency
2026-03-01 10:04:16,0.07,188.8,1.78,59,59,0,99.77,38.16,1,High Latency
2026-03-01 10:04:17,0.06,279.38,2.83,45,45,0,75.31,38.81,1,High Latency
2026-03-01 10:04:18,0.03,281.72,3.18,45,45,0,76.53,39.46,1,High Latency
2026-03-01 10:04:19,0.1,296.62,1.73,42,42,0,69.06,38.29,1,High Latency
2026-03-01 10:04:20,0.06,282.63,2.2,45,45,0,75.76,39.02,1,High Latency
2026-03-01 10:04:21,0.56,304.11,2.4,44,44,0,73.95,37.79,1,High Latency
2026-03-01 10:04:22,0.1,280.11,1.44,51,51,0,86.33,37.28,1,High Latency
2026-03-01 10:04:23,0.25,381.36,3.52,48,48,0,81.25,39.97,1,High Latency
2026-03-01 10:04:24,0.49,348.37,3.69,42,42,0,69.27,40.52,1,High Latency
2026-03-01 10:04:25,0.4,274.24,2.6,54,54,0,92.68,39.16,1,High Latency
2026-03-01 10:04:26,0.08,156.43,1.79,55,55,0,92.31,37.66,1,High Latency
2026-03-01 10:04:27,0.03,49.88,3.99,60,60,0,101.9,4.48,0,Normal
2026-03-01 10:04:28,0.85,63.82,4.24,60,59,1,97.23,4.12,0,Normal
2026-03-01 10:04:29,0.34,25.89,3.47,58,58,0,96.82,2.76,0,Normal
2026-03-01 10:04:30,0.43,50.47,3.38,54,54,0,92.34,4.42,0,Normal
2026-03-01 10:04:31,0.17,69.79,4.34,60,60,0,103.25,4.44,0,Normal
2026-03-01 10:04:32,0.1,20.64,3.18,52,52,0,88.0,4.1,0,Normal
2026-03-01 10:04:33,0.26,71.39,2.2,60,60,0,100.67,2.05,0,Normal
2026-03-01 10:04:34,0.03,19.46,3.22,50,50,0,82.41,3.56,0,Normal
2026-03-01 10:04:35,0.56,23.46,2.78,57,57,0,96.96,3.49,0,Normal
2026-03-01 10:04:36,0.37,34.06,3.22,42,42,0,71.02,2.78,0,Normal
2026-03-01 10:04:37,0.5,30.26,4.94,51,51,0,82.15,6.36,0,Normal
2026-03-01 10:04:38,0.29,32.11,1.93,58,58,0,94.84,1.7,0,Normal
2026-03-01 10:04:39,0.3,40.9,3.6,42,42,0,71.09,2.74,0,Normal
2026-03-01 10:04:40,0.32,27.64,1.89,51,51,0,84.43,2.25,0,Normal
2026-03-01 10:04:41,0.54,28.13,2.2,48,48,0,79.08,1.91,0,Normal
2026-03-01 10:04:42,0.09,26.41,6.74,47,47,0,78.8,9.19,0,Normal
2026-03-01 10:04:43,0.4,52.66,4.08,49,49,0,82.83,5.07,0,Normal
2026-03-01 10:04:44,0.28,53.18,3.57,60,60,0,102.95,2.8,0,Normal
2026-03-01 10:04:45,0.24,71.24,1.57,55,55,0,91.17,2.19,0,Normal
2026-03-01 10:04:46,0.27,30.13,2.99,50,50,0,84.65,2.66,0,Normal
2026-03-01 10:04:47,0.11,62.61,1.31,46,46,0,75.74,1.37,0,Normal
2026-03-01 10:04:48,0.01,28.39,3.38,54,54,0,89.98,2.22,0,Normal
2026-03-01 10:04:49,0.5,33.56,1.89,50,50,0,84.28,1.2,0,Normal
2026-03-01 10:04:50,0.87,28.18,4.27,50,50,0,83.78,3.57,0,Normal
2026-03-01 10:04:51,0.23,25.54,3.57,43,43,0,70.19,2.18,0,Normal
2026-03-01 10:04:52,0.64,50.02,1.92,44,44,0,74.69,1.58,0,Normal
2026-03-01 10:04:53,0.28,18.71,3.94,56,56,0,95.19,4.01,0,Normal
2026-03-01 10:04:54,0.93,36.76,8.52,44,44,0,77.46,9.82,0,Normal
2026-03-01 10:04:55,0.25,58.9,3.03,56,56,0,94.41,2.43,0,Normal
2026-03-01 10:04:56,0.08,22.45,4.93,49,49,0,82.58,4.57,0,Normal
2026-03-01 10:04:57,0.71,73.8,1.29,54,54,0,91.17,1.17,0,Normal
2026-03-01 10:04:58,0.56,65.23,4.1,57,57,0,93.71,3.53,0,Normal
2026-03-01 10:04:59,0.18,37.83,2.57,46,46,0,75.34,2.34,0,Normal
2026-03-01 10:05:00,0.65,26.03,2.94,42,42,0,70.44,2.91,0,Normal
2026-03-01 10:05:01,0.0,43.8,4.34,46,46,0,73.83,3.29,0,Normal
2026-03-01 10:05:02,0.56,28.38,2.98,53,53,0,87.34,2.89,0,Normal
2026-03-01 10:05:03,0.41,40.34,1.6,55,55,0,91.65,1.3,0,Normal
2026-03-01 10:05:04,0.17,33.36,6.6,45,45,0,77.11,4.3,0,Normal
2026-03-01 10:05:05,0.55,56.39,1.73,48,48,0,81.03,1.33,0,Normal
2026-03-01 10:05:06,0.05,52.46,2.28,55,55,0,90.12,3.07,0,Normal
2026-03-01 10:05:07,0.08,50.54,3.52,58,58,0,97.38,3.53,0,Normal
2026-03-01 10:05:08,0.27,31.81,3.53,52,52,0,88.24,4.9,0,Normal
2026-03-01 10:05:09,0.75,41.91,4.03,48,48,0,81.71,3.14,0,Normal
2026-03-01 10:05:10,0.05,25.01,3.53,50,50,0,85.57,2.94,0,Normal
2026-03-01 10:05:11,0.29,22.03,5.57,51,51,0,87.48,6.19,0,Normal
2026-03-01 10:05:12,0.49,52.7,4.14,59,59,0,99.97,3.66,0,Normal
2026-03-01 10:05:13,0.48,54.74,1.95,60,60,0,101.53,1.73,0,Normal
2026-03-01 10:05:14,0.35,36.7,1.03,45,45,0,75.95,1.32,0,Normal
2026-03-01 10:05:15,0.99,51.02,3.55,58,57,1,97.02,2.22,0,Normal
2026-03-01 10:05:16,0.23,13.87,6.42,55,55,0,91.22,7.28,0,Normal
2026-03-01 10:05:17,0.74,26.76,1.89,44,44,0,73.61,2.46,0,Normal
2026-03-01 10:05:18,0.34,21.92,2.07,42,42,0,69.51,1.53,0,Normal
2026-03-01 10:05:19,0.47,25.04,3.89,45,45,0,76.25,3.59,0,Normal
2026-03-01 10:05:20,0.22,52.49,4.13,54,54,0,90.33,5.15,0,Normal
2026-03-01 10:05:21,0.06,64.88,5.5,51,51,0,87.2,5.66,0,Normal
2026-03-01 10:05:22,0.04,39.3,6.95,57,57,0,95.84,6.16,0,Normal
2026-03-01 10:05:23,0.4,23.9,3.69,53,53,0,90.64,4.06,0,Normal
2026-03-01 10:05:24,0.17,36.48,2.19,52,52,0,84.19,1.88,0,Normal
2026-03-01 10:05:25,0.29,60.63,2.22,43,43,0,71.16,2.44,0,Normal
2026-03-01 10:05:26,0.48,52.33,2.6,56,56,0,95.49,1.86,0,Normal
2026-03-01 10:05:27,0.54,60.86,5.28,46,46,0,77.31,4.12,0,Normal
2026-03-01 10:05:28,0.25,45.36,2.65,54,54,0,92.3,1.62,0,Normal
2026-03-01 10:05:29,0.13,26.76,5.12,49,49,0,82.7,3.83,0,Normal
2026-03-01 10:05:30,0.52,28.87,1.67,48,48,0,79.24,1.18,0,Normal
2026-03-01 10:05:31,0.19,23.13,3.78,46,46,0,79.97,4.07,0,Normal
2026-03-01 10:05:32,0.97,18.27,2.37,54,53,1,88.04,3.21,0,Normal
2026-03-01 10:05:33,0.61,56.6,4.2,58,58,0,96.32,3.24,0,Normal
2026-03-01 10:05:34,0.48,62.3,2.96,53,53,0,90.27,2.08,0,Normal
2026-03-01 10:05:35,0.1,22.59,4.75,42,42,0,69.19,4.89,0,Normal
2026-03-01 10:05:36,0.16,28.92,2.73,60,60,0,98.86,2.03,0,Normal
2026-03-01 10:05:37,0.66,37.03,3.28,42,42,0,69.41,3.39,0,Normal
2026-03-01 10:05:38,0.01,27.46,4.78,58,58,0,98.67,4.79,0,Normal
2026-03-01 10:05:39,0.53,28.52,3.17,59,59,0,102.33,1.95,0,Normal
2026-03-01 10:05:40,0.18,28.33,3.41,50,50,0,84.01,4.67,0,Normal
2026-03-01 10:05:41,0.56,54.78,4.67,48,48,0,79.55,3.56,0,Normal
2026-03-01 10:05:42,0.28,22.04,3.21,45,45,0,77.45,4.22,0,Normal
2026-03-01 10:05:43,0.26,22.06,1.63,51,51,0,84.76,1.47,0,Normal
2026-03-01 10:05:44,0.42,30.21,2.57,57,57,0,95.09,1.87,0,Normal
2026-03-01 10:05:45,0.57,66.3,1.4,56,56,0,94.7,0.96,0,Normal
2026-03-01 10:05:46,0.41,55.86,2.97,42,42,0,72.27,2.99,0,Normal
2026-03-01 10:05:47,0.21,25.73,4.1,54,54,0,90.83,3.65,0,Normal
2026-03-01 10:05:48,0.14,61.21,3.51,59,59,0,98.59,4.68,0,Normal
2026-03-01 10:05:49,0.65,29.84,6.22,52,52,0,90.84,4.73,0,Normal
2026-03-01 10:05:50,0.26,28.42,5.91,51,51,0,84.67,6.97,0,Normal
2026-03-01 10:05:51,0.54,12.0,3.73,60,60,0,99.96,2.79,0,Normal
2026-03-01 10:05:52,1.91,23.1,1.13,49,48,1,80.06,1.47,0,Normal
2026-03-01 10:05:53,0.36,18.87,4.49,44,44,0,74.75,4.53,0,Normal
2026-03-01 10:05:54,0.11,68.54,2.35,47,47,0,78.26,2.97,0,Normal
2026-03-01 10:05:55,0.7,53.33,4.94,50,50,0,85.23,4.69,0,Normal
2026-03-01 10:05:56,0.11,21.57,3.82,54,54,0,90.64,2.83,0,Normal
2026-03-01 10:05:57,0.11,29.83,4.46,51,51,0,85.2,4.6,0,Normal
2026-03-01 10:05:58,0.03,19.46,4.16,42,42,0,69.72,3.4,0,Normal
2026-03-01 10:05:59,0.03,21.74,9.73,44,44,0,73.88,7.28,0,Normal
2026-03-01 10:06:00,0.69,23.74,4.2,43,43,0,72.91,5.55,0,Normal
2026-03-01 10:06:01,0.09,31.24,1.87,42,42,0,70.51,1.94,0,Normal
2026-03-01 10:06:02,0.04,57.88,5.38,56,56,0,94.43,6.67,0,Normal
2026-03-01 10:06:03,0.15,61.32,2.74,49,49,0,81.16,3.34,0,Normal
2026-03-01 10:06:04,0.44,35.93,6.08,52,52,0,86.29,3.65,0,Normal
2026-03-01 10:06:05,0.15,28.28,6.65,50,50,0,83.99,8.7,0,Normal
2026-03-01 10:06:06,0.13,29.42,4.39,60,60,0,100.98,5.35,0,Normal
2026-03-01 10:06:07,0.23,27.62,1.87,52,52,0,87.43,1.52,0,Normal
2026-03-01 10:06:08,0.01,26.82,2.7,45,45,0,74.71,2.11,0,Normal
2026-03-01 10:06:09,0.24,30.64,6.07,49,49,0,82.43,3.92,0,Normal
2026-03-01 10:06:10,1.61,32.44,8.16,57,56,1,94.12,5.5,0,Normal
2026-03-01 10:06:11,0.56,57.64,3.41,54,54,0,90.54,2.58,0,Normal
2026-03-01 10:06:12,0.03,26.86,2.93,46,46,0,76.3,1.77,0,Normal
2026-03-01 10:06:13,0.37,49.34,1.95,55,55,0,93.18,1.66,0,Normal
2026-03-01 10:06:14,0.22,29.06,1.96,42,42,0,70.54,2.63,0,Normal
2026-03-01 10:06:15,0.61,50.42,3.69,44,44,0,72.79,3.85,0,Normal
2026-03-01 10:06:16,0.04,35.0,4.55,49,49,0,82.13,4.84,0,Normal
2026-03-01 10:06:17,0.09,24.99,1.7,46,46,0,76.41,1.34,0,Normal
2026-03-01 10:06:18,0.55,27.8,4.82,49,49,0,82.32,3.76,0,Normal
2026-03-01 10:06:19,0.66,32.9,6.16,42,42,0,72.7,5.5,0,Normal
2026-03-01 10:06:20,0.26,35.43,4.41,59,59,0,99.34,3.57,0,Normal
2026-03-01 10:06:21,0.01,53.56,6.99,47,47,0,79.26,8.99,0,Normal
2026-03-01 10:06:22,0.78,39.92,3.9,53,53,0,91.18,2.89,0,Normal
2026-03-01 10:06:23,0.17,22.01,3.91,54,54,0,91.13,4.46,0,Normal
2026-03-01 10:06:24,0.01,27.26,3.88,55,55,0,93.05,3.85,0,Normal
2026-03-01 10:06:25,0.6,22.46,6.12,50,50,0,84.22,6.99,0,Normal
2026-03-01 10:06:26,0.19,56.66,4.23,49,49,0,81.74,5.36,0,Normal
2026-03-01 10:06:27,0.07,59.95,2.62,60,60,0,101.47,2.28,0,Normal
2026-03-01 10:06:28,0.57,372.21,4.02,60,60,0,103.35,42.58,1,High Latency
2026-03-01 10:06:29,0.21,189.85,4.04,45,45,0,73.62,42.47,1,High Latency
2026-03-01 10:06:30,0.33,324.84,3.02,42,42,0,69.87,41.15,1,High Latency
2026-03-01 10:06:31,0.61,286.44,5.26,52,52,0,86.08,45.01,1,High Latency
2026-03-01 10:06:32,0.26,272.6,3.46,60,60,0,99.69,40.54,1,High Latency
2026-03-01 10:06:33,0.04,25.23,4.56,42,42,0,72.4,3.87,0,Normal
2026-03-01 10:06:34,1.16,57.2,4.18,50,49,1,82.08,5.29,0,Normal
2026-03-01 10:06:35,0.12,33.72,2.4,47,47,0,80.04,3.11,0,Normal
2026-03-01 10:06:36,1.81,54.78,2.14,53,52,1,86.36,2.47,0,Normal
2026-03-01 10:06:37,0.0,18.98,2.41,50,50,0,83.03,2.1,0,Normal
2026-03-01 10:06:38,0.23,31.22,3.2,60,60,0,99.27,4.03,0,Normal
2026-03-01 10:06:39,0.43,26.66,6.8,50,50,0,86.17,4.53,0,Normal
2026-03-01 10:06:40,0.83,59.91,3.25,51,51,0,86.84,2.64,0,Normal
2026-03-01 10:06:41,0.53,19.76,3.93,47,47,0,77.38,2.65,0,Normal
2026-03-01 10:06:42,0.1,23.8,4.92,42,42,0,72.27,3.38,0,Normal
2026-03-01 10:06:43,0.1,29.26,2.83,45,45,0,75.21,3.04,0,Normal
2026-03-01 10:06:44,0.15,32.73,2.75,51,51,0,86.36,1.81,0,Normal
2026-03-01 10:06:45,0.04,65.33,5.33,42,42,0,70.63,6.1,0,Normal
2026-03-01 10:06:46,0.39,31.62,4.29,53,53,0,86.89,3.77,0,Normal
2026-03-01 10:06:47,0.99,64.12,2.58,49,49,0,81.08,1.66,0,Normal
2026-03-01 10:06:48,0.36,54.16,2.76,51,51,0,87.71,2.28,0,Normal
2026-03-01 10:06:49,0.27,32.2,3.45,46,46,0,78.69,3.17,0,Normal
2026-03-01 10:06:50,0.24,65.82,3.85,60,60,0,99.27,3.44,0,Normal
2026-03-01 10:06:51,0.31,31.4,5.81,42,42,0,70.87,5.86,0,Normal
2026-03-01 10:06:52,0.43,25.61,4.22,60,60,0,100.48,4.23,0,Normal
2026-03-01 10:06:53,0.55,27.66,2.13,42,42,0,72.27,1.89,0,Normal
2026-03-01 10:06:54,0.42,57.88,2.33,47,47,0,78.65,3.08,0,Normal
2026-03-01 10:06:55,0.43,25.68,3.82,48,48,0,79.49,2.96,0,Normal
2026-03-01 10:06:56,1.06,38.56,3.54,53,52,1,88.47,3.09,0,Normal
2026-03-01 10:06:57,0.8,62.3,2.27,43,43,0,74.02,2.37,0,Normal
2026-03-01 10:06:58,0.61,60.79,5.33,47,47,0,79.55,4.25,0,Normal
2026-03-01 10:06:59,0.02,33.99,1.21,46,46,0,78.14,0.87,0,Normal
2026-03-01 10:07:00,0.39,30.15,3.86,42,42,0,68.77,2.34,0,Normal
2026-03-01 10:07:01,0.21,23.28,1.66,49,49,0,80.4,2.24,0,Normal
2026-03-01 10:07:02,0.34,28.14,4.93,55,55,0,90.38,6.06,0,Normal
2026-03-01 10:07:03,0.41,21.19,2.95,53,53,0,90.62,3.86,0,Normal
2026-03-01 10:07:04,0.44,29.1,4.65,42,42,0,69.98,2.94,0,Normal
2026-03-01 10:07:05,0.71,22.97,2.78,54,54,0,91.96,1.83,0,Normal
2026-03-01 10:07:06,0.84,67.65,6.03,58,58,0,96.54,6.28,0,Normal
2026-03-01 10:07:07,0.33,24.94,1.43,54,54,0,90.7,0.89,0,Normal
2026-03-01 10:07:08,0.79,23.05,4.93,47,47,0,77.75,4.03,0,Normal
2026-03-01 10:07:09,0.51,27.32,2.53,52,52,0,86.87,3.48,0,Normal
2026-03-01 10:07:10,0.08,30.19,3.93,50,50,0,81.44,3.48,0,Normal
2026-03-01 10:07:11,0.01,20.76,4.01,48,48,0,80.16,5.54,0,Normal
2026-03-01 10:07:12,0.0,24.87,1.77,42,42,0,69.95,1.23,0,Normal
2026-03-01 10:07:13,0.31,28.63,5.2,47,47,0,76.42,4.72,0,Normal
2026-03-01 10:07:14,0.26,36.03,3.96,55,55,0,93.04,2.4,0,Normal
2026-03-01 10:07:15,0.42,12.83,3.5,42,42,0,71.42,3.76,0,Normal
2026-03-01 10:07:16,0.65,31.69,3.95,45,45,0,74.61,3.45,0,Normal
2026-03-01 10:07:17,0.06,25.7,3.51,42,42,0,68.75,3.52,0,Normal
2026-03-01 10:07:18,0.68,25.03,4.83,42,42,0,73.16,5.97,0,Normal
2026-03-01 10:07:19,0.04,23.91,2.69,47,47,0,79.34,2.8,0,Normal
2026-03-01 10:07:20,0.75,25.82,4.84,50,50,0,80.43,5.48,0,Normal
2026-03-01 10:07:21,0.67,46.55,4.3,55,55,0,91.76,4.2,0,Normal
2026-03-01 10:07:22,0.42,24.78,3.07,45,45,0,74.62,3.68,0,Normal
2026-03-01 10:07:23,0.12,45.52,7.62,50,50,0,82.91,8.25,0,Normal
2026-03-01 10:07:24,0.03,46.46,4.07,44,44,0,75.56,5.26,0,Normal
2026-03-01 10:07:25,0.53,59.6,3.62,42,42,0,70.94,4.37,0,Normal
2026-03-01 10:07:26,0.09,27.0,4.3,53,53,0,89.99,3.38,0,Normal
2026-03-01 10:07:27,0.2,60.18,3.17,57,57,0,95.55,3.23,0,Normal
2026-03-01 10:07:28,0.26,72.42,5.7,43,43,0,73.52,7.41,0,Normal
2026-03-01 10:07:29,0.4,21.03,3.29,54,54,0,90.16,4.23,0,Normal
2026-03-01 10:07:30,0.23,23.79,4.8,60,60,0,101.15,4.71,0,Normal
2026-03-01 10:07:31,0.42,60.59,2.05,55,55,0,93.13,1.75,0,Normal
2026-03-01 10:07:32,0.59,33.62,1.48,49,49,0,81.39,1.14,0,Normal
2026-03-01 10:07:33,0.44,26.2,3.98,48,48,0,77.5,3.01,0,Normal
2026-03-01 10:07:34,0.12,63.09,2.79,48,48,0,78.1,2.0,0,Normal
2026-03-01 10:07:35,0.79,28.47,3.04,52,52,0,90.83,4.26,0,Normal
2026-03-01 10:07:36,0.28,36.86,1.16,42,42,0,71.54,1.31,0,Normal
2026-03-01 10:07:37,0.22,28.25,7.14,42,42,0,71.61,6.08,0,Normal
2026-03-01 10:07:38,0.3,20.42,3.48,42,42,0,72.69,2.9,0,Normal
2026-03-01 10:07:39,0.23,45.13,6.05,45,45,0,73.91,5.11,0,Normal
2026-03-01 10:07:40,0.49,32.7,1.77,60,60,0,99.71,2.3,0,Normal
2026-03-01 10:07:41,0.19,46.61,3.47,49,49,0,80.66,3.51,0,Normal
2026-03-01 10:07:42,0.52,35.55,3.99,50,50,0,87.53,3.26,0,Normal
2026-03-01 10:07:43,0.5,33.2,3.53,46,46,0,75.78,4.37,0,Normal
2026-03-01 10:07:44,0.11,27.63,3.69,47,47,0,80.84,4.43,0,Normal
2026-03-01 10:07:45,0.04,28.26,1.78,56,56,0,93.09,1.73,0,Normal
2026-03-01 10:07:46,0.67,55.19,3.83,52,52,0,87.49,4.41,0,Normal
2026-03-01 10:07:47,0.06,35.26,2.27,45,45,0,77.51,2.71,0,Normal
2026-03-01 10:07:48,0.01,48.24,2.51,44,44,0,74.35,1.61,0,Normal
2026-03-01 10:07:49,0.18,25.6,3.34,50,50,0,83.8,4.35,0,Normal
2026-03-01 10:07:50,0.1,24.7,2.83,60,60,0,104.2,2.35,0,Normal
2026-03-01 10:07:51,0.09,30.74,2.91,53,53,0,86.29,4.03,0,Normal
2026-03-01 10:07:52,0.07,56.1,5.51,51,51,0,84.26,7.3,0,Normal
2026-03-01 10:07:53,0.48,22.09,3.09,45,45,0,75.14,1.9,0,Normal
2026-03-01 10:07:54,0.54,27.68,2.78,46,46,0,78.85,3.05,0,Normal
2026-03-01 10:07:55,0.02,24.24,3.14,42,42,0,69.8,4.31,0,Normal
2026-03-01 10:07:56,0.28,30.01,2.01,54,54,0,92.17,2.12,0,Normal
2026-03-01 10:07:57,0.05,24.46,3.57,49,49,0,79.74,3.9,0,Normal
2026-03-01 10:07:58,0.24,37.57,4.59,48,48,0,82.36,6.18,0,Normal
2026-03-01 10:07:59,0.15,42.35,3.82,48,48,0,81.98,4.05,0,Normal
2026-03-01 10:08:00,0.08,32.09,3.38,60,60,0,99.19,2.69,0,Normal
2026-03-01 10:08:01,20.45,24.37,4.35,50,40,10,67.2,4.21,1,High Packet Loss
2026-03-01 10:08:02,12.49,42.43,2.59,50,44,6,73.92,2.28,1,High Packet Loss
2026-03-01 10:08:03,22.5,25.37,3.38,46,36,10,60.48,2.48,1,High Packet Loss
2026-03-01 10:08:04,16.24,23.72,6.23,51,43,8,72.24,4.8,1,High Packet Loss
2026-03-01 10:08:05,6.38,56.51,2.91,45,42,3,70.56,1.89,1,High Packet Loss
2026-03-01 10:08:06,23.61,73.8,4.36,47,36,11,60.48,3.21,1,High Packet Loss
2026-03-01 10:08:07,11.71,23.09,4.41,60,53,7,89.04,3.56,1,High Packet Loss
2026-03-01 10:08:08,12.64,41.18,2.36,48,42,6,70.56,2.85,1,High Packet Loss
2026-03-01 10:08:09,22.39,55.13,4.52,48,37,11,62.16,4.04,1,High Packet Loss
2026-03-01 10:08:10,21.8,56.85,2.53,44,34,10,57.12,2.91,1,High Packet Loss
2026-03-01 10:08:11,18.33,42.41,4.03,51,42,9,70.56,5.63,1,High Packet Loss
2026-03-01 10:08:12,6.18,32.86,2.51,56,53,3,89.04,2.67,1,High Packet Loss
2026-03-01 10:08:13,6.06,58.99,3.77,55,52,3,87.36,4.11,1,High Packet Loss
2026-03-01 10:08:14,9.21,41.69,3.52,47,43,4,72.24,3.67,1,High Packet Loss
2026-03-01 10:08:15,19.73,31.95,3.49,47,38,9,63.84,3.2,1,High Packet Loss
2026-03-01 10:08:16,21.03,69.51,3.75,43,34,9,57.12,2.81,1,High Packet Loss
2026-03-01 10:08:17,10.05,66.49,2.61,45,40,5,67.2,3.61,1,High Packet Loss
2026-03-01 10:08:18,7.42,28.3,1.96,50,46,4,77.28,1.93,1,High Packet Loss
2026-03-01 10:08:19,13.68,25.54,3.44,43,37,6,62.16,4.65,1,High Packet Loss
2026-03-01 10:08:20,22.72,36.64,5.45,42,32,10,53.76,4.41,1,High Packet Loss
2026-03-01 10:08:21,0.44,45.01,4.32,56,56,0,95.08,2.96,0,Normal
2026-03-01 10:08:22,0.07,60.97,4.06,55,55,0,93.05,4.5,0,Normal
2026-03-01 10:08:23,0.08,53.45,2.64,57,57,0,97.68,3.38,0,Normal
2026-03-01 10:08:24,0.02,27.65,3.61,43,43,0,69.95,4.08,0,Normal
2026-03-01 10:08:25,1.49,26.23,2.28,42,41,1,71.08,2.73,0,Normal
2026-03-01 10:08:26,0.73,24.88,2.74,49,49,0,81.25,2.98,0,Normal
2026-03-01 10:08:27,0.28,32.14,3.9,55,55,0,90.56,4.67,0,Normal
2026-03-01 10:08:28,0.2,27.97,1.47,54,54,0,92.28,1.28,0,Normal
2026-03-01 10:08:29,0.09,23.99,7.23,46,46,0,75.61,6.59,0,Normal
2026-03-01 10:08:30,0.32,28.92,1.82,58,58,0,99.56,2.23,0,Normal
2026-03-01 10:08:31,0.41,60.8,7.77,45,45,0,72.33,9.64,0,Normal
2026-03-01 10:08:32,0.41,24.77,2.28,57,57,0,94.63,1.52,0,Normal
2026-03-01 10:08:33,0.0,47.04,2.27,47,47,0,80.28,1.39,0,Normal
2026-03-01 10:08:34,0.42,25.3,2.78,50,50,0,85.01,3.15,0,Normal
2026-03-01 10:08:35,0.7,47.71,2.72,44,44,0,69.97,1.82,0,Normal
2026-03-01 10:08:36,0.04,28.22,2.53,43,43,0,71.24,1.86,0,Normal
2026-03-01 10:08:37,0.49,38.89,2.81,60,60,0,98.23,2.13,0,Normal
2026-03-01 10:08:38,0.61,43.68,3.46,60,60,0,101.01,3.49,0,Normal
2026-03-01 10:08:39,0.11,25.21,2.22,53,53,0,89.12,1.69,0,Normal
2026-03-01 10:08:40,0.44,23.0,4.85,56,56,0,93.71,3.61,0,Normal
2026-03-01 10:08:41,0.04,58.68,6.27,42,42,0,70.4,3.81,0,Normal
2026-03-01 10:08:42,0.37,30.01,1.38,57,57,0,94.11,1.68,0,Normal
2026-03-01 10:08:43,0.25,34.82,7.65,48,48,0,79.54,5.42,0,Normal
2026-03-01 10:08:44,0.66,30.39,4.7,47,47,0,80.56,4.96,0,Normal
2026-03-01 10:08:45,0.21,26.83,3.73,51,51,0,84.95,3.13,0,Normal
2026-03-01 10:08:46,0.2,66.87,2.56,42,42,0,69.7,1.91,0,Normal
2026-03-01 10:08:47,0.95,30.6,3.58,50,50,0,85.71,3.14,0,Normal
2026-03-01 10:08:48,0.95,26.73,4.97,44,44,0,72.15,4.01,0,Normal
2026-03-01 10:08:49,0.01,61.1,10.75,50,50,0,86.22,10.17,0,Normal
2026-03-01 10:08:50,0.23,20.19,8.9,60,60,0,103.15,10.26,0,Normal
2026-03-01 10:08:51,0.06,46.14,1.67,48,48,0,79.12,1.07,0,Normal
2026-03-01 10:08:52,0.11,16.76,3.02,56,56,0,95.46,2.26,0,Normal
2026-03-01 10:08:53,0.38,28.87,3.44,42,42,0,67.32,2.28,0,Normal
2026-03-01 10:08:54,0.05,26.01,6.08,51,51,0,85.83,8.35,0,Normal
2026-03-01 10:08:55,0.0,18.9,3.2,55,55,0,90.89,3.39,0,Normal
2026-03-01 10:08:56,0.45,41.4,2.36,42,42,0,71.32,2.97,0,Normal
2026-03-01 10:08:57,0.36,21.41,3.4,44,44,0,74.39,2.77,0,Normal
2026-03-01 10:08:58,0.82,28.27,2.79,60,60,0,100.38,3.67,0,Normal
2026-03-01 10:08:59,0.27,24.39,5.18,52,52,0,85.72,5.71,0,Normal
2026-03-01 10:09:00,1.02,21.75,9.72,47,47,0,80.34,8.99,0,Normal
2026-03-01 10:09:01,0.33,54.87,5.0,53,53,0,88.99,5.4,0,Normal
2026-03-01 10:09:02,0.17,20.61,5.09,54,54,0,89.66,3.58,0,Normal
2026-03-01 10:09:03,0.33,64.77,5.79,50,50,0,83.23,4.92,0,Normal
2026-03-01 10:09:04,0.48,61.71,4.07,49,49,0,82.18,4.2,0,Normal
2026-03-01 10:09:05,0.15,21.26,2.77,56,56,0,93.93,3.09,0,Normal
2026-03-01 10:09:06,0.16,60.4,2.9,48,48,0,81.1,2.24,0,Normal
2026-03-01 10:09:07,0.35,31.72,5.44,42,42,0,71.99,7.58,0,Normal
2026-03-01 10:09:08,0.21,19.77,3.78,60,60,0,102.37,4.79,0,Normal
2026-03-01 10:09:09,0.26,29.72,2.13,55,55,0,92.06,2.27,0,Normal
2026-03-01 10:09:10,1.41,22.24,5.98,45,44,1,74.56,8.25,0,Normal
2026-03-01 10:09:11,0.02,50.18,2.34,42,42,0,70.26,2.37,0,Normal
2026-03-01 10:09:12,0.37,30.4,2.0,58,58,0,99.26,2.71,0,Normal
2026-03-01 10:09:13,0.9,41.04,2.24,52,52,0,87.16,2.69,0,Normal
2026-03-01 10:09:14,0.09,22.53,3.81,42,42,0,70.74,2.95,0,Normal
2026-03-01 10:09:15,0.08,32.32,5.14,59,59,0,99.08,4.75,0,Normal
2026-03-01 10:09:16,0.16,26.12,3.72,42,42,0,71.25,3.02,0,Normal
2026-03-01 10:09:17,0.03,72.82,2.58,46,46,0,78.23,3.04,0,Normal
2026-03-01 10:09:18,0.29,34.43,2.31,58,58,0,99.52,2.8,0,Normal
2026-03-01 10:09:19,0.36,63.05,4.7,60,60,0,102.62,5.39,0,Normal
2026-03-01 10:09:20,0.6,57.32,3.18,54,54,0,90.78,3.3,0,Normal
2026-03-01 10:09:21,0.02,30.76,3.87,48,48,0,80.58,3.57,0,Normal
2026-03-01 10:09:22,0.2,37.57,3.12,60,60,0,100.46,4.32,0,Normal
2026-03-01 10:09:23,0.54,32.5,3.8,45,45,0,77.11,2.36,0,Normal
2026-03-01 10:09:24,0.51,60.12,3.96,45,45,0,75.97,2.77,0,Normal
2026-03-01 10:09:25,0.03,24.31,9.89,52,52,0,91.05,10.67,0,Normal
2026-03-01 10:09:26,0.0,33.88,3.98,42,42,0,70.46,4.79,0,Normal
2026-03-01 10:09:27,0.54,37.49,2.79,55,55,0,94.68,3.81,0,Normal
2026-03-01 10:09:28,0.05,29.37,3.59,48,48,0,82.94,3.57,0,Normal
2026-03-01 10:09:29,0.3,24.52,2.17,47,47,0,81.22,1.76,0,Normal
2026-03-01 10:09:30,0.03,37.88,2.16,42,42,0,70.07,2.78,0,Normal
2026-03-01 10:09:31,0.12,27.55,5.83,60,60,0,100.67,5.55,0,Normal
2026-03-01 10:09:32,0.06,24.37,3.81,43,43,0,72.0,2.68,0,Normal
2026-03-01 10:09:33,0.47,23.35,5.49,55,55,0,94.61,5.59,0,Normal
2026-03-01 10:09:34,0.39,20.83,1.6,57,57,0,95.08,1.63,0,Normal
2026-03-01 10:09:35,0.05,56.14,2.14,55,55,0,91.53,1.68,0,Normal
2026-03-01 10:09:36,0.02,36.53,3.8,55,55,0,93.44,2.71,0,Normal
2026-03-01 10:09:37,0.22,24.06,2.29,58,58,0,95.45,1.64,0,Normal
2026-03-01 10:09:38,0.08,38.39,1.75,42,42,0,71.71,2.2,0,Normal
2026-03-01 10:09:39,0.0,31.2,2.04,60,60,0,99.09,2.04,0,Normal
2026-03-01 10:09:40,0.11,30.84,2.87,58,58,0,96.82,3.42,0,Normal
2026-03-01 10:09:41,0.08,23.69,4.0,42,42,0,72.29,5.48,0,Normal
2026-03-01 10:09:42,0.4,71.33,7.18,46,46,0,76.45,8.86,0,Normal
2026-03-01 10:09:43,0.69,27.75,2.07,42,42,0,71.02,1.5,0,Normal
2026-03-01 10:09:44,0.09,16.21,2.12,49,49,0,84.13,1.98,0,Normal
2026-03-01 10:09:45,0.09,48.2,1.73,42,42,0,68.85,1.72,0,Normal
2026-03-01 10:09:46,0.17,28.03,4.3,45,45,0,75.86,4.99,0,Normal
2026-03-01 10:09:47,0.07,35.86,3.51,52,52,0,88.33,4.82,0,Normal
2026-03-01 10:09:48,1.03,24.3,2.15,51,50,1,81.87,1.78,0,Normal
2026-03-01 10:09:49,0.1,52.76,2.28,58,58,0,95.88,2.94,0,Normal
2026-03-01 10:09:50,0.03,15.64,3.14,44,44,0,76.34,2.07,0,Normal
2026-03-01 10:09:51,0.28,35.0,3.22,46,46,0,75.56,4.18,0,Normal
2026-03-01 10:09:52,0.27,22.6,2.08,49,49,0,81.8,2.4,0,Normal
2026-03-01 10:09:53,0.35,48.03,3.6,59,59,0,96.1,2.24,0,Normal
2026-03-01 10:09:54,1.19,57.21,1.79,60,59,1,97.94,1.95,0,Normal
2026-03-01 10:09:55,0.14,29.26,3.39,45,45,0,76.76,4.57,0,Normal
2026-03-01 10:09:56,0.16,27.36,3.07,46,46,0,78.72,2.9,0,Normal
2026-03-01 10:09:57,17.63,260.04,64.16,50,41,9,68.88,96.24,1,Combined Degradation
2026-03-01 10:09:58,19.81,369.16,44.26,50,40,10,67.2,66.39,1,Combined Degradation
2026-03-01 10:09:59,21.76,348.62,45.98,48,38,10,63.84,68.96,1,Combined Degradation
2026-03-01 10:10:00,21.7,368.09,53.46,42,33,9,55.44,80.19,1,Combined Degradation
2026-03-01 10:10:01,15.1,252.0,70.53,55,47,8,78.96,105.79,1,Combined Degradation
2026-03-01 10:10:02,0.2,19.05,8.06,53,53,0,86.63,8.61,0,Normal
2026-03-01 10:10:03,0.55,33.15,1.44,52,52,0,87.4,1.64,0,Normal
2026-03-01 10:10:04,0.33,20.08,3.2,50,50,0,85.91,3.74,0,Normal
2026-03-01 10:10:05,0.44,60.15,1.05,50,50,0,85.67,1.27,0,Normal
2026-03-01 10:10:06,0.11,21.62,2.29,55,55,0,94.17,2.84,0,Normal
2026-03-01 10:10:07,0.85,34.09,7.25,55,55,0,92.85,4.78,0,Normal
2026-03-01 10:10:08,0.01,28.06,5.56,60,60,0,99.41,7.49,0,Normal
2026-03-01 10:10:09,0.32,24.65,5.17,49,49,0,83.2,5.36,0,Normal
2026-03-01 10:10:10,0.59,37.6,3.04,50,50,0,84.23,3.13,0,Normal
2026-03-01 10:10:11,0.7,27.59,6.98,60,60,0,100.41,8.85,0,Normal
2026-03-01 10:10:12,0.13,25.83,3.73,47,47,0,79.96,3.15,0,Normal
2026-03-01 10:10:13,0.22,33.45,4.53,46,46,0,77.97,5.09,0,Normal
2026-03-01 10:10:14,0.01,19.12,10.93,59,59,0,98.19,9.33,0,Normal
2026-03-01 10:10:15,0.55,12.84,5.42,46,46,0,76.28,6.55,0,Normal
2026-03-01 10:10:16,0.05,50.72,3.22,49,49,0,80.59,3.05,0,Normal
2026-03-01 10:10:17,0.2,22.98,4.18,49,49,0,82.7,3.13,0,Normal
2026-03-01 10:10:18,1.64,52.38,6.25,48,47,1,80.32,8.29,0,Normal
2026-03-01 10:10:19,0.87,28.28,4.39,47,47,0,78.07,5.28,0,Normal
2026-03-01 10:10:20,0.14,21.02,4.72,42,42,0,68.96,2.89,0,Normal
2026-03-01 10:10:21,0.09,68.22,5.93,49,49,0,83.08,3.86,0,Normal
2026-03-01 10:10:22,0.1,25.54,10.37,56,56,0,96.45,9.36,0,Normal
2026-03-01 10:10:23,0.4,21.54,2.18,60,60,0,103.79,2.67,0,Normal
2026-03-01 10:10:24,0.45,21.69,4.55,60,60,0,103.07,3.74,0,Normal
2026-03-01 10:10:25,0.09,72.83,4.08,50,50,0,83.93,5.69,0,Normal
2026-03-01 10:10:26,0.1,30.42,2.79,42,42,0,69.21,3.73,0,Normal
2026-03-01 10:10:27,0.14,22.39,2.48,42,42,0,71.47,3.2,0,Normal
2026-03-01 10:10:28,0.2,27.79,6.98,60,60,0,100.69,4.24,0,Normal
2026-03-01 10:10:29,0.87,58.23,2.1,55,55,0,92.1,2.87,0,Normal
2026-03-01 10:10:30,0.01,22.35,1.76,53,53,0,91.89,1.89,0,Normal
2026-03-01 10:10:31,0.36,18.86,2.58,53,53,0,91.12,2.77,0,Normal
2026-03-01 10:10:32,0.69,43.2,1.49,60,60,0,101.76,1.01,0,Normal
2026-03-01 10:10:33,0.45,49.07,2.27,51,51,0,85.54,2.47,0,Normal
2026-03-01 10:10:34,0.09,38.94,2.07,60,60,0,100.81,2.11,0,Normal
2026-03-01 10:10:35,0.23,34.99,3.45,44,44,0,71.6,3.57,0,Normal
2026-03-01 10:10:36,0.84,62.07,6.36,56,56,0,95.65,4.79,0,Normal
2026-03-01 10:10:37,0.04,29.09,2.55,44,44,0,75.87,2.63,0,Normal
2026-03-01 10:10:38,1.53,28.91,4.9,57,56,1,92.93,3.22,0,Normal
2026-03-01 10:10:39,0.05,55.1,4.66,60,60,0,99.86,2.87,0,Normal
2026-03-01 10:10:40,0.05,60.61,1.22,50,50,0,85.46,0.94,0,Normal
2026-03-01 10:10:41,0.59,23.16,2.59,49,49,0,81.83,3.22,0,Normal
2026-03-01 10:10:42,0.62,30.11,2.8,50,50,0,85.7,3.04,0,Normal
2026-03-01 10:10:43,0.01,32.83,3.94,45,45,0,74.43,5.19,0,Normal
2026-03-01 10:10:44,0.06,61.54,4.29,52,52,0,86.89,3.91,0,Normal
2026-03-01 10:10:45,1.04,50.43,3.85,42,42,0,71.34,3.39,0,Normal
2026-03-01 10:10:46,0.11,36.07,2.22,54,54,0,90.23,2.57,0,Normal
2026-03-01 10:10:47,0.0,22.86,2.5,50,50,0,83.43,2.31,0,Normal
2026-03-01 10:10:48,0.1,61.07,1.69,60,60,0,100.19,1.53,0,Normal
2026-03-01 10:10:49,0.47,34.96,3.42,53,53,0,90.08,3.33,0,Normal
2026-03-01 10:10:50,0.87,25.87,2.81,43,43,0,73.68,1.95,0,Normal
2026-03-01 10:10:51,0.06,22.11,4.22,52,52,0,88.1,3.22,0,Normal
2026-03-01 10:10:52,0.09,33.29,4.54,53,53,0,87.99,4.92,0,Normal
2026-03-01 10:10:53,0.2,76.63,2.86,55,55,0,94.45,3.1,0,Normal
2026-03-01 10:10:54,0.48,42.87,3.77,56,56,0,94.46,4.04,0,Normal
2026-03-01 10:10:55,0.38,34.75,3.01,44,44,0,75.5,2.29,0,Normal
2026-03-01 10:10:56,0.14,35.17,2.01,47,47,0,77.02,1.91,0,Normal
2026-03-01 10:10:57,0.02,27.5,2.32,58,58,0,99.19,3.1,0,Normal
2026-03-01 10:10:58,0.1,62.17,1.2,52,52,0,86.8,1.54,0,Normal
2026-03-01 10:10:59,0.09,37.5,2.78,44,44,0,73.26,2.91,0,Normal
2026-03-01 10:11:00,0.01,16.09,2.54,54,54,0,91.33,3.36,0,Normal
2026-03-01 10:11:01,1.29,21.82,2.03,45,44,1,70.84,2.31,0,Normal
2026-03-01 10:11:02,0.1,14.47,4.8,46,46,0,77.8,4.46,0,Normal
2026-03-01 10:11:03,0.63,26.05,4.21,45,45,0,75.18,5.14,0,Normal
2026-03-01 10:11:04,0.23,61.13,4.26,54,54,0,92.84,3.58,0,Normal
2026-03-01 10:11:05,1.26,23.11,4.53,42,41,1,69.29,5.82,0,Normal
2026-03-01 10:11:06,0.06,34.54,3.32,42,42,0,69.07,2.86,0,Normal
2026-03-01 10:11:07,0.04,17.47,3.3,42,42,0,69.36,4.08,0,Normal
2026-03-01 10:11:08,0.0,28.78,4.82,60,60,0,97.11,3.98,0,Normal
2026-03-01 10:11:09,0.44,28.74,4.48,50,50,0,87.64,5.98,0,Normal
2026-03-01 10:11:10,0.13,27.51,5.27,52,52,0,83.6,3.94,0,Normal
2026-03-01 10:11:11,0.72,53.23,3.26,53,53,0,88.23,3.83,0,Normal
2026-03-01 10:11:12,0.35,14.61,2.13,42,42,0,71.67,1.97,0,Normal
2026-03-01 10:11:13,0.3,23.14,3.69,42,42,0,72.76,2.27,0,Normal
2026-03-01 10:11:14,0.23,37.26,2.56,51,51,0,88.39,2.22,0,Normal
2026-03-01 10:11:15,0.1,73.01,4.46,60,60,0,100.65,3.4,0,Normal
2026-03-01 10:11:16,0.02,38.0,3.78,53,53,0,89.79,3.95,0,Normal
2026-03-01 10:11:17,0.21,48.45,3.4,56,56,0,93.62,2.75,0,Normal
2026-03-01 10:11:18,0.04,18.84,2.78,59,59,0,96.79,1.83,0,Normal
2026-03-01 10:11:19,0.83,22.29,5.21,60,60,0,99.23,7.1,0,Normal
2026-03-01 10:11:20,0.62,34.77,5.03,45,45,0,73.03,6.42,0,Normal
2026-03-01 10:11:21,0.34,75.56,2.58,57,57,0,96.23,1.64,0,Normal
2026-03-01 10:11:22,0.21,30.07,1.91,44,44,0,73.41,1.56,0,Normal
2026-03-01 10:11:23,0.21,28.44,3.6,60,60,0,100.52,3.98,0,Normal
2026-03-01 10:11:24,0.22,27.67,5.66,51,51,0,86.69,4.85,0,Normal
2026-03-01 10:11:25,0.48,35.64,1.88,49,49,0,82.69,1.55,0,Normal
2026-03-01 10:11:26,0.05,32.63,4.1,60,60,0,101.79,4.42,0,Normal
2026-03-01 10:11:27,0.27,21.14,2.29,48,48,0,83.36,1.73,0,Normal
2026-03-01 10:11:28,0.59,26.35,2.1,50,50,0,82.81,2.35,0,Normal
2026-03-01 10:11:29,0.25,38.46,5.05,50,50,0,81.19,3.39,0,Normal
2026-03-01 10:11:30,0.0,29.92,4.45,50,50,0,83.13,3.83,0,Normal
2026-03-01 10:11:31,0.1,18.95,3.1,43,43,0,71.93,2.15,0,Normal
2026-03-01 10:11:32,0.39,19.38,4.74,56,56,0,94.73,3.97,0,Normal
2026-03-01 10:11:33,0.95,33.34,4.52,53,52,1,88.45,5.18,0,Normal
2026-03-01 10:11:34,0.78,32.21,1.7,54,54,0,89.12,2.06,0,Normal
2026-03-01 10:11:35,0.61,22.47,3.45,48,48,0,78.82,2.47,0,Normal
2026-03-01 10:11:36,1.05,32.49,6.27,53,52,1,89.41,7.5,0,Normal
2026-03-01 10:11:37,0.11,37.6,4.11,42,42,0,71.04,2.74,0,Normal
2026-03-01 10:11:38,17.58,36.75,1.02,53,44,9,73.92,0.79,1,High Packet Loss
2026-03-01 10:11:39,7.86,37.63,2.05,55,51,4,85.68,2.05,1,High Packet Loss
2026-03-01 10:11:40,11.39,31.33,5.2,43,38,5,63.84,7.16,1,High Packet Loss
2026-03-01 10:11:41,0.13,26.93,2.58,50,50,0,83.66,3.56,0,Normal
2026-03-01 10:11:42,0.02,25.59,5.5,46,46,0,76.22,5.4,0,Normal
2026-03-01 10:11:43,0.25,27.9,8.34,42,42,0,69.75,10.37,0,Normal
2026-03-01 10:11:44,0.08,22.74,2.98,56,56,0,97.33,3.11,0,Normal
2026-03-01 10:11:45,0.46,25.84,2.51,42,42,0,73.27,3.02,0,Normal
2026-03-01 10:11:46,0.03,53.11,2.11,60,60,0,102.19,2.37,0,Normal
2026-03-01 10:11:47,1.11,18.35,4.67,53,52,1,87.26,5.41,0,Normal
2026-03-01 10:11:48,0.73,58.94,2.53,51,51,0,86.53,2.41,0,Normal
2026-03-01 10:11:49,0.72,32.98,2.77,54,54,0,88.58,3.51,0,Normal
2026-03-01 10:11:50,0.55,56.19,2.02,60,60,0,102.29,1.93,0,Normal
2026-03-01 10:11:51,0.35,16.45,2.73,54,54,0,90.36,3.18,0,Normal
2026-03-01 10:11:52,0.02,62.64,2.42,43,43,0,72.26,3.13,0,Normal
2026-03-01 10:11:53,0.38,26.78,1.36,50,50,0,84.15,1.53,0,Normal
2026-03-01 10:11:54,0.48,25.41,2.28,59,59,0,98.85,2.29,0,Normal
2026-03-01 10:11:55,0.05,32.11,4.64,57,57,0,96.97,4.75,0,Normal
2026-03-01 10:11:56,0.33,60.16,6.09,56,56,0,96.47,7.11,0,Normal
2026-03-01 10:11:57,0.23,54.66,3.16,58,58,0,98.73,2.13,0,Normal
2026-03-01 10:11:58,0.22,26.73,3.37,51,51,0,85.78,3.74,0,Normal
2026-03-01 10:11:59,0.08,28.23,3.78,49,49,0,80.72,3.4,0,Normal
2026-03-01 10:12:00,0.47,17.61,8.03,42,42,0,70.62,5.69,0,Normal
2026-03-01 10:12:01,0.91,24.86,2.11,54,54,0,90.6,2.8,0,Normal
2026-03-01 10:12:02,0.54,28.12,1.88,60,60,0,102.04,1.88,0,Normal
2026-03-01 10:12:03,0.16,52.25,3.24,52,52,0,86.39,3.13,0,Normal
2026-03-01 10:12:04,1.45,39.08,3.96,59,58,1,96.11,4.1,0,Normal
2026-03-01 10:12:05,0.16,32.84,3.27,54,54,0,91.17,3.59,0,Normal
2026-03-01 10:12:06,0.09,30.77,1.8,58,58,0,98.82,1.36,0,Normal
2026-03-01 10:12:07,1.21,35.63,4.94,49,48,1,80.87,5.44,0,Normal
2026-03-01 10:12:08,0.55,26.18,3.12,46,46,0,78.73,2.75,0,Normal
2026-03-01 10:12:09,0.5,37.32,4.26,48,48,0,78.73,4.99,0,Normal
2026-03-01 10:12:10,0.03,34.72,6.68,60,60,0,101.51,8.13,0,Normal
2026-03-01 10:12:11,0.07,25.32,1.72,53,53,0,87.12,1.04,0,Normal
2026-03-01 10:12:12,0.01,39.54,1.53,47,47,0,82.96,1.8,0,Normal
2026-03-01 10:12:13,0.52,30.68,4.28,48,48,0,82.65,3.78,0,Normal
2026-03-01 10:12:14,0.11,56.09,1.33,42,42,0,71.14,1.12,0,Normal
2026-03-01 10:12:15,0.05,29.82,2.77,48,48,0,78.23,2.49,0,Normal
2026-03-01 10:12:16,0.07,62.05,2.57,52,52,0,85.3,2.72,0,Normal
2026-03-01 10:12:17,0.36,23.39,3.9,50,50,0,86.84,2.7,0,Normal
2026-03-01 10:12:18,0.2,25.87,2.46,46,46,0,75.54,2.85,0,Normal
2026-03-01 10:12:19,0.99,24.57,4.14,59,58,1,98.19,3.96,0,Normal
2026-03-01 10:12:20,0.16,35.63,2.05,60,60,0,103.53,1.5,0,Normal
2026-03-01 10:12:21,0.63,50.49,1.9,45,45,0,75.76,1.91,0,Normal
2026-03-01 10:12:22,0.28,18.32,3.35,60,60,0,99.01,3.55,0,Normal
2026-03-01 10:12:23,0.43,29.28,3.48,60,60,0,98.14,3.05,0,Normal
2026-03-01 10:12:24,0.06,28.75,3.79,60,60,0,101.37,5.0,0,Normal
2026-03-01 10:12:25,0.48,25.19,6.46,54,54,0,89.06,7.48,0,Normal
2026-03-01 10:12:26,0.03,29.61,5.91,49,49,0,82.32,6.67,0,Normal
2026-03-01 10:12:27,0.41,27.74,4.07,54,54,0,89.12,2.61,0,Normal
2026-03-01 10:12:28,0.22,31.8,4.78,51,51,0,84.78,4.79,0,Normal
2026-03-01 10:12:29,0.09,31.45,3.74,60,60,0,99.95,4.78,0,Normal
2026-03-01 10:12:30,0.23,30.19,5.65,43,43,0,71.85,6.41,0,Normal
2026-03-01 10:12:31,0.68,20.21,3.91,48,48,0,79.53,3.07,0,Normal
2026-03-01 10:12:32,0.06,40.71,2.59,50,50,0,84.43,3.34,0,Normal
2026-03-01 10:12:33,35.2,18.66,2.37,55,36,19,60.48,2.12,1,Packet Drop Burst
2026-03-01 10:12:34,29.09,27.23,5.57,42,30,12,50.4,7.42,1,Packet Drop Burst
2026-03-01 10:12:35,27.06,21.43,3.06,42,31,11,52.08,3.09,1,Packet Drop Burst
2026-03-01 10:12:36,22.91,30.38,7.87,44,34,10,57.12,9.67,1,Packet Drop Burst
2026-03-01 10:12:37,33.96,47.28,2.02,47,31,16,52.08,2.2,1,Packet Drop Burst
2026-03-01 10:12:38,30.46,26.99,5.83,42,29,13,48.72,4.86,1,Packet Drop Burst
2026-03-01 10:12:39,28.59,37.11,2.74,42,30,12,50.4,3.08,1,Packet Drop Burst
2026-03-01 10:12:40,23.18,56.57,3.99,60,46,14,77.28,2.42,1,Packet Drop Burst
2026-03-01 10:12:41,0.81,26.04,1.85,50,50,0,83.86,2.34,0,Normal
2026-03-01 10:12:42,0.05,32.82,1.45,50,50,0,84.65,1.99,0,Normal
2026-03-01 10:12:43,0.12,37.39,6.46,52,52,0,87.79,4.95,0,Normal
2026-03-01 10:12:44,1.49,55.47,2.73,42,41,1,67.99,3.56,0,Normal
2026-03-01 10:12:45,0.92,46.35,5.17,49,49,0,82.39,3.8,0,Normal
2026-03-01 10:12:46,0.02,18.46,2.47,56,56,0,95.47,2.45,0,Normal
2026-03-01 10:12:47,0.28,29.95,5.18,42,42,0,69.27,4.32,0,Normal
2026-03-01 10:12:48,0.35,32.01,2.74,57,57,0,98.09,2.06,0,Normal
2026-03-01 10:12:49,0.02,23.38,1.93,52,52,0,85.28,2.32,0,Normal
2026-03-01 10:12:50,0.46,28.14,4.44,47,47,0,80.31,5.53,0,Normal
2026-03-01 10:12:51,1.54,27.5,5.08,50,49,1,82.4,6.45,0,Normal
2026-03-01 10:12:52,0.2,36.33,4.43,42,42,0,69.79,2.69,0,Normal
2026-03-01 10:12:53,0.21,51.48,3.11,57,57,0,93.0,3.98,0,Normal
2026-03-01 10:12:54,0.38,35.05,1.51,56,56,0,95.87,0.97,0,Normal
2026-03-01 10:12:55,0.47,27.49,2.05,45,45,0,74.2,1.97,0,Normal
2026-03-01 10:12:56,0.55,55.02,2.42,60,60,0,100.76,1.79,0,Normal
2026-03-01 10:12:57,0.03,49.39,2.96,60,60,0,101.51,3.92,0,Normal
2026-03-01 10:12:58,0.56,27.55,5.52,53,53,0,92.61,5.86,0,Normal
2026-03-01 10:12:59,0.7,40.55,3.15,50,50,0,83.47,3.07,0,Normal
2026-03-01 10:13:00,0.02,23.57,1.29,50,50,0,84.08,1.23,0,Normal
2026-03-01 10:13:01,0.01,51.42,1.03,42,42,0,71.18,0.96,0,Normal
2026-03-01 10:13:02,0.28,33.04,2.43,42,42,0,70.73,2.38,0,Normal
2026-03-01 10:13:03,0.24,26.28,2.64,60,60,0,99.66,2.77,0,Normal
2026-03-01 10:13:04,1.37,31.35,3.9,45,44,1,76.15,4.88,0,Normal
2026-03-01 10:13:05,0.12,33.67,1.73,52,52,0,86.67,1.36,0,Normal
2026-03-01 10:13:06,0.31,52.37,1.78,44,44,0,74.62,2.22,0,Normal
2026-03-01 10:13:07,0.25,30.83,4.07,60,60,0,100.47,5.15,0,Normal
2026-03-01 10:13:08,0.27,28.63,6.05,54,54,0,89.81,7.75,0,Normal
2026-03-01 10:13:09,0.38,32.79,1.37,48,48,0,82.21,1.86,0,Normal
2026-03-01 10:13:10,0.27,26.63,2.35,43,43,0,72.63,3.21,0,Normal
2026-03-01 10:13:11,0.0,26.13,5.47,52,52,0,84.08,3.76,0,Normal
2026-03-01 10:13:12,0.65,45.74,5.05,56,56,0,94.53,6.58,0,Normal
2026-03-01 10:13:13,0.08,40.11,2.19,46,46,0,76.34,2.79,0,Normal
2026-03-01 10:13:14,0.09,17.52,5.6,42,42,0,68.18,5.05,0,Normal
2026-03-01 10:13:15,0.37,22.54,3.39,53,53,0,90.47,3.91,0,Normal
2026-03-01 10:13:16,0.23,68.02,4.47,60,60,0,99.65,5.99,0,Normal
2026-03-01 10:13:17,0.3,29.65,2.42,45,45,0,75.99,1.63,0,Normal
2026-03-01 10:13:18,0.24,60.26,3.79,49,49,0,83.7,3.35,0,Normal
2026-03-01 10:13:19,0.19,32.77,1.96,54,54,0,90.36,2.71,0,Normal
2026-03-01 10:13:20,0.23,23.29,2.6,45,45,0,75.98,2.7,0,Normal
2026-03-01 10:13:21,0.05,15.38,2.9,48,48,0,79.62,1.96,0,Normal
2026-03-01 10:13:22,1.22,50.98,3.54,57,56,1,95.74,4.84,0,Normal
2026-03-01 10:13:23,0.3,67.66,9.81,44,44,0,73.65,12.96,0,Normal
2026-03-01 10:13:24,0.12,28.61,10.51,50,50,0,84.81,13.08,0,Normal
2026-03-01 10:13:25,0.44,29.98,2.79,42,42,0,72.82,3.44,0,Normal
2026-03-01 10:13:26,0.74,28.85,6.46,48,48,0,77.86,6.39,0,Normal
2026-03-01 10:13:27,0.12,17.75,2.02,57,57,0,94.73,2.62,0,Normal
2026-03-01 10:13:28,0.14,28.16,3.97,51,51,0,85.42,3.36,0,Normal
2026-03-01 10:13:29,0.2,30.67,2.44,57,57,0,95.95,2.16,0,Normal
2026-03-01 10:13:30,0.09,19.6,2.71,55,55,0,93.32,2.09,0,Normal
2026-03-01 10:13:31,0.58,18.88,10.99,45,45,0,77.43,10.14,0,Normal
2026-03-01 10:13:32,0.31,21.59,2.79,50,50,0,82.88,2.2,0,Normal
2026-03-01 10:13:33,0.02,32.48,2.48,44,44,0,73.62,2.16,0,Normal
2026-03-01 10:13:34,1.95,16.01,2.12,56,55,1,94.08,2.44,0,Normal
2026-03-01 10:13:35,0.3,65.43,2.35,53,53,0,89.55,2.22,0,Normal
2026-03-01 10:13:36,0.77,30.35,1.75,44,44,0,71.37,2.13,0,Normal
2026-03-01 10:13:37,0.24,26.45,3.67,44,44,0,71.24,3.61,0,Normal
2026-03-01 10:13:38,0.31,19.12,3.64,52,52,0,86.63,2.59,0,Normal
2026-03-01 10:13:39,0.21,55.02,3.87,51,51,0,86.51,4.61,0,Normal
2026-03-01 10:13:40,0.19,32.69,3.3,46,46,0,78.08,2.16,0,Normal
2026-03-01 10:13:41,0.09,35.54,2.57,42,42,0,69.22,3.48,0,Normal
2026-03-01 10:13:42,1.15,44.98,2.47,55,54,1,91.72,3.14,0,Normal
2026-03-01 10:13:43,0.07,34.85,3.57,57,57,0,96.14,4.89,0,Normal
2026-03-01 10:13:44,0.26,32.12,3.24,49,49,0,80.7,2.59,0,Normal
2026-03-01 10:13:45,0.03,27.96,2.49,55,55,0,91.5,2.46,0,Normal
2026-03-01 10:13:46,1.76,75.62,2.92,42,41,1,65.96,2.2,0,Normal
2026-03-01 10:13:47,0.28,24.51,6.64,46,46,0,75.49,6.23,0,Normal
2026-03-01 10:13:48,0.59,38.94,8.06,53,53,0,86.21,6.41,0,Normal
2026-03-01 10:13:49,0.29,29.07,3.01,52,52,0,85.04,3.86,0,Normal
2026-03-01 10:13:50,0.57,35.98,2.39,55,55,0,94.92,1.66,0,Normal
2026-03-01 10:13:51,0.27,67.3,3.26,51,51,0,85.08,2.54,0,Normal
2026-03-01 10:13:52,0.21,25.28,5.54,59,59,0,96.46,4.49,0,Normal
2026-03-01 10:13:53,0.21,31.5,3.26,48,48,0,81.27,3.88,0,Normal
2026-03-01 10:13:54,0.0,48.84,3.9,52,52,0,87.79,4.3,0,Normal
2026-03-01 10:13:55,0.16,24.14,2.47,60,60,0,101.09,1.75,0,Normal
2026-03-01 10:13:56,1.06,33.48,1.96,55,54,1,89.41,2.13,0,Normal
2026-03-01 10:13:57,0.39,29.14,4.68,60,60,0,101.73,5.97,0,Normal
2026-03-01 10:13:58,0.88,19.3,3.62,52,52,0,85.71,3.49,0,Normal
2026-03-01 10:13:59,0.08,19.17,4.46,46,46,0,78.47,4.86,0,Normal
2026-03-01 10:14:00,0.24,25.29,1.54,51,51,0,87.01,1.58,0,Normal
2026-03-01 10:14:01,0.01,30.08,7.57,42,42,0,70.46,6.71,0,Normal
2026-03-01 10:14:02,0.4,33.27,3.72,55,55,0,90.2,2.24,0,Normal
2026-03-01 10:14:03,0.54,18.57,1.47,60,60,0,102.0,1.1,0,Normal
2026-03-01 10:14:04,0.48,31.92,5.18,46,46,0,76.4,7.03,0,Normal
2026-03-01 10:14:05,0.03,27.29,2.81,49,49,0,82.73,2.48,0,Normal
2026-03-01 10:14:06,9.59,28.02,3.37,52,47,5,78.96,2.82,1,High Packet Loss
2026-03-01 10:14:07,12.4,31.53,2.68,55,48,7,80.64,2.92,1,High Packet Loss
2026-03-01 10:14:08,19.69,52.11,3.18,42,34,8,57.12,4.2,1,High Packet Loss
2026-03-01 10:14:09,11.67,61.32,3.25,58,51,7,85.68,2.74,1,High Packet Loss
2026-03-01 10:14:10,19.74,19.86,1.57,60,48,12,80.64,1.22,1,High Packet Loss
2026-03-01 10:14:11,0.15,51.64,4.9,53,53,0,90.54,6.48,0,Normal
2026-03-01 10:14:12,0.0,77.02,3.49,46,46,0,79.6,4.26,0,Normal
2026-03-01 10:14:13,0.3,33.31,4.06,42,42,0,67.46,4.72,0,Normal
2026-03-01 10:14:14,0.39,31.99,4.79,49,49,0,80.25,5.01,0,Normal
2026-03-01 10:14:15,0.11,58.45,3.51,51,51,0,84.52,3.3,0,Normal
2026-03-01 10:14:16,0.41,19.79,3.85,57,57,0,98.93,4.28,0,Normal
2026-03-01 10:14:17,0.1,31.54,1.71,56,56,0,93.36,1.33,0,Normal
2026-03-01 10:14:18,0.44,20.71,2.28,48,48,0,82.92,2.87,0,Normal
2026-03-01 10:14:19,0.21,32.16,3.45,59,59,0,99.45,3.22,0,Normal
2026-03-01 10:14:20,0.72,32.16,3.61,51,51,0,83.5,4.35,0,Normal
2026-03-01 10:14:21,0.28,25.19,3.98,42,42,0,71.88,4.97,0,Normal
2026-03-01 10:14:22,0.07,27.33,6.25,43,43,0,72.72,4.13,0,Normal
2026-03-01 10:14:23,0.6,29.19,3.18,53,53,0,87.75,3.63,0,Normal
2026-03-01 10:14:24,0.53,68.36,3.91,48,48,0,79.65,3.29,0,Normal
2026-03-01 10:14:25,0.03,19.71,3.41,53,53,0,87.47,3.02,0,Normal
2026-03-01 10:14:26,0.02,27.76,2.97,55,55,0,91.46,3.52,0,Normal
2026-03-01 10:14:27,0.05,28.39,3.02,51,51,0,86.67,4.12,0,Normal
2026-03-01 10:14:28,0.65,36.17,2.33,42,42,0,69.2,2.9,0,Normal
2026-03-01 10:14:29,0.14,58.28,3.15,48,48,0,80.77,2.62,0,Normal
2026-03-01 10:14:30,0.25,34.41,3.01,60,60,0,101.27,3.51,0,Normal
2026-03-01 10:14:31,0.32,21.12,3.1,42,42,0,70.48,2.67,0,Normal
2026-03-01 10:14:32,0.48,19.93,1.52,47,47,0,76.54,1.44,0,Normal
2026-03-01 10:14:33,0.62,26.19,3.18,52,52,0,88.48,2.22,0,Normal
2026-03-01 10:14:34,0.25,22.35,2.24,58,58,0,95.69,2.84,0,Normal
2026-03-01 10:14:35,0.19,19.85,3.23,43,43,0,71.38,3.61,0,Normal
2026-03-01 10:14:36,0.08,39.67,2.03,51,51,0,84.99,2.62,0,Normal
2026-03-01 10:14:37,0.33,25.29,3.4,44,44,0,73.87,2.64,0,Normal
2026-03-01 10:14:38,0.28,46.29,2.9,47,47,0,79.1,2.04,0,Normal
2026-03-01 10:14:39,0.12,22.03,2.5,49,49,0,83.35,3.14,0,Normal
2026-03-01 10:14:40,0.21,17.75,3.78,55,55,0,91.93,4.93,0,Normal
2026-03-01 10:14:41,0.47,49.3,3.93,51,51,0,83.85,2.9,0,Normal
2026-03-01 10:14:42,0.35,48.92,3.25,49,49,0,83.95,3.62,0,Normal
2026-03-01 10:14:43,0.23,28.83,4.29,43,43,0,71.64,3.14,0,Normal
2026-03-01 10:14:44,0.11,68.15,2.76,60,60,0,100.52,1.69,0,Normal
2026-03-01 10:14:45,0.39,27.77,3.97,60,60,0,99.3,4.11,0,Normal
2026-03-01 10:14:46,0.35,19.77,3.26,58,58,0,96.14,4.43,0,Normal
2026-03-01 10:14:47,0.21,27.56,2.12,47,47,0,81.12,2.27,0,Normal
2026-03-01 10:14:48,0.1,25.16,2.31,49,49,0,80.26,2.18,0,Normal
2026-03-01 10:14:49,0.07,29.38,5.61,49,49,0,80.48,4.63,0,Normal
2026-03-01 10:14:50,0.15,31.75,6.75,49,49,0,81.63,5.57,0,Normal
2026-03-01 10:14:51,0.84,29.45,4.58,60,59,1,99.6,3.71,0,Normal
2026-03-01 10:14:52,0.49,47.94,2.55,52,52,0,85.91,1.96,0,Normal
2026-03-01 10:14:53,0.78,27.35,6.31,54,54,0,88.35,4.12,0,Normal
2026-03-01 10:14:54,0.65,25.39,4.37,60,60,0,98.97,5.27,0,Normal
2026-03-01 10:14:55,0.21,30.82,3.86,43,43,0,71.62,3.29,0,Normal
2026-03-01 10:14:56,0.26,27.33,7.61,59,59,0,97.62,5.51,0,Normal
2026-03-01 10:14:57,0.07,59.33,2.25,43,43,0,75.57,2.44,0,Normal
2026-03-01 10:14:58,0.45,30.39,4.7,49,49,0,85.29,6.33,0,Normal
2026-03-01 10:14:59,0.19,21.8,2.3,44,44,0,75.67,2.65,0,Normal
2026-03-01 10:15:00,0.06,36.58,2.53,49,49,0,82.88,1.9,0,Normal
2026-03-01 10:15:01,0.04,66.28,10.71,49,49,0,82.89,9.97,0,Normal
2026-03-01 10:15:02,0.42,28.75,4.16,57,57,0,97.74,5.25,0,Normal
2026-03-01 10:15:03,0.23,27.73,7.63,55,55,0,92.6,4.89,0,Normal
2026-03-01 10:15:04,0.0,31.92,4.24,60,60,0,99.56,3.69,0,Normal
2026-03-01 10:15:05,0.61,58.54,3.98,60,60,0,103.98,3.62,0,Normal
2026-03-01 10:15:06,0.34,27.7,2.5,55,55,0,93.26,2.41,0,Normal
2026-03-01 10:15:07,0.01,68.1,5.16,43,43,0,74.42,5.4,0,Normal
2026-03-01 10:15:08,0.13,12.0,3.36,42,42,0,73.28,3.34,0,Normal
2026-03-01 10:15:09,0.45,35.46,3.44,53,53,0,86.38,2.51,0,Normal
2026-03-01 10:15:10,0.02,33.52,2.95,53,53,0,87.74,2.76,0,Normal
2026-03-01 10:15:11,0.47,16.99,3.17,51,51,0,85.38,2.84,0,Normal
2026-03-01 10:15:12,0.25,66.4,3.36,60,60,0,101.55,4.51,0,Normal
2026-03-01 10:15:13,0.53,61.85,3.51,60,60,0,102.17,4.19,0,Normal
2026-03-01 10:15:14,0.68,31.37,3.25,45,45,0,75.51,4.2,0,Normal
2026-03-01 10:15:15,0.51,18.65,1.65,54,54,0,92.66,1.92,0,Normal
2026-03-01 10:15:16,0.03,58.74,4.24,50,50,0,84.91,2.74,0,Normal
2026-03-01 10:15:17,0.22,34.04,3.14,54,54,0,91.62,3.08,0,Normal
2026-03-01 10:15:18,0.13,56.44,0.8,47,47,0,78.54,0.98,0,Normal
2026-03-01 10:15:19,0.25,57.11,1.62,42,42,0,71.03,1.74,0,Normal
2026-03-01 10:15:20,1.18,25.88,2.68,47,46,1,77.74,3.24,0,Normal
2026-03-01 10:15:21,0.05,64.01,5.9,56,56,0,95.52,8.08,0,Normal
2026-03-01 10:15:22,0.7,26.12,4.36,47,47,0,76.98,3.48,0,Normal
2026-03-01 10:15:23,1.64,24.52,2.44,56,55,1,93.45,3.38,0,Normal
2026-03-01 10:15:24,1.61,27.76,3.05,44,43,1,69.77,2.12,0,Normal
2026-03-01 10:15:25,0.56,19.95,5.46,42,42,0,69.28,7.29,0,Normal
2026-03-01 10:15:26,0.22,27.17,2.52,44,44,0,74.83,1.9,0,Normal
2026-03-01 10:15:27,0.07,43.73,2.04,49,49,0,81.06,2.39,0,Normal
2026-03-01 10:15:28,0.33,33.22,4.93,49,49,0,82.36,6.05,0,Normal
2026-03-01 10:15:29,0.33,29.49,5.49,48,48,0,79.26,6.85,0,Normal
2026-03-01 10:15:30,0.13,19.4,2.53,51,51,0,86.58,2.4,0,Normal
2026-03-01 10:15:31,0.34,36.11,4.13,42,42,0,70.63,3.04,0,Normal
2026-03-01 10:15:32,0.04,36.62,3.26,43,43,0,72.2,4.03,0,Normal
2026-03-01 10:15:33,0.35,28.68,2.55,47,47,0,80.61,2.84,0,Normal
2026-03-01 10:15:34,0.79,23.49,5.62,42,42,0,71.19,4.53,0,Normal
2026-03-01 10:15:35,0.22,24.81,2.46,54,54,0,91.46,2.25,0,Normal
2026-03-01 10:15:36,0.51,55.21,4.67,57,57,0,97.42,3.91,0,Normal
2026-03-01 10:15:37,0.35,29.67,3.42,52,52,0,89.18,4.56,0,Normal
2026-03-01 10:15:38,0.0,26.17,3.07,50,50,0,82.57,3.82,0,Normal
2026-03-01 10:15:39,0.05,63.65,2.59,49,49,0,83.43,3.38,0,Normal
2026-03-01 10:15:40,0.52,48.43,2.13,49,49,0,82.97,1.37,0,Normal
2026-03-01 10:15:41,0.01,29.54,2.97,43,43,0,74.21,3.35,0,Normal
2026-03-01 10:15:42,1.1,21.69,2.64,46,45,1,73.67,2.15,0,Normal
2026-03-01 10:15:43,0.79,67.94,3.46,57,57,0,94.72,4.15,0,Normal
2026-03-01 10:15:44,0.16,28.97,1.94,60,60,0,100.5,2.54,0,Normal
2026-03-01 10:15:45,0.13,51.27,3.1,60,60,0,102.9,3.76,0,Normal
2026-03-01 10:15:46,0.33,35.17,3.99,55,55,0,91.97,5.3,0,Normal
2026-03-01 10:15:47,0.33,28.81,2.45,44,44,0,73.86,2.25,0,Normal
2026-03-01 10:15:48,0.03,26.7,4.63,55,55,0,91.37,5.09,0,Normal
2026-03-01 10:15:49,0.08,27.5,4.87,56,56,0,95.26,4.77,0,Normal
2026-03-01 10:15:50,0.35,30.66,1.93,57,57,0,96.77,2.44,0,Normal
2026-03-01 10:15:51,0.56,27.57,2.36,42,42,0,69.74,2.48,0,Normal
2026-03-01 10:15:52,0.07,27.52,1.82,48,48,0,79.07,2.12,0,Normal
2026-03-01 10:15:53,0.42,56.23,4.02,56,56,0,95.24,4.44,0,Normal
2026-03-01 10:15:54,0.72,19.49,3.52,47,47,0,79.72,4.54,0,Normal
2026-03-01 10:15:55,0.04,20.49,1.62,45,45,0,74.6,1.65,0,Normal
2026-03-01 10:15:56,0.2,55.21,2.48,56,56,0,95.12,1.7,0,Normal
2026-03-01 10:15:57,0.67,42.5,3.81,53,53,0,90.0,5.18,0,Normal
2026-03-01 10:15:58,0.16,33.26,3.49,42,42,0,72.4,3.65,0,Normal
2026-03-01 10:15:59,0.11,39.19,5.72,54,54,0,91.99,7.02,0,Normal
2026-03-01 10:16:00,0.48,25.39,1.98,60,60,0,100.29,2.26,0,Normal
2026-03-01 10:16:01,0.18,24.18,3.31,43,43,0,71.1,3.13,0,Normal
2026-03-01 10:16:02,0.43,62.9,2.12,50,50,0,87.02,2.88,0,Normal
2026-03-01 10:16:03,0.05,33.72,3.49,60,60,0,100.03,4.14,0,Normal
2026-03-01 10:16:04,0.28,20.13,3.06,54,54,0,87.97,2.4,0,Normal
2026-03-01 10:16:05,0.17,26.72,3.75,58,58,0,95.63,5.24,0,Normal
2026-03-01 10:16:06,1.95,27.84,2.76,44,43,1,69.2,3.87,0,Normal
2026-03-01 10:16:07,0.31,71.27,4.68,47,47,0,80.79,3.89,0,Normal
2026-03-01 10:16:08,0.4,24.63,2.41,51,51,0,88.41,3.34,0,Normal
2026-03-01 10:16:09,0.05,33.06,2.1,53,53,0,89.41,2.3,0,Normal
2026-03-01 10:16:10,1.69,30.82,3.67,59,58,1,95.03,2.75,0,Normal
2026-03-01 10:16:11,0.02,32.79,7.65,59,59,0,100.92,10.57,0,Normal
2026-03-01 10:16:12,0.03,30.02,1.67,42,42,0,71.26,1.14,0,Normal
2026-03-01 10:16:13,0.03,22.76,1.98,52,52,0,89.21,2.2,0,Normal
2026-03-01 10:16:14,0.72,30.54,3.68,60,60,0,101.68,4.68,0,Normal
2026-03-01 10:16:15,0.46,61.39,5.51,50,50,0,81.92,6.97,0,Normal
2026-03-01 10:16:16,1.26,26.13,3.81,53,52,1,88.35,2.31,0,Normal
2026-03-01 10:16:17,0.02,21.78,2.53,45,45,0,73.27,2.37,0,Normal
2026-03-01 10:16:18,0.41,24.33,4.01,54,54,0,89.56,2.69,0,Normal
2026-03-01 10:16:19,0.27,28.54,4.19,57,57,0,97.31,3.38,0,Normal
2026-03-01 10:16:20,0.36,25.26,2.44,60,60,0,102.28,3.3,0,Normal
2026-03-01 10:16:21,0.25,163.21,4.81,42,42,0,69.14,29.42,1,High Latency
2026-03-01 10:16:22,0.39,367.13,3.27,50,50,0,82.29,26.82,1,High Latency
2026-03-01 10:16:23,0.83,276.39,1.51,42,42,0,70.6,25.12,1,High Latency
2026-03-01 10:16:24,0.31,220.02,3.12,52,52,0,90.36,25.8,1,High Latency
2026-03-01 10:16:25,0.79,257.81,2.57,60,60,0,101.64,26.37,1,High Latency
2026-03-01 10:16:26,0.53,264.3,5.97,49,49,0,85.85,29.99,1,High Latency
2026-03-01 10:16:27,0.7,290.39,1.83,47,47,0,78.71,25.3,1,High Latency
2026-03-01 10:16:28,0.38,233.72,2.67,48,48,0,81.96,24.92,1,High Latency
2026-03-01 10:16:29,0.26,32.27,3.73,50,50,0,83.53,3.28,0,Normal
2026-03-01 10:16:30,0.03,28.18,9.86,42,42,0,69.36,6.3,0,Normal
2026-03-01 10:16:31,0.63,37.35,8.0,57,57,0,94.33,5.76,0,Normal
2026-03-01 10:16:32,0.1,29.34,3.25,59,59,0,99.65,2.66,0,Normal
2026-03-01 10:16:33,0.01,44.73,3.89,58,58,0,99.38,4.15,0,Normal
2026-03-01 10:16:34,0.26,66.72,4.35,52,52,0,86.87,5.26,0,Normal
2026-03-01 10:16:35,0.35,32.84,2.11,42,42,0,72.69,1.45,0,Normal
2026-03-01 10:16:36,0.38,20.21,3.34,42,42,0,73.31,2.15,0,Normal
2026-03-01 10:16:37,0.39,25.55,6.11,50,50,0,85.3,7.99,0,Normal
2026-03-01 10:16:38,0.37,38.04,3.54,57,57,0,96.25,2.49,0,Normal
2026-03-01 10:16:39,0.58,31.67,7.98,52,52,0,86.35,7.65,0,Normal
2026-03-01 10:16:40,0.51,30.34,2.72,49,49,0,84.27,1.88,0,Normal
2026-03-01 10:16:41,0.59,33.67,3.19,58,58,0,95.73,3.28,0,Normal
2026-03-01 10:16:42,0.22,60.53,3.2,59,59,0,100.03,2.19,0,Normal
2026-03-01 10:16:43,0.02,37.49,1.85,42,42,0,68.63,2.24,0,Normal
2026-03-01 10:16:44,0.36,64.4,5.46,52,52,0,85.77,3.65,0,Normal
2026-03-01 10:16:45,0.08,63.82,2.86,55,55,0,92.31,2.7,0,Normal
2026-03-01 10:16:46,0.69,22.47,3.73,46,46,0,78.34,3.49,0,Normal
2026-03-01 10:16:47,0.45,27.8,2.54,55,55,0,93.91,3.39,0,Normal
2026-03-01 10:16:48,0.51,27.21,7.22,58,58,0,97.45,6.81,0,Normal
2026-03-01 10:16:49,0.12,17.47,5.78,52,52,0,86.73,3.8,0,Normal
2026-03-01 10:16:50,0.35,24.08,3.41,59,59,0,97.93,3.53,0,Normal
2026-03-01 10:16:51,0.26,36.63,1.91,43,43,0,73.29,2.26,0,Normal
2026-03-01 10:16:52,0.11,29.47,4.64,49,49,0,83.31,4.04,0,Normal
2026-03-01 10:16:53,0.59,32.29,5.41,60,60,0,101.07,5.87,0,Normal
2026-03-01 10:16:54,0.28,62.78,2.19,42,42,0,71.01,1.53,0,Normal
2026-03-01 10:16:55,0.07,16.68,3.11,52,52,0,89.76,2.93,0,Normal
2026-03-01 10:16:56,0.13,27.23,3.44,46,46,0,78.8,2.52,0,Normal
2026-03-01 10:16:57,0.09,34.25,5.41,47,47,0,76.84,4.43,0,Normal
2026-03-01 10:16:58,0.13,64.65,3.1,42,42,0,71.89,3.45,0,Normal
2026-03-01 10:16:59,0.07,32.48,5.12,44,44,0,75.99,6.16,0,Normal
2026-03-01 10:17:00,0.16,41.84,2.34,59,59,0,97.89,1.99,0,Normal
2026-03-01 10:17:01,0.41,60.37,2.06,48,48,0,82.06,2.87,0,Normal
2026-03-01 10:17:02,1.12,55.94,7.57,51,50,1,88.51,6.27,0,Normal
2026-03-01 10:17:03,0.08,26.13,1.84,46,46,0,78.0,1.32,0,Normal
2026-03-01 10:17:04,0.12,42.83,2.37,50,50,0,83.65,3.06,0,Normal
2026-03-01 10:17:05,0.0,25.04,4.73,60,60,0,100.65,5.29,0,Normal
2026-03-01 10:17:06,0.09,24.53,2.61,42,42,0,70.76,2.99,0,Normal
2026-03-01 10:17:07,0.19,29.23,2.58,53,53,0,86.67,3.19,0,Normal
2026-03-01 10:17:08,0.22,23.47,3.04,48,48,0,78.2,4.25,0,Normal
2026-03-01 10:17:09,0.11,19.35,1.26,44,44,0,74.33,1.04,0,Normal
2026-03-01 10:17:10,0.06,21.41,5.5,55,55,0,92.33,5.71,0,Normal
2026-03-01 10:17:11,0.29,32.55,3.59,60,60,0,101.79,4.18,0,Normal
2026-03-01 10:17:12,0.18,26.17,2.3,49,49,0,81.9,1.65,0,Normal
2026-03-01 10:17:13,0.19,59.23,1.53,54,54,0,90.84,1.3,0,Normal
2026-03-01 10:17:14,0.79,25.35,1.8,60,60,0,102.23,1.52,0,Normal
2026-03-01 10:17:15,0.29,32.26,1.62,46,46,0,73.87,1.4,0,Normal
2026-03-01 10:17:16,0.17,31.07,3.68,42,42,0,69.19,4.32,0,Normal
2026-03-01 10:17:17,0.1,46.83,3.69,59,59,0,98.33,3.97,0,Normal
2026-03-01 10:17:18,0.2,45.05,4.37,53,53,0,88.8,5.13,0,Normal
2026-03-01 10:17:19,0.69,17.61,4.62,58,58,0,95.31,4.66,0,Normal
2026-03-01 10:17:20,1.17,31.32,4.4,59,58,1,96.08,6.01,0,Normal
2026-03-01 10:17:21,0.17,35.19,6.63,60,60,0,101.85,6.74,0,Normal
2026-03-01 10:17:22,0.08,18.46,5.69,45,45,0,76.3,6.16,0,Normal
2026-03-01 10:17:23,0.86,61.46,5.11,51,51,0,81.49,4.29,0,Normal
2026-03-01 10:17:24,0.05,24.0,3.69,52,52,0,87.02,2.39,0,Normal
2026-03-01 10:17:25,0.12,31.31,4.59,53,53,0,88.83,5.75,0,Normal
2026-03-01 10:17:26,0.08,26.03,2.76,54,54,0,89.35,3.55,0,Normal
2026-03-01 10:17:27,0.29,55.86,3.01,50,50,0,83.79,3.85,0,Normal
2026-03-01 10:17:28,0.18,25.69,7.2,60,60,0,101.39,8.94,0,Normal
2026-03-01 10:17:29,0.12,61.86,2.58,48,48,0,81.71,2.11,0,Normal
2026-03-01 10:17:30,0.51,25.19,2.5,54,54,0,90.87,2.65,0,Normal
2026-03-01 10:17:31,0.38,25.85,2.82,60,60,0,101.77,3.53,0,Normal
2026-03-01 10:17:32,1.89,31.16,2.59,49,48,1,80.66,2.85,0,Normal
2026-03-01 10:17:33,0.13,25.76,2.69,42,42,0,67.13,3.68,0,Normal
2026-03-01 10:17:34,0.65,51.86,3.7,58,58,0,97.24,4.23,0,Normal
2026-03-01 10:17:35,0.13,67.92,3.76,45,45,0,73.76,3.94,0,Normal
2026-03-01 10:17:36,0.0,26.23,5.0,48,48,0,80.81,6.99,0,Normal
2026-03-01 10:17:37,0.06,23.29,8.89,52,52,0,87.03,9.13,0,Normal
2026-03-01 10:17:38,0.25,22.92,2.81,60,60,0,100.46,3.86,0,Normal
2026-03-01 10:17:39,0.58,35.65,3.22,51,51,0,84.42,1.97,0,Normal
2026-03-01 10:17:40,0.02,23.71,1.45,60,60,0,100.2,1.51,0,Normal
2026-03-01 10:17:41,0.62,25.91,1.86,47,47,0,79.42,1.54,0,Normal
2026-03-01 10:17:42,0.44,65.42,3.11,48,48,0,79.27,2.85,0,Normal
2026-03-01 10:17:43,0.01,67.45,4.09,53,53,0,88.11,2.74,0,Normal
2026-03-01 10:17:44,0.04,37.85,4.14,52,52,0,84.73,3.36,0,Normal
2026-03-01 10:17:45,0.03,56.51,4.38,42,42,0,70.98,4.63,0,Normal
2026-03-01 10:17:46,0.4,24.4,5.85,56,56,0,92.17,6.88,0,Normal
2026-03-01 10:17:47,0.29,40.34,7.15,42,42,0,70.6,9.5,0,Normal
2026-03-01 10:17:48,0.16,31.49,2.98,42,42,0,71.62,2.34,0,Normal
2026-03-01 10:17:49,0.03,27.07,2.31,50,50,0,85.91,2.86,0,Normal
2026-03-01 10:17:50,0.17,54.88,4.46,45,45,0,75.12,2.76,0,Normal
2026-03-01 10:17:51,0.4,67.27,5.05,47,47,0,79.9,6.65,0,Normal
2026-03-01 10:17:52,0.03,26.58,3.53,46,46,0,77.27,3.8,0,Normal
2026-03-01 10:17:53,0.68,19.74,3.06,48,48,0,77.83,3.91,0,Normal
2026-03-01 10:17:54,0.02,37.76,2.65,42,42,0,68.33,2.13,0,Normal
2026-03-01 10:17:55,0.33,27.87,3.26,47,47,0,80.23,2.93,0,Normal
2026-03-01 10:17:56,0.07,54.8,4.53,55,55,0,94.14,3.07,0,Normal
2026-03-01 10:17:57,0.03,56.54,2.46,60,60,0,97.62,1.63,0,Normal
2026-03-01 10:17:58,0.15,23.9,2.32,49,49,0,82.82,2.92,0,Normal
2026-03-01 10:17:59,0.38,57.63,4.35,60,60,0,101.2,3.64,0,Normal
2026-03-01 10:18:00,0.05,23.25,2.27,42,42,0,69.36,2.0,0,Normal
2026-03-01 10:18:01,0.23,29.93,3.55,49,49,0,81.13,3.64,0,Normal
2026-03-01 10:18:02,0.18,29.21,3.47,54,54,0,89.14,3.94,0,Normal
2026-03-01 10:18:03,0.2,54.46,3.32,45,45,0,72.72,2.12,0,Normal
2026-03-01 10:18:04,1.01,35.25,2.49,56,55,1,90.82,2.63,0,Normal
2026-03-01 10:18:05,0.15,49.83,7.24,55,55,0,93.44,7.88,0,Normal
2026-03-01 10:18:06,1.67,36.5,3.97,56,55,1,91.87,5.09,0,Normal
2026-03-01 10:18:07,0.27,36.92,2.63,45,45,0,76.7,1.91,0,Normal
2026-03-01 10:18:08,0.65,26.5,3.85,53,53,0,86.04,3.7,0,Normal
2026-03-01 10:18:09,0.15,56.65,7.57,51,51,0,86.34,7.42,0,Normal
2026-03-01 10:18:10,0.03,25.03,3.46,60,60,0,101.97,4.42,0,Normal
2026-03-01 10:18:11,0.03,53.2,6.62,56,56,0,90.16,5.89,0,Normal
2026-03-01 10:18:12,0.3,20.78,1.98,55,55,0,91.61,1.32,0,Normal
2026-03-01 10:18:13,0.93,32.67,2.26,47,47,0,79.48,2.45,0,Normal
2026-03-01 10:18:14,0.03,54.51,1.27,58,58,0,99.39,1.43,0,Normal
2026-03-01 10:18:15,0.41,23.82,8.08,49,49,0,80.25,8.61,0,Normal
2026-03-01 10:18:16,0.29,52.8,1.54,56,56,0,96.16,1.53,0,Normal
2026-03-01 10:18:17,0.37,35.8,3.59,46,46,0,77.94,2.77,0,Normal
2026-03-01 10:18:18,0.08,24.73,7.26,51,51,0,84.18,7.48,0,Normal
2026-03-01 10:18:19,0.03,68.69,5.14,46,46,0,78.77,3.23,0,Normal
2026-03-01 10:18:20,0.03,68.04,3.93,44,44,0,77.37,4.14,0,Normal
2026-03-01 10:18:21,0.1,33.67,5.91,49,49,0,81.82,5.86,0,Normal
2026-03-01 10:18:22,17.32,30.25,2.46,47,39,8,65.52,3.35,1,High Packet Loss
2026-03-01 10:18:23,14.1,32.98,4.19,58,50,8,84.0,3.59,1,High Packet Loss
2026-03-01 10:18:24,12.66,24.7,3.16,60,52,8,87.36,1.95,1,High Packet Loss
2026-03-01 10:18:25,0.27,21.92,3.13,53,53,0,87.95,3.78,0,Normal
2026-03-01 10:18:26,1.05,30.2,3.62,44,44,0,72.47,2.66,0,Normal
2026-03-01 10:18:27,0.89,51.02,5.63,58,57,1,94.82,5.83,0,Normal
2026-03-01 10:18:28,0.11,64.28,6.72,46,46,0,76.36,5.19,0,Normal
2026-03-01 10:18:29,0.02,29.9,2.94,42,42,0,69.69,3.04,0,Normal
2026-03-01 10:18:30,1.9,50.02,2.03,50,49,1,81.14,2.17,0,Normal
2026-03-01 10:18:31,0.23,32.72,2.3,58,58,0,96.37,2.59,0,Normal
2026-03-01 10:18:32,1.34,23.91,7.98,60,59,1,99.33,7.17,0,Normal
2026-03-01 10:18:33,0.27,56.2,6.46,60,60,0,102.82,4.19,0,Normal
2026-03-01 10:18:34,0.76,64.95,2.03,53,53,0,87.55,2.19,0,Normal
2026-03-01 10:18:35,0.21,18.5,7.01,57,57,0,93.81,9.06,0,Normal
2026-03-01 10:18:36,0.34,73.19,2.41,42,42,0,71.05,2.46,0,Normal
2026-03-01 10:18:37,0.27,31.87,4.48,45,45,0,76.4,3.58,0,Normal
2026-03-01 10:18:38,0.09,71.66,2.41,52,52,0,89.67,2.24,0,Normal
2026-03-01 10:18:39,0.51,26.86,8.79,43,43,0,74.35,9.07,0,Normal
2026-03-01 10:18:40,0.02,69.2,2.57,42,42,0,68.18,1.72,0,Normal
2026-03-01 10:18:41,0.16,22.75,2.07,58,58,0,94.44,2.18,0,Normal
2026-03-01 10:18:42,0.71,28.76,2.7,50,50,0,84.85,1.86,0,Normal
2026-03-01 10:18:43,0.24,21.1,10.83,44,44,0,74.73,8.04,0,Normal
2026-03-01 10:18:44,0.03,23.5,3.73,52,52,0,89.58,3.41,0,Normal
2026-03-01 10:18:45,0.08,32.58,2.09,56,56,0,94.67,2.59,0,Normal
2026-03-01 10:18:46,0.04,48.8,2.33,42,42,0,69.72,2.93,0,Normal
2026-03-01 10:18:47,0.11,54.37,1.51,53,53,0,90.6,1.25,0,Normal
2026-03-01 10:18:48,0.06,27.08,4.23,58,58,0,95.87,4.36,0,Normal
2026-03-01 10:18:49,0.44,63.33,1.89,49,49,0,85.33,1.28,0,Normal
2026-03-01 10:18:50,0.38,35.01,5.46,48,48,0,81.05,7.63,0,Normal
2026-03-01 10:18:51,0.05,20.11,4.74,42,42,0,69.45,5.32,0,Normal
2026-03-01 10:18:52,0.21,75.27,3.17,48,48,0,79.31,2.47,0,Normal
2026-03-01 10:18:53,0.12,26.8,5.79,45,45,0,75.89,7.64,0,Normal
2026-03-01 10:18:54,0.14,53.34,5.04,57,57,0,95.64,4.43,0,Normal
2026-03-01 10:18:55,0.3,46.09,3.56,42,42,0,70.35,2.92,0,Normal
2026-03-01 10:18:56,0.8,22.44,2.35,43,43,0,70.27,1.97,0,Normal
2026-03-01 10:18:57,0.8,28.98,4.0,51,51,0,85.44,3.95,0,Normal
2026-03-01 10:18:58,0.19,26.72,3.99,49,49,0,83.56,2.5,0,Normal
2026-03-01 10:18:59,0.17,73.31,4.14,44,44,0,72.79,4.64,0,Normal
2026-03-01 10:19:00,0.26,29.3,3.44,42,42,0,70.94,4.67,0,Normal
2026-03-01 10:19:01,0.22,20.78,3.85,43,43,0,73.92,4.82,0,Normal
2026-03-01 10:19:02,0.02,17.67,3.8,49,49,0,83.27,4.75,0,Normal
2026-03-01 10:19:03,0.3,40.83,6.13,47,47,0,77.14,7.47,0,Normal
2026-03-01 10:19:04,0.31,47.35,1.87,51,51,0,86.16,1.66,0,Normal
2026-03-01 10:19:05,0.21,29.05,2.12,60,60,0,103.0,1.59,0,Normal
2026-03-01 10:19:06,0.19,51.06,3.43,45,45,0,76.35,2.92,0,Normal
2026-03-01 10:19:07,0.98,33.39,2.36,52,51,1,87.45,1.74,0,Normal
2026-03-01 10:19:08,0.32,24.8,3.65,54,54,0,92.19,4.68,0,Normal
2026-03-01 10:19:09,19.71,12.0,2.01,60,48,12,80.64,1.88,1,Packet Drop Burst
2026-03-01 10:19:10,23.49,62.09,2.16,42,32,10,53.76,2.7,1,Packet Drop Burst
2026-03-01 10:19:11,24.92,26.31,8.39,51,38,13,63.84,6.98,1,Packet Drop Burst
2026-03-01 10:19:12,1.0,26.98,2.99,42,42,0,70.14,2.14,0,Normal
2026-03-01 10:19:13,0.5,26.81,1.96,45,45,0,77.54,2.54,0,Normal
2026-03-01 10:19:14,0.07,24.13,3.15,57,57,0,95.57,3.91,0,Normal
2026-03-01 10:19:15,0.09,23.55,5.29,45,45,0,75.47,5.53,0,Normal
2026-03-01 10:19:16,0.08,26.21,5.71,60,60,0,99.46,3.99,0,Normal
2026-03-01 10:19:17,0.14,18.13,1.72,60,60,0,99.25,1.5,0,Normal
2026-03-01 10:19:18,0.15,16.25,2.35,60,60,0,101.02,1.52,0,Normal
2026-03-01 10:19:19,0.58,67.67,3.67,49,49,0,81.94,4.84,0,Normal
2026-03-01 10:19:20,0.16,28.69,3.27,52,52,0,85.13,2.59,0,Normal
2026-03-01 10:19:21,0.45,33.28,1.62,51,51,0,86.21,1.65,0,Normal
2026-03-01 10:19:22,0.82,26.47,1.74,42,42,0,71.33,2.35,0,Normal
2026-03-01 10:19:23,0.04,20.84,2.05,49,49,0,82.77,2.26,0,Normal
2026-03-01 10:19:24,0.0,16.36,1.5,53,53,0,89.48,1.64,0,Normal
2026-03-01 10:19:25,0.77,22.66,2.7,49,49,0,82.93,3.42,0,Normal
2026-03-01 10:19:26,0.1,30.54,5.68,51,51,0,85.93,6.56,0,Normal
2026-03-01 10:19:27,0.06,36.65,2.46,60,60,0,101.32,2.43,0,Normal
2026-03-01 10:19:28,0.12,28.32,5.4,54,54,0,91.48,3.77,0,Normal
2026-03-01 10:19:29,0.07,46.16,3.36,42,42,0,69.68,3.36,0,Normal
2026-03-01 10:19:30,0.55,66.42,3.06,49,49,0,80.42,2.28,0,Normal
2026-03-01 10:19:31,0.35,40.98,1.57,60,60,0,101.28,1.56,0,Normal
2026-03-01 10:19:32,0.06,25.56,5.62,52,52,0,87.59,3.47,0,Normal
2026-03-01 10:19:33,0.31,34.73,3.5,47,47,0,79.64,3.09,0,Normal
2026-03-01 10:19:34,0.08,73.87,1.62,52,52,0,89.07,1.04,0,Normal
2026-03-01 10:19:35,0.08,26.97,3.94,44,44,0,73.87,2.82,0,Normal
2026-03-01 10:19:36,0.32,29.1,2.55,60,60,0,100.6,2.95,0,Normal
2026-03-01 10:19:37,0.38,23.21,3.41,49,49,0,83.02,4.71,0,Normal
2026-03-01 10:19:38,0.15,17.74,3.7,58,58,0,95.91,3.89,0,Normal
2026-03-01 10:19:39,0.5,65.88,5.74,58,58,0,97.5,4.22,0,Normal
2026-03-01 10:19:40,0.64,62.94,2.0,60,60,0,100.65,1.8,0,Normal
2026-03-01 10:19:41,0.87,69.78,4.29,42,42,0,71.87,3.38,0,Normal
2026-03-01 10:19:42,0.34,59.5,6.04,46,46,0,76.59,3.85,0,Normal
2026-03-01 10:19:43,0.09,28.1,10.32,59,59,0,99.26,13.73,0,Normal
2026-03-01 10:19:44,0.48,58.34,5.32,48,48,0,80.41,5.5,0,Normal
2026-03-01 10:19:45,0.04,32.1,3.91,47,47,0,75.23,2.81,0,Normal
2026-03-01 10:19:46,0.07,32.64,3.76,47,47,0,78.17,4.5,0,Normal
2026-03-01 10:19:47,0.63,20.0,6.68,60,60,0,100.79,4.92,0,Normal
2026-03-01 10:19:48,0.85,57.71,2.92,48,48,0,79.3,2.23,0,Normal
2026-03-01 10:19:49,0.02,53.45,4.75,45,45,0,75.42,5.14,0,Normal
2026-03-01 10:19:50,0.13,23.1,8.91,57,57,0,97.77,8.39,0,Normal
2026-03-01 10:19:51,0.35,29.69,3.16,42,42,0,72.0,4.16,0,Normal
2026-03-01 10:19:52,0.98,36.55,1.34,55,54,1,87.92,1.45,0,Normal
2026-03-01 10:19:53,0.3,13.65,2.25,56,56,0,95.22,1.68,0,Normal
2026-03-01 10:19:54,0.6,25.95,3.79,56,56,0,94.92,3.71,0,Normal
2026-03-01 10:19:55,0.9,53.74,2.28,44,44,0,73.78,2.69,0,Normal
2026-03-01 10:19:56,0.26,17.25,2.84,47,47,0,75.44,3.07,0,Normal
2026-03-01 10:19:57,0.47,24.82,2.91,60,60,0,101.97,2.49,0,Normal
2026-03-01 10:19:58,0.38,50.14,4.27,57,57,0,95.12,3.89,0,Normal
2026-03-01 10:19:59,0.39,23.77,2.17,60,60,0,101.12,2.46,0,Normal
2026-03-01 10:20:00,0.25,19.09,2.55,55,55,0,90.95,2.59,0,Normal
2026-03-01 10:20:01,0.34,58.38,6.25,44,44,0,72.81,4.12,0,Normal
2026-03-01 10:20:02,0.28,71.93,2.67,48,48,0,82.04,2.78,0,Normal
2026-03-01 10:20:03,0.36,27.59,4.6,52,52,0,89.79,4.44,0,Normal
2026-03-01 10:20:04,0.25,27.41,3.34,45,45,0,74.96,4.18,0,Normal
2026-03-01 10:20:05,0.09,34.17,3.29,53,53,0,91.31,2.27,0,Normal
2026-03-01 10:20:06,0.41,29.77,4.63,56,56,0,93.44,2.78,0,Normal
2026-03-01 10:20:07,0.17,31.87,1.44,56,56,0,93.42,1.8,0,Normal
2026-03-01 10:20:08,0.05,23.84,4.05,46,46,0,75.15,3.12,0,Normal
2026-03-01 10:20:09,0.67,60.55,4.26,42,42,0,71.31,2.66,0,Normal
2026-03-01 10:20:10,0.07,31.73,4.86,60,60,0,100.51,3.78,0,Normal
2026-03-01 10:20:11,0.27,34.61,2.8,58,58,0,97.23,3.67,0,Normal
2026-03-01 10:20:12,0.45,26.65,3.32,43,43,0,71.67,2.45,0,Normal
2026-03-01 10:20:13,0.37,33.33,1.1,50,50,0,82.51,0.94,0,Normal
2026-03-01 10:20:14,0.06,25.99,2.46,42,42,0,71.5,2.67,0,Normal
2026-03-01 10:20:15,0.08,54.78,3.59,42,42,0,70.47,2.67,0,Normal
2026-03-01 10:20:16,0.06,38.51,6.44,48,48,0,81.85,7.18,0,Normal
2026-03-01 10:20:17,0.03,26.25,7.62,60,60,0,99.38,8.88,0,Normal
2026-03-01 10:20:18,0.12,25.9,2.85,56,56,0,94.44,2.23,0,Normal
2026-03-01 10:20:19,0.26,16.78,4.92,54,54,0,93.93,3.33,0,Normal
2026-03-01 10:20:20,0.07,32.14,3.11,60,60,0,99.73,2.86,0,Normal
2026-03-01 10:20:21,1.24,23.74,1.6,58,57,1,95.03,1.86,0,Normal
2026-03-01 10:20:22,0.42,28.88,4.36,42,42,0,69.82,5.45,0,Normal
2026-03-01 10:20:23,0.31,26.11,7.57,43,43,0,70.68,4.76,0,Normal
2026-03-01 10:20:24,0.4,58.21,2.8,57,57,0,98.25,2.88,0,Normal
2026-03-01 10:20:25,0.2,27.29,2.21,50,50,0,80.54,1.78,0,Normal
2026-03-01 10:20:26,0.22,27.75,3.42,60,60,0,98.97,3.19,0,Normal
2026-03-01 10:20:27,18.15,35.06,3.14,46,38,8,63.84,3.21,1,Packet Drop Burst
2026-03-01 10:20:28,37.2,37.12,10.75,44,28,16,47.04,12.77,1,Packet Drop Burst
2026-03-01 10:20:29,37.24,31.9,5.22,50,31,19,52.08,3.3,1,Packet Drop Burst
2026-03-01 10:20:30,1.05,35.63,3.52,60,59,1,99.08,2.59,0,Normal
2026-03-01 10:20:31,0.38,33.12,0.9,42,42,0,71.31,0.99,0,Normal
2026-03-01 10:20:32,0.18,75.31,3.11,48,48,0,80.76,2.97,0,Normal
2026-03-01 10:20:33,0.02,36.73,7.64,60,60,0,100.22,5.87,0,Normal
2026-03-01 10:20:34,0.17,69.31,3.44,44,44,0,74.11,2.24,0,Normal
2026-03-01 10:20:35,0.91,67.25,4.81,53,53,0,88.77,6.4,0,Normal
2026-03-01 10:20:36,0.02,23.07,3.96,54,54,0,93.26,3.53,0,Normal
2026-03-01 10:20:37,0.07,26.19,2.67,42,42,0,69.7,2.48,0,Normal
2026-03-01 10:20:38,0.58,32.12,7.11,42,42,0,71.39,4.54,0,Normal
2026-03-01 10:20:39,0.16,21.31,3.61,54,54,0,92.09,4.3,0,Normal
2026-03-01 10:20:40,0.07,31.02,2.42,52,52,0,85.38,3.37,0,Normal
2026-03-01 10:20:41,0.59,24.48,3.35,46,46,0,75.61,4.64,0,Normal
2026-03-01 10:20:42,0.29,64.09,6.31,52,52,0,90.26,5.36,0,Normal
2026-03-01 10:20:43,0.28,29.2,1.71,51,51,0,84.66,2.34,0,Normal
2026-03-01 10:20:44,0.12,38.09,3.75,42,42,0,70.58,3.47,0,Normal
2026-03-01 10:20:45,0.39,23.73,3.43,47,47,0,78.7,3.12,0,Normal
2026-03-01 10:20:46,0.69,27.52,1.66,56,56,0,94.02,2.1,0,Normal
2026-03-01 10:20:47,0.49,44.16,4.69,60,60,0,100.24,5.78,0,Normal
2026-03-01 10:20:48,0.33,23.67,3.73,48,48,0,80.82,3.65,0,Normal
2026-03-01 10:20:49,0.15,21.48,4.93,51,51,0,84.46,4.72,0,Normal
2026-03-01 10:20:50,0.68,63.01,5.54,42,42,0,70.22,7.62,0,Normal
2026-03-01 10:20:51,0.29,55.28,3.24,46,46,0,74.32,3.0,0,Normal
2026-03-01 10:20:52,0.77,60.74,2.59,54,54,0,90.55,3.33,0,Normal
2026-03-01 10:20:53,0.1,47.92,1.75,51,51,0,86.18,2.09,0,Normal
2026-03-01 10:20:54,0.37,31.05,2.48,60,60,0,102.24,1.7,0,Normal
2026-03-01 10:20:55,0.96,28.68,3.34,47,47,0,80.68,2.43,0,Normal
2026-03-01 10:20:56,0.16,27.65,2.15,59,59,0,98.55,1.36,0,Normal
2026-03-01 10:20:57,1.06,20.55,4.32,55,54,1,91.98,2.71,0,Normal
2026-03-01 10:20:58,0.17,28.92,2.21,47,47,0,77.23,2.4,0,Normal
2026-03-01 10:20:59,0.2,63.8,1.5,54,54,0,89.94,0.99,0,Normal
2026-03-01 10:21:00,0.57,28.61,2.56,54,54,0,93.15,1.81,0,Normal
2026-03-01 10:21:01,0.11,63.47,3.61,44,44,0,74.19,2.87,0,Normal
2026-03-01 10:21:02,0.43,32.17,1.88,51,51,0,86.03,1.96,0,Normal
2026-03-01 10:21:03,0.12,21.41,2.23,42,42,0,70.29,1.74,0,Normal
2026-03-01 10:21:04,0.32,26.7,2.5,51,51,0,88.48,2.29,0,Normal
2026-03-01 10:21:05,0.52,31.09,2.65,60,60,0,101.6,2.34,0,Normal
2026-03-01 10:21:06,0.01,26.39,3.8,60,60,0,103.03,3.48,0,Normal
2026-03-01 10:21:07,0.03,33.76,4.42,48,48,0,79.75,5.94,0,Normal
2026-03-01 10:21:08,0.95,28.54,2.68,60,59,1,97.66,3.69,0,Normal
2026-03-01 10:21:09,0.59,70.4,2.08,52,52,0,86.21,1.37,0,Normal
2026-03-01 10:21:10,0.73,33.04,3.53,58,58,0,98.38,2.43,0,Normal
2026-03-01 10:21:11,0.2,27.3,4.19,57,57,0,98.23,2.7,0,Normal
2026-03-01 10:21:12,0.44,17.38,6.86,49,49,0,83.44,6.25,0,Normal
2026-03-01 10:21:13,1.95,26.49,5.56,50,49,1,83.64,7.12,0,Normal
2026-03-01 10:21:14,0.2,78.0,1.88,51,51,0,85.94,2.34,0,Normal
2026-03-01 10:21:15,0.66,78.0,3.12,42,42,0,68.65,2.75,0,Normal
2026-03-01 10:21:16,0.03,69.14,4.08,57,57,0,98.79,4.89,0,Normal
2026-03-01 10:21:17,0.27,22.46,2.26,52,52,0,88.36,3.13,0,Normal
2026-03-01 10:21:18,0.14,32.87,2.84,48,48,0,81.43,2.14,0,Normal
2026-03-01 10:21:19,0.26,44.01,4.5,59,59,0,100.43,6.17,0,Normal
2026-03-01 10:21:20,0.04,69.17,3.72,57,57,0,93.19,4.52,0,Normal
2026-03-01 10:21:21,0.16,37.55,3.32,42,42,0,69.81,2.3,0,Normal
2026-03-01 10:21:22,0.03,55.45,2.47,45,45,0,76.53,3.06,0,Normal
2026-03-01 10:21:23,0.21,22.86,1.73,42,42,0,70.34,1.18,0,Normal
2026-03-01 10:21:24,0.2,32.48,2.88,56,56,0,93.97,1.8,0,Normal
2026-03-01 10:21:25,0.14,46.17,3.19,53,53,0,90.96,3.86,0,Normal
2026-03-01 10:21:26,1.04,59.36,1.71,54,53,1,89.22,2.26,0,Normal
2026-03-01 10:21:27,0.03,61.08,3.39,42,42,0,74.13,3.12,0,Normal
2026-03-01 10:21:28,0.61,34.21,3.96,60,60,0,100.74,2.45,0,Normal
2026-03-01 10:21:29,0.15,29.4,2.43,53,53,0,90.25,2.62,0,Normal
2026-03-01 10:21:30,0.08,31.21,3.98,48,48,0,81.37,3.13,0,Normal
2026-03-01 10:21:31,0.11,24.85,3.76,56,56,0,93.22,3.89,0,Normal
2026-03-01 10:21:32,0.81,20.61,2.89,49,49,0,80.77,2.47,0,Normal
2026-03-01 10:21:33,0.61,70.16,2.75,46,46,0,77.34,3.02,0,Normal
2026-03-01 10:21:34,0.01,32.66,2.86,59,59,0,102.0,2.31,0,Normal
2026-03-01 10:21:35,0.06,32.65,2.26,50,50,0,83.41,1.62,0,Normal
2026-03-01 10:21:36,0.39,25.42,3.88,43,43,0,73.02,4.66,0,Normal
2026-03-01 10:21:37,0.13,22.84,2.27,48,48,0,80.25,2.34,0,Normal
2026-03-01 10:21:38,0.88,21.66,2.34,47,47,0,79.29,1.99,0,Normal
2026-03-01 10:21:39,0.54,51.88,4.15,47,47,0,80.67,4.58,0,Normal
2026-03-01 10:21:40,0.73,28.82,2.98,60,60,0,100.97,2.47,0,Normal
2026-03-01 10:21:41,0.07,36.84,3.41,46,46,0,76.36,3.05,0,Normal
2026-03-01 10:21:42,0.06,58.03,1.54,60,60,0,103.21,1.38,0,Normal
2026-03-01 10:21:43,0.94,31.68,2.62,51,51,0,84.77,2.05,0,Normal
2026-03-01 10:21:44,0.18,23.32,7.07,42,42,0,71.58,6.74,0,Normal
2026-03-01 10:21:45,0.19,28.25,1.49,42,42,0,68.32,1.87,0,Normal
2026-03-01 10:21:46,0.4,28.84,7.3,56,56,0,96.01,10.05,0,Normal
2026-03-01 10:21:47,0.18,27.16,3.73,47,47,0,82.87,2.9,0,Normal
2026-03-01 10:21:48,0.73,27.87,2.61,46,46,0,77.24,3.53,0,Normal
2026-03-01 10:21:49,1.12,55.74,3.03,52,51,1,84.14,2.49,0,Normal
2026-03-01 10:21:50,0.14,201.11,5.78,50,50,0,85.15,33.88,1,High Latency
2026-03-01 10:21:51,0.08,256.33,1.19,49,49,0,82.46,29.05,1,High Latency
2026-03-01 10:21:52,0.03,408.73,6.28,45,45,0,78.81,35.06,1,High Latency
2026-03-01 10:21:53,0.08,273.92,3.74,47,47,0,78.06,32.01,1,High Latency
2026-03-01 10:21:54,0.05,356.47,5.24,47,47,0,76.95,34.23,1,High Latency
2026-03-01 10:21:55,0.01,44.06,1.51,42,42,0,71.02,1.63,0,Normal
2026-03-01 10:21:56,0.02,42.13,3.0,60,60,0,101.67,4.15,0,Normal
2026-03-01 10:21:57,0.25,27.74,1.16,47,47,0,77.81,1.42,0,Normal
2026-03-01 10:21:58,0.43,47.11,5.69,53,53,0,90.48,7.81,0,Normal
2026-03-01 10:21:59,1.43,26.14,2.13,56,55,1,92.48,2.18,0,Normal
2026-03-01 10:22:00,0.06,32.0,2.12,51,51,0,85.27,1.75,0,Normal
2026-03-01 10:22:01,0.42,30.17,1.39,54,54,0,91.54,1.43,0,Normal
2026-03-01 10:22:02,0.28,23.94,4.06,46,46,0,76.85,3.95,0,Normal
2026-03-01 10:22:03,0.23,27.31,3.43,44,44,0,72.82,3.23,0,Normal
2026-03-01 10:22:04,0.45,21.29,2.37,42,42,0,68.14,2.18,0,Normal
2026-03-01 10:22:05,0.1,27.29,3.74,46,46,0,76.35,4.67,0,Normal
2026-03-01 10:22:06,0.13,25.48,2.34,51,51,0,89.42,2.79,0,Normal
2026-03-01 10:22:07,0.17,58.91,1.5,42,42,0,70.61,1.68,0,Normal
2026-03-01 10:22:08,0.07,23.74,2.82,50,50,0,82.47,3.15,0,Normal
2026-03-01 10:22:09,0.23,26.71,6.96,60,60,0,102.7,6.26,0,Normal
2026-03-01 10:22:10,0.05,28.05,5.14,46,46,0,77.21,4.89,0,Normal
2026-03-01 10:22:11,0.13,28.47,4.08,45,45,0,76.04,2.94,0,Normal
2026-03-01 10:22:12,0.04,29.65,3.71,45,45,0,76.01,3.94,0,Normal
2026-03-01 10:22:13,0.01,26.95,2.82,49,49,0,84.55,2.01,0,Normal
2026-03-01 10:22:14,0.15,23.28,4.62,60,60,0,98.81,6.16,0,Normal
2026-03-01 10:22:15,0.34,28.49,4.28,42,42,0,72.75,3.99,0,Normal
2026-03-01 10:22:16,0.06,26.93,3.2,42,42,0,71.68,2.03,0,Normal
2026-03-01 10:22:17,1.76,64.28,3.63,42,41,1,69.0,2.18,0,Normal
2026-03-01 10:22:18,0.11,34.9,1.61,47,47,0,77.68,1.84,0,Normal
2026-03-01 10:22:19,0.01,68.44,2.67,59,59,0,98.75,2.91,0,Normal
2026-03-01 10:22:20,0.01,55.65,1.94,54,54,0,90.78,2.36,0,Normal
2026-03-01 10:22:21,0.38,74.95,1.92,43,43,0,74.95,2.31,0,Normal
2026-03-01 10:22:22,0.39,50.46,4.1,42,42,0,72.71,2.47,0,Normal
2026-03-01 10:22:23,0.82,31.48,1.88,44,44,0,73.34,1.38,0,Normal
2026-03-01 10:22:24,0.03,33.38,4.69,50,50,0,87.01,4.04,0,Normal
2026-03-01 10:22:25,0.17,22.3,5.28,51,51,0,87.11,3.43,0,Normal
2026-03-01 10:22:26,0.77,44.97,3.23,43,43,0,72.95,2.4,0,Normal
2026-03-01 10:22:27,0.56,29.12,2.53,42,42,0,70.14,2.69,0,Normal
2026-03-01 10:22:28,0.09,31.42,5.28,54,54,0,89.85,5.1,0,Normal
2026-03-01 10:22:29,0.77,22.07,4.26,46,46,0,78.09,5.48,0,Normal
2026-03-01 10:22:30,0.4,34.94,5.68,49,49,0,82.9,4.43,0,Normal
2026-03-01 10:22:31,0.11,15.82,2.04,53,53,0,88.45,2.1,0,Normal
2026-03-01 10:22:32,0.02,35.94,2.95,55,55,0,94.07,3.81,0,Normal
2026-03-01 10:22:33,0.24,55.26,3.01,46,46,0,77.53,1.95,0,Normal
2026-03-01 10:22:34,0.44,51.61,3.65,57,57,0,96.39,4.73,0,Normal
2026-03-01 10:22:35,0.11,45.89,4.4,44,44,0,75.53,3.85,0,Normal
2026-03-01 10:22:36,0.06,54.62,3.53,51,51,0,86.92,4.55,0,Normal
2026-03-01 10:22:37,0.03,28.69,6.06,55,55,0,89.97,6.94,0,Normal
2026-03-01 10:22:38,0.65,57.31,2.8,48,48,0,81.78,3.19,0,Normal
2026-03-01 10:22:39,0.02,29.42,2.07,60,60,0,100.84,1.32,0,Normal
2026-03-01 10:22:40,0.33,55.74,2.46,54,54,0,90.05,3.33,0,Normal
2026-03-01 10:22:41,0.5,25.02,2.33,51,51,0,85.76,2.2,0,Normal
2026-03-01 10:22:42,0.53,28.76,2.7,49,49,0,81.86,1.86,0,Normal
2026-03-01 10:22:43,0.37,48.16,2.94,45,45,0,75.79,3.57,0,Normal
2026-03-01 10:22:44,0.37,29.63,3.0,44,44,0,73.89,3.88,0,Normal
2026-03-01 10:22:45,0.22,24.32,3.69,42,42,0,71.59,4.95,0,Normal
2026-03-01 10:22:46,0.19,34.0,2.7,59,59,0,96.82,2.71,0,Normal
2026-03-01 10:22:47,0.05,37.38,5.32,46,46,0,77.56,4.91,0,Normal
2026-03-01 10:22:48,0.27,26.22,1.39,55,55,0,92.36,1.48,0,Normal
2026-03-01 10:22:49,0.03,33.52,1.22,53,53,0,92.42,1.02,0,Normal
2026-03-01 10:22:50,0.22,26.73,5.21,59,59,0,96.18,4.76,0,Normal
2026-03-01 10:22:51,0.46,22.38,5.03,48,48,0,82.02,5.19,0,Normal
2026-03-01 10:22:52,0.2,25.45,5.8,57,57,0,96.41,7.3,0,Normal
2026-03-01 10:22:53,0.25,28.51,4.42,49,49,0,83.47,5.67,0,Normal
2026-03-01 10:22:54,0.65,17.28,3.32,44,44,0,73.25,2.34,0,Normal
2026-03-01 10:22:55,0.36,31.75,2.96,42,42,0,71.04,2.09,0,Normal
2026-03-01 10:22:56,0.05,28.52,1.61,42,42,0,70.78,1.21,0,Normal
2026-03-01 10:22:57,0.27,34.0,3.55,55,55,0,97.7,3.82,0,Normal
2026-03-01 10:22:58,0.16,57.54,1.74,43,43,0,71.78,1.33,0,Normal
2026-03-01 10:22:59,0.08,66.17,10.07,44,44,0,72.74,10.98,0,Normal
2026-03-01 10:23:00,0.37,69.56,2.09,51,51,0,88.68,2.46,0,Normal
2026-03-01 10:23:01,0.17,37.14,3.21,56,56,0,94.6,4.13,0,Normal
2026-03-01 10:23:02,0.51,41.02,6.54,60,60,0,101.57,8.46,0,Normal
2026-03-01 10:23:03,0.31,25.97,2.82,49,49,0,84.01,2.17,0,Normal
2026-03-01 10:23:04,0.04,34.25,2.82,57,57,0,95.88,2.4,0,Normal
2026-03-01 10:23:05,0.15,58.6,1.04,47,47,0,78.33,0.77,0,Normal
2026-03-01 10:23:06,0.11,24.47,1.84,42,42,0,70.76,2.11,0,Normal
2026-03-01 10:23:07,0.06,25.68,4.27,49,49,0,81.06,4.91,0,Normal
2026-03-01 10:23:08,0.56,32.11,7.05,51,51,0,83.5,4.25,0,Normal
2026-03-01 10:23:09,0.17,21.55,2.22,52,52,0,86.1,1.63,0,Normal
2026-03-01 10:23:10,0.33,37.3,3.63,42,42,0,67.02,3.15,0,Normal
2026-03-01 10:23:11,0.75,33.63,11.23,60,60,0,100.25,8.6,0,Normal
2026-03-01 10:23:12,0.27,31.97,4.28,60,60,0,100.05,4.46,0,Normal
2026-03-01 10:23:13,0.1,26.24,5.15,45,45,0,76.51,3.26,0,Normal
2026-03-01 10:23:14,0.55,32.98,2.35,60,60,0,100.99,2.97,0,Normal
2026-03-01 10:23:15,0.2,67.83,6.68,51,51,0,85.47,6.5,0,Normal
2026-03-01 10:23:16,0.29,50.52,2.43,51,51,0,87.45,2.61,0,Normal
2026-03-01 10:23:17,0.81,58.08,2.25,57,57,0,95.13,2.39,0,Normal
2026-03-01 10:23:18,0.24,16.68,6.46,60,60,0,99.14,6.21,0,Normal
2026-03-01 10:23:19,0.14,30.44,2.49,56,56,0,90.29,2.63,0,Normal
2026-03-01 10:23:20,0.45,50.27,3.31,42,42,0,70.6,2.19,0,Normal
2026-03-01 10:23:21,0.05,16.88,6.9,53,53,0,88.96,6.26,0,Normal
2026-03-01 10:23:22,0.86,20.88,2.2,46,46,0,79.18,2.57,0,Normal
2026-03-01 10:23:23,0.87,40.39,2.98,57,57,0,94.46,2.67,0,Normal
2026-03-01 10:23:24,0.3,26.88,2.52,53,53,0,90.17,2.03,0,Normal
2026-03-01 10:23:25,0.06,33.85,2.86,50,50,0,80.28,3.01,0,Normal
2026-03-01 10:23:26,0.21,68.11,3.38,42,42,0,68.61,3.32,0,Normal
2026-03-01 10:23:27,0.19,30.36,6.07,55,55,0,92.98,6.23,0,Normal
2026-03-01 10:23:28,0.12,34.1,6.95,44,44,0,74.95,9.5,0,Normal
2026-03-01 10:23:29,0.07,15.32,3.56,51,51,0,83.19,2.56,0,Normal
2026-03-01 10:23:30,0.11,26.62,2.39,54,54,0,89.53,2.62,0,Normal
2026-03-01 10:23:31,0.28,12.0,4.5,42,42,0,70.63,2.81,0,Normal
2026-03-01 10:23:32,0.41,17.52,3.33,46,46,0,77.14,3.72,0,Normal
2026-03-01 10:23:33,1.36,24.72,3.38,42,41,1,69.7,2.56,0,Normal
2026-03-01 10:23:34,0.09,63.0,2.09,54,54,0,92.09,2.6,0,Normal
2026-03-01 10:23:35,0.08,28.25,1.6,54,54,0,88.8,1.31,0,Normal
2026-03-01 10:23:36,0.04,27.88,3.29,54,54,0,91.39,3.03,0,Normal
2026-03-01 10:23:37,0.98,28.8,2.05,56,55,1,91.32,2.08,0,Normal
2026-03-01 10:23:38,0.17,29.05,2.62,48,48,0,81.14,2.85,0,Normal
2026-03-01 10:23:39,0.9,30.0,6.47,60,59,1,98.42,5.43,0,Normal
2026-03-01 10:23:40,0.77,22.25,3.22,44,44,0,75.54,2.33,0,Normal
2026-03-01 10:23:41,0.02,70.69,5.46,58,58,0,98.32,6.06,0,Normal
2026-03-01 10:23:42,0.11,27.78,3.79,46,46,0,75.8,3.62,0,Normal
2026-03-01 10:23:43,0.13,27.87,4.32,49,49,0,79.8,2.79,0,Normal
2026-03-01 10:23:44,0.11,21.51,2.59,54,54,0,92.5,2.67,0,Normal
2026-03-01 10:23:45,0.19,58.22,5.58,42,42,0,69.5,5.43,0,Normal
2026-03-01 10:23:46,0.24,32.35,3.82,48,48,0,79.74,3.86,0,Normal
2026-03-01 10:23:47,0.5,22.84,2.95,57,57,0,96.87,2.02,0,Normal
2026-03-01 10:23:48,0.11,50.57,3.82,42,42,0,69.03,3.74,0,Normal
2026-03-01 10:23:49,0.12,40.06,2.41,42,42,0,70.86,2.88,0,Normal
2026-03-01 10:23:50,0.32,28.96,2.91,44,44,0,73.95,2.05,0,Normal
2026-03-01 10:23:51,0.07,30.37,3.24,46,46,0,77.16,3.56,0,Normal
2026-03-01 10:23:52,0.22,56.17,2.62,51,51,0,87.47,1.95,0,Normal
2026-03-01 10:23:53,0.1,53.07,6.7,50,50,0,84.7,5.67,0,Normal
2026-03-01 10:23:54,0.08,34.08,2.75,46,46,0,78.75,2.45,0,Normal
2026-03-01 10:23:55,0.56,56.75,8.48,51,51,0,85.31,10.26,0,Normal
2026-03-01 10:23:56,0.43,27.57,3.42,60,60,0,99.71,2.67,0,Normal
2026-03-01 10:23:57,0.1,28.05,2.99,45,45,0,77.16,2.42,0,Normal
2026-03-01 10:23:58,0.19,43.27,2.65,42,42,0,69.7,3.43,0,Normal
2026-03-01 10:23:59,0.06,58.07,4.02,48,48,0,80.83,4.8,0,Normal
2026-03-01 10:24:00,0.02,23.02,4.96,42,42,0,71.2,4.99,0,Normal
2026-03-01 10:24:01,0.31,52.15,1.06,49,49,0,81.17,0.9,0,Normal
2026-03-01 10:24:02,0.16,32.68,3.33,49,49,0,81.17,4.1,0,Normal
2026-03-01 10:24:03,0.08,65.41,1.36,42,42,0,70.15,1.43,0,Normal
2026-03-01 10:24:04,0.04,30.7,5.16,51,51,0,86.8,4.46,0,Normal
2026-03-01 10:24:05,0.4,55.77,5.21,48,48,0,81.16,4.44,0,Normal
2026-03-01 10:24:06,0.11,16.85,3.38,45,45,0,73.57,3.27,0,Normal
2026-03-01 10:24:07,0.83,188.1,3.65,42,42,0,73.49,31.43,1,High Latency
2026-03-01 10:24:08,0.07,229.97,1.74,60,60,0,101.37,28.42,1,High Latency
2026-03-01 10:24:09,0.1,273.3,2.6,60,60,0,100.16,29.45,1,High Latency
2026-03-01 10:24:10,0.67,165.09,2.52,59,59,0,98.89,28.77,1,High Latency
2026-03-01 10:24:11,0.3,309.69,2.71,60,60,0,100.44,30.23,1,High Latency
2026-03-01 10:24:12,0.04,185.65,4.92,53,53,0,88.48,31.03,1,High Latency
2026-03-01 10:24:13,0.28,269.11,5.91,44,44,0,75.67,30.08,1,High Latency
2026-03-01 10:24:14,0.13,368.13,4.37,51,51,0,89.24,31.9,1,High Latency
2026-03-01 10:24:15,0.47,276.07,2.87,48,48,0,79.87,29.38,1,High Latency
2026-03-01 10:24:16,0.03,234.43,2.37,49,49,0,81.63,28.19,1,High Latency
2026-03-01 10:24:17,0.87,260.36,3.46,60,59,1,98.98,28.62,1,High Latency
2026-03-01 10:24:18,0.23,330.95,3.79,43,43,0,70.18,31.77,1,High Latency
2026-03-01 10:24:19,0.46,22.72,3.01,42,42,0,71.35,3.36,0,Normal
2026-03-01 10:24:20,0.43,28.87,2.47,48,48,0,80.92,2.4,0,Normal
2026-03-01 10:24:21,0.07,28.82,4.38,49,49,0,82.54,3.8,0,Normal
2026-03-01 10:24:22,0.74,33.23,4.58,55,55,0,89.62,3.01,0,Normal
2026-03-01 10:24:23,0.09,56.1,1.84,49,49,0,78.93,2.05,0,Normal
2026-03-01 10:24:24,0.07,31.6,2.79,50,50,0,83.45,2.5,0,Normal
2026-03-01 10:24:25,0.26,20.1,4.71,56,56,0,95.07,6.56,0,Normal
2026-03-01 10:24:26,1.46,55.19,5.18,60,59,1,96.45,3.56,0,Normal
2026-03-01 10:24:27,0.13,34.38,3.42,44,44,0,75.26,2.72,0,Normal
2026-03-01 10:24:28,1.17,23.98,3.91,51,50,1,83.54,3.61,0,Normal
2026-03-01 10:24:29,0.2,61.73,3.72,53,53,0,87.8,4.6,0,Normal
2026-03-01 10:24:30,0.63,18.56,5.1,58,58,0,97.56,6.23,0,Normal
2026-03-01 10:24:31,0.26,53.19,2.02,55,55,0,90.45,1.6,0,Normal
2026-03-01 10:24:32,0.08,36.63,3.75,48,48,0,76.83,3.33,0,Normal
2026-03-01 10:24:33,0.74,30.07,2.23,57,57,0,97.57,1.44,0,Normal
2026-03-01 10:24:34,0.03,26.83,5.42,45,45,0,75.53,4.89,0,Normal
2026-03-01 10:24:35,0.4,29.87,2.06,53,53,0,87.96,1.51,0,Normal
2026-03-01 10:24:36,0.62,24.38,3.99,55,55,0,91.53,5.33,0,Normal
2026-03-01 10:24:37,0.62,43.75,2.23,57,57,0,94.6,2.78,0,Normal
2026-03-01 10:24:38,0.37,24.48,4.66,42,42,0,70.03,3.41,0,Normal
2026-03-01 10:24:39,0.1,35.9,4.05,60,60,0,100.63,4.02,0,Normal
2026-03-01 10:24:40,0.27,23.55,3.7,52,52,0,88.39,5.05,0,Normal
2026-03-01 10:24:41,0.35,37.58,8.02,60,60,0,99.76,7.45,0,Normal
2026-03-01 10:24:42,0.77,47.38,2.42,59,59,0,97.53,2.32,0,Normal
2026-03-01 10:24:43,0.06,56.57,5.04,49,49,0,81.52,4.4,0,Normal
2026-03-01 10:24:44,0.22,29.72,5.63,48,48,0,84.34,5.59,0,Normal
2026-03-01 10:24:45,0.14,22.26,5.04,43,43,0,72.48,5.43,0,Normal
2026-03-01 10:24:46,0.2,21.55,2.45,52,52,0,87.96,1.64,0,Normal
2026-03-01 10:24:47,0.07,29.79,2.99,42,42,0,70.18,2.01,0,Normal
2026-03-01 10:24:48,0.09,36.75,2.53,42,42,0,73.16,3.07,0,Normal
2026-03-01 10:24:49,0.51,24.71,2.9,53,53,0,90.33,4.03,0,Normal
2026-03-01 10:24:50,0.23,41.25,2.27,52,52,0,85.8,2.26,0,Normal
2026-03-01 10:24:51,0.25,24.34,2.82,45,45,0,75.84,3.63,0,Normal
2026-03-01 10:24:52,0.8,62.95,6.43,42,42,0,69.98,8.32,0,Normal
2026-03-01 10:24:53,0.1,29.39,2.88,52,52,0,87.98,2.58,0,Normal
2026-03-01 10:24:54,0.14,27.39,3.48,55,55,0,93.89,3.01,0,Normal
2026-03-01 10:24:55,0.13,45.8,2.4,48,48,0,78.81,2.84,0,Normal
2026-03-01 10:24:56,0.38,55.16,3.3,46,46,0,77.82,4.38,0,Normal
2026-03-01 10:24:57,0.29,29.2,4.82,56,56,0,92.87,6.18,0,Normal
2026-03-01 10:24:58,0.22,51.5,4.14,48,48,0,82.76,3.54,0,Normal
2026-03-01 10:24:59,0.39,31.82,6.29,42,42,0,72.01,5.56,0,Normal
2026-03-01 10:25:00,0.23,32.54,1.93,45,45,0,72.62,2.29,0,Normal
2026-03-01 10:25:01,0.59,26.56,2.36,49,49,0,80.63,2.02,0,Normal
2026-03-01 10:25:02,0.18,75.96,2.76,56,56,0,92.06,3.53,0,Normal
2026-03-01 10:25:03,0.77,37.29,6.59,47,47,0,78.87,6.64,0,Normal
2026-03-01 10:25:04,0.04,19.87,3.8,46,46,0,77.73,3.17,0,Normal
2026-03-01 10:25:05,0.03,24.43,1.75,54,54,0,91.91,1.45,0,Normal
2026-03-01 10:25:06,0.37,22.9,5.43,52,52,0,86.99,6.66,0,Normal
2026-03-01 10:25:07,0.17,32.48,3.49,45,45,0,75.18,2.44,0,Normal
2026-03-01 10:25:08,0.21,35.9,4.96,42,42,0,70.99,6.67,0,Normal
2026-03-01 10:25:09,0.42,26.96,6.77,56,56,0,98.81,6.3,0,Normal
2026-03-01 10:25:10,0.08,29.38,2.14,54,54,0,88.45,2.73,0,Normal
2026-03-01 10:25:11,0.02,30.57,6.77,49,49,0,79.5,8.35,0,Normal
2026-03-01 10:25:12,0.2,72.87,3.21,42,42,0,69.76,3.93,0,Normal
2026-03-01 10:25:13,0.79,17.36,2.76,42,42,0,69.48,3.14,0,Normal
2026-03-01 10:25:14,0.21,32.47,3.56,48,48,0,79.53,3.56,0,Normal
2026-03-01 10:25:15,0.3,78.0,1.94,42,42,0,70.54,1.77,0,Normal
2026-03-01 10:25:16,0.08,25.77,3.29,52,52,0,85.6,3.5,0,Normal
2026-03-01 10:25:17,0.22,29.96,2.98,48,48,0,79.75,3.04,0,Normal
2026-03-01 10:25:18,0.23,32.44,2.18,47,47,0,78.52,1.92,0,Normal
2026-03-01 10:25:19,0.09,31.5,2.48,51,51,0,85.27,2.47,0,Normal
2026-03-01 10:25:20,0.06,40.95,5.54,47,47,0,78.75,4.94,0,Normal
2026-03-01 10:25:21,0.15,28.76,3.06,59,59,0,98.9,3.45,0,Normal
2026-03-01 10:25:22,0.01,28.16,2.14,51,51,0,84.47,2.71,0,Normal
2026-03-01 10:25:23,0.06,26.91,4.06,47,47,0,78.58,4.99,0,Normal
2026-03-01 10:25:24,0.46,31.32,4.69,53,53,0,89.03,4.09,0,Normal
2026-03-01 10:25:25,0.37,49.94,3.32,50,50,0,85.44,3.34,0,Normal
2026-03-01 10:25:26,0.13,60.77,1.91,45,45,0,73.38,1.16,0,Normal
2026-03-01 10:25:27,0.28,28.11,1.06,51,51,0,85.72,1.37,0,Normal
2026-03-01 10:25:28,0.62,27.19,2.21,42,42,0,70.81,1.76,0,Normal
2026-03-01 10:25:29,0.64,24.35,5.34,54,54,0,91.0,5.08,0,Normal
2026-03-01 10:25:30,0.37,30.51,5.12,50,50,0,84.35,3.7,0,Normal
2026-03-01 10:25:31,0.05,68.97,2.32,52,52,0,85.39,2.65,0,Normal
2026-03-01 10:25:32,0.06,31.68,2.99,60,60,0,101.04,3.09,0,Normal
2026-03-01 10:25:33,0.12,28.66,4.54,46,46,0,77.44,4.05,0,Normal
2026-03-01 10:25:34,0.39,25.68,3.12,57,57,0,96.58,3.21,0,Normal
2026-03-01 10:25:35,0.1,37.39,5.06,45,45,0,75.35,3.72,0,Normal
2026-03-01 10:25:36,0.22,27.39,3.18,46,46,0,76.47,3.88,0,Normal
2026-03-01 10:25:37,0.61,31.74,4.12,42,42,0,72.06,3.35,0,Normal
2026-03-01 10:25:38,0.78,23.8,2.87,42,42,0,68.73,3.14,0,Normal
2026-03-01 10:25:39,0.64,52.74,2.33,60,60,0,98.74,3.08,0,Normal
2026-03-01 10:25:40,0.04,24.6,5.61,47,47,0,77.1,3.54,0,Normal
2026-03-01 10:25:41,0.85,53.75,1.69,52,52,0,87.88,1.54,0,Normal
2026-03-01 10:25:42,0.4,62.26,2.53,53,53,0,87.96,1.79,0,Normal
2026-03-01 10:25:43,0.34,36.81,3.18,50,50,0,83.83,4.22,0,Normal
2026-03-01 10:25:44,0.1,22.57,4.89,42,42,0,72.64,4.34,0,Normal
2026-03-01 10:25:45,0.92,15.36,2.24,42,42,0,68.79,1.72,0,Normal
2026-03-01 10:25:46,0.01,37.0,3.52,43,43,0,69.69,4.01,0,Normal
2026-03-01 10:25:47,0.03,25.15,74.17,56,56,0,95.32,93.75,1,High Jitter
2026-03-01 10:25:48,0.06,27.91,63.75,46,46,0,76.03,79.21,1,High Jitter
2026-03-01 10:25:49,0.41,32.73,47.64,51,51,0,83.92,85.03,1,High Jitter
2026-03-01 10:25:50,0.34,67.62,68.42,42,42,0,70.4,115.08,1,High Jitter
2026-03-01 10:25:51,1.01,53.13,85.33,49,49,0,82.03,123.51,1,High Jitter
2026-03-01 10:25:52,0.15,33.4,4.84,42,42,0,69.26,3.21,0,Normal
2026-03-01 10:25:53,0.15,17.52,12.49,42,42,0,71.4,16.56,0,Normal
2026-03-01 10:25:54,0.39,55.37,4.33,42,42,0,69.39,5.9,0,Normal
2026-03-01 10:25:55,0.07,35.03,2.39,54,54,0,89.48,2.21,0,Normal
2026-03-01 10:25:56,0.22,23.31,3.11,56,56,0,91.28,3.0,0,Normal
2026-03-01 10:25:57,0.01,23.96,1.91,57,57,0,92.08,1.71,0,Normal
2026-03-01 10:25:58,0.31,54.82,4.77,46,46,0,77.63,5.83,0,Normal
2026-03-01 10:25:59,0.54,25.57,5.32,51,51,0,83.7,6.47,0,Normal
2026-03-01 10:26:00,0.08,25.9,6.25,56,56,0,93.85,4.85,0,Normal
2026-03-01 10:26:01,0.13,22.38,2.86,56,56,0,96.97,2.6,0,Normal
2026-03-01 10:26:02,0.05,65.96,2.31,42,42,0,71.26,1.78,0,Normal
2026-03-01 10:26:03,0.33,47.07,6.51,52,52,0,87.4,4.15,0,Normal
2026-03-01 10:26:04,0.29,23.15,6.18,60,60,0,101.44,3.99,0,Normal
2026-03-01 10:26:05,0.61,67.96,2.13,60,60,0,104.04,1.53,0,Normal
2026-03-01 10:26:06,1.23,14.88,2.8,46,45,1,72.77,1.75,0,Normal
2026-03-01 10:26:07,1.44,39.63,4.74,55,54,1,90.52,4.45,0,Normal
2026-03-01 10:26:08,0.04,58.08,2.96,54,54,0,92.93,1.93,0,Normal
2026-03-01 10:26:09,0.28,25.03,3.37,43,43,0,72.7,4.3,0,Normal
2026-03-01 10:26:10,0.55,22.61,1.71,45,45,0,77.41,2.0,0,Normal
2026-03-01 10:26:11,0.38,28.07,2.0,56,56,0,93.14,2.46,0,Normal
2026-03-01 10:26:12,0.8,65.05,3.19,42,42,0,68.68,3.49,0,Normal
2026-03-01 10:26:13,0.2,48.38,2.42,48,48,0,83.51,2.74,0,Normal
2026-03-01 10:26:14,0.19,68.58,1.98,45,45,0,75.71,1.37,0,Normal
2026-03-01 10:26:15,0.01,24.84,2.88,50,50,0,85.24,1.86,0,Normal
2026-03-01 10:26:16,0.01,62.38,2.24,42,42,0,71.89,3.11,0,Normal
2026-03-01 10:26:17,0.41,29.03,3.36,60,60,0,102.72,3.02,0,Normal
2026-03-01 10:26:18,0.22,29.07,5.19,47,47,0,79.4,3.33,0,Normal
2026-03-01 10:26:19,0.38,68.86,2.9,60,60,0,101.31,2.11,0,Normal
2026-03-01 10:26:20,0.1,24.79,2.74,50,50,0,84.75,3.56,0,Normal
2026-03-01 10:26:21,0.7,38.58,5.38,42,42,0,69.6,4.12,0,Normal
2026-03-01 10:26:22,0.82,32.65,4.62,52,52,0,88.94,4.5,0,Normal
2026-03-01 10:26:23,0.38,25.29,4.75,47,47,0,78.1,5.39,0,Normal
2026-03-01 10:26:24,0.11,41.75,1.07,54,54,0,92.38,1.47,0,Normal
2026-03-01 10:26:25,0.09,20.82,2.71,48,48,0,81.83,1.66,0,Normal
2026-03-01 10:26:26,0.34,23.12,2.57,49,49,0,79.01,2.54,0,Normal
2026-03-01 10:26:27,0.99,27.34,2.29,42,42,0,71.77,3.2,0,Normal
2026-03-01 10:26:28,0.3,62.89,5.33,43,43,0,72.59,3.72,0,Normal
2026-03-01 10:26:29,0.64,38.74,2.6,56,56,0,96.08,1.82,0,Normal
2026-03-01 10:26:30,0.29,29.1,1.78,60,60,0,103.4,1.19,0,Normal
2026-03-01 10:26:31,0.39,23.26,3.71,47,47,0,79.13,3.73,0,Normal
2026-03-01 10:26:32,0.29,57.26,3.31,43,43,0,72.78,2.91,0,Normal
2026-03-01 10:26:33,0.3,28.88,2.19,57,57,0,93.84,2.57,0,Normal
2026-03-01 10:26:34,0.47,26.17,5.25,53,53,0,88.79,5.55,0,Normal
2026-03-01 10:26:35,0.18,71.06,4.22,47,47,0,81.44,4.49,0,Normal
2026-03-01 10:26:36,0.82,19.38,4.21,49,49,0,82.32,4.25,0,Normal
2026-03-01 10:26:37,0.7,71.33,4.13,42,42,0,71.95,5.75,0,Normal
2026-03-01 10:26:38,0.45,19.88,5.42,42,42,0,70.53,5.59,0,Normal
2026-03-01 10:26:39,0.48,38.19,3.1,53,53,0,88.86,2.04,0,Normal
2026-03-01 10:26:40,0.19,22.93,1.9,44,44,0,74.78,1.63,0,Normal
2026-03-01 10:26:41,0.63,32.74,3.02,51,51,0,81.31,3.7,0,Normal
2026-03-01 10:26:42,0.94,59.08,1.58,57,56,1,94.64,1.74,0,Normal
2026-03-01 10:26:43,0.55,50.69,2.06,42,42,0,67.19,2.36,0,Normal
2026-03-01 10:26:44,0.05,54.3,6.88,56,56,0,93.96,9.2,0,Normal
2026-03-01 10:26:45,0.54,64.94,2.02,53,53,0,87.79,1.93,0,Normal
2026-03-01 10:26:46,0.22,56.03,1.96,52,52,0,85.63,1.21,0,Normal
2026-03-01 10:26:47,0.33,19.79,4.49,58,58,0,99.66,6.25,0,Normal
2026-03-01 10:26:48,1.65,57.37,4.9,45,44,1,75.6,4.72,0,Normal
2026-03-01 10:26:49,0.16,20.06,1.57,42,42,0,70.03,1.06,0,Normal
2026-03-01 10:26:50,0.15,16.11,3.71,47,47,0,82.53,3.86,0,Normal
2026-03-01 10:26:51,0.11,26.58,2.59,60,60,0,102.29,2.78,0,Normal
2026-03-01 10:26:52,0.05,52.47,3.85,42,42,0,70.32,4.05,0,Normal
2026-03-01 10:26:53,0.06,29.55,2.9,50,50,0,81.17,3.97,0,Normal
2026-03-01 10:26:54,0.25,57.2,1.8,46,46,0,77.13,1.54,0,Normal
2026-03-01 10:26:55,0.84,22.96,2.67,50,50,0,83.05,1.68,0,Normal
2026-03-01 10:26:56,0.58,66.96,4.4,49,49,0,81.63,5.88,0,Normal
2026-03-01 10:26:57,0.07,46.85,7.96,56,56,0,94.7,6.0,0,Normal
2026-03-01 10:26:58,0.29,19.22,3.96,60,60,0,99.86,4.75,0,Normal
2026-03-01 10:26:59,0.66,60.34,2.78,53,53,0,91.02,2.13,0,Normal
2026-03-01 10:27:00,0.27,17.25,1.95,58,58,0,96.64,2.47,0,Normal
2026-03-01 10:27:01,0.85,22.99,3.09,52,52,0,85.83,4.1,0,Normal
2026-03-01 10:27:02,0.83,42.98,2.8,51,51,0,86.65,1.92,0,Normal
2026-03-01 10:27:03,0.15,29.78,3.81,55,55,0,92.36,2.73,0,Normal
2026-03-01 10:27:04,0.72,23.66,3.23,48,48,0,81.92,4.33,0,Normal
2026-03-01 10:27:05,0.31,27.79,4.12,42,42,0,70.82,5.01,0,Normal
2026-03-01 10:27:06,0.23,24.64,2.82,53,53,0,86.96,1.78,0,Normal
2026-03-01 10:27:07,0.52,27.45,7.16,42,42,0,71.02,5.34,0,Normal
2026-03-01 10:27:08,0.55,32.46,4.32,42,42,0,69.2,4.01,0,Normal
2026-03-01 10:27:09,0.39,60.94,2.42,56,56,0,94.3,3.12,0,Normal
2026-03-01 10:27:10,0.58,29.32,5.21,42,42,0,69.66,3.76,0,Normal
2026-03-01 10:27:11,1.06,29.42,1.97,54,53,1,88.73,2.33,0,Normal
2026-03-01 10:27:12,0.72,57.21,2.26,49,49,0,82.38,1.51,0,Normal
2026-03-01 10:27:13,0.03,53.97,2.32,45,45,0,76.7,2.25,0,Normal
2026-03-01 10:27:14,0.66,61.74,6.04,60,60,0,99.97,7.14,0,Normal
2026-03-01 10:27:15,0.53,32.2,3.06,50,50,0,79.82,2.0,0,Normal
2026-03-01 10:27:16,0.91,32.69,2.5,43,43,0,70.81,1.91,0,Normal
2026-03-01 10:27:17,0.47,21.17,3.57,58,58,0,97.64,4.41,0,Normal
2026-03-01 10:27:18,0.74,26.43,4.24,60,60,0,102.57,3.1,0,Normal
2026-03-01 10:27:19,0.0,56.29,6.79,42,42,0,71.01,7.7,0,Normal
2026-03-01 10:27:20,1.33,32.8,1.69,54,53,1,90.53,1.89,0,Normal
2026-03-01 10:27:21,0.07,25.17,5.86,46,46,0,77.52,5.96,0,Normal
2026-03-01 10:27:22,0.7,41.21,1.31,44,44,0,74.25,1.0,0,Normal
2026-03-01 10:27:23,0.93,29.31,4.99,48,48,0,80.28,4.66,0,Normal
2026-03-01 10:27:24,0.0,35.09,5.6,42,42,0,72.13,6.15,0,Normal
2026-03-01 10:27:25,0.86,53.7,5.74,46,46,0,79.75,7.49,0,Normal
2026-03-01 10:27:26,0.62,28.07,4.29,44,44,0,72.47,5.31,0,Normal
2026-03-01 10:27:27,0.89,31.7,2.06,51,51,0,86.02,2.23,0,Normal
2026-03-01 10:27:28,0.07,21.8,4.65,54,54,0,88.93,3.64,0,Normal
2026-03-01 10:27:29,0.53,28.12,2.05,45,45,0,78.11,1.59,0,Normal
2026-03-01 10:27:30,0.23,34.31,2.18,54,54,0,90.98,2.72,0,Normal
2026-03-01 10:27:31,0.1,26.04,2.7,43,43,0,72.21,3.06,0,Normal
2026-03-01 10:27:32,0.49,22.89,2.82,45,45,0,73.89,2.5,0,Normal
2026-03-01 10:27:33,0.22,64.48,3.7,44,44,0,73.58,5.1,0,Normal
2026-03-01 10:27:34,0.81,20.97,2.43,55,55,0,92.29,3.19,0,Normal
2026-03-01 10:27:35,0.43,28.94,3.85,48,48,0,79.03,4.38,0,Normal
2026-03-01 10:27:36,0.05,23.75,1.79,44,44,0,74.15,1.6,0,Normal
2026-03-01 10:27:37,0.1,22.38,3.38,57,57,0,94.47,2.86,0,Normal
2026-03-01 10:27:38,0.11,32.45,2.94,46,46,0,77.93,3.97,0,Normal
2026-03-01 10:27:39,0.15,26.77,5.24,53,53,0,87.56,5.0,0,Normal
2026-03-01 10:27:40,0.38,30.44,5.48,57,57,0,96.0,6.8,0,Normal
2026-03-01 10:27:41,0.79,14.47,3.08,43,43,0,71.95,4.16,0,Normal
2026-03-01 10:27:42,0.32,31.02,1.37,43,43,0,72.69,1.37,0,Normal
2026-03-01 10:27:43,0.49,23.68,1.71,42,42,0,70.81,1.92,0,Normal
2026-03-01 10:27:44,0.13,16.73,5.51,57,57,0,95.9,3.68,0,Normal
2026-03-01 10:27:45,0.26,66.93,3.11,48,48,0,79.53,3.49,0,Normal
2026-03-01 10:27:46,0.25,31.61,7.29,53,53,0,89.87,5.63,0,Normal
2026-03-01 10:27:47,0.42,29.36,4.97,52,52,0,87.79,5.65,0,Normal
2026-03-01 10:27:48,0.26,65.87,3.72,43,43,0,73.2,2.54,0,Normal
2026-03-01 10:27:49,0.14,29.49,3.52,42,42,0,70.52,3.5,0,Normal
2026-03-01 10:27:50,0.1,23.21,1.98,42,42,0,70.29,2.01,0,Normal
2026-03-01 10:27:51,0.1,56.32,2.5,53,53,0,87.52,2.47,0,Normal
2026-03-01 10:27:52,1.39,23.93,4.0,45,44,1,72.93,4.83,0,Normal
2026-03-01 10:27:53,0.15,47.51,2.84,42,42,0,69.85,3.42,0,Normal
2026-03-01 10:27:54,0.58,20.45,4.1,60,60,0,102.24,4.78,0,Normal
2026-03-01 10:27:55,0.03,22.18,5.28,45,45,0,73.73,5.83,0,Normal
2026-03-01 10:27:56,0.03,33.37,3.06,52,52,0,85.35,4.05,0,Normal
2026-03-01 10:27:57,0.41,29.99,2.73,53,53,0,88.93,2.9,0,Normal
2026-03-01 10:27:58,0.21,24.98,2.22,50,50,0,82.85,1.95,0,Normal
2026-03-01 10:27:59,0.74,21.83,4.83,45,45,0,75.03,3.13,0,Normal
2026-03-01 10:28:00,0.69,25.57,4.66,52,52,0,86.7,4.79,0,Normal
2026-03-01 10:28:01,0.49,17.9,8.88,54,54,0,89.77,6.95,0,Normal
2026-03-01 10:28:02,0.59,28.76,3.6,60,60,0,99.66,3.27,0,Normal
2026-03-01 10:28:03,0.72,66.49,3.18,56,56,0,92.68,2.03,0,Normal
2026-03-01 10:28:04,0.54,62.48,4.1,48,48,0,80.09,4.56,0,Normal
2026-03-01 10:28:05,0.26,70.59,2.92,55,55,0,90.21,3.82,0,Normal
2026-03-01 10:28:06,0.11,33.42,2.23,52,52,0,88.27,1.92,0,Normal
2026-03-01 10:28:07,0.54,23.76,56.11,42,42,0,69.23,72.03,1,High Jitter
2026-03-01 10:28:08,0.13,21.23,58.86,52,52,0,88.04,103.74,1,High Jitter
2026-03-01 10:28:09,0.1,21.23,79.29,48,48,0,79.65,134.59,1,High Jitter
2026-03-01 10:28:10,0.07,28.84,39.61,44,44,0,75.48,67.67,1,High Jitter
2026-03-01 10:28:11,0.35,22.42,56.46,43,43,0,72.3,72.4,1,High Jitter
2026-03-01 10:28:12,0.1,24.36,4.2,60,60,0,99.19,3.73,0,Normal
2026-03-01 10:28:13,0.16,25.36,3.75,60,60,0,104.55,2.72,0,Normal
2026-03-01 10:28:14,0.43,23.56,1.88,48,48,0,80.01,1.4,0,Normal
2026-03-01 10:28:15,0.55,23.12,3.71,42,42,0,69.73,4.3,0,Normal
2026-03-01 10:28:16,0.13,13.43,3.07,54,54,0,89.99,2.08,0,Normal
2026-03-01 10:28:17,0.65,28.52,2.0,51,51,0,86.28,2.7,0,Normal
2026-03-01 10:28:18,0.02,28.41,4.16,45,45,0,73.42,5.05,0,Normal
2026-03-01 10:28:19,1.49,54.74,4.19,49,48,1,80.84,3.71,0,Normal
2026-03-01 10:28:20,0.19,30.16,4.02,57,57,0,93.23,4.43,0,Normal
2026-03-01 10:28:21,0.14,64.82,4.26,52,52,0,87.25,5.01,0,Normal
2026-03-01 10:28:22,0.9,28.14,3.51,45,45,0,77.29,3.78,0,Normal
2026-03-01 10:28:23,0.05,35.98,2.97,45,45,0,74.77,3.25,0,Normal
2026-03-01 10:28:24,0.15,41.43,7.36,60,60,0,102.13,9.81,0,Normal
2026-03-01 10:28:25,0.16,63.06,3.55,42,42,0,68.06,4.63,0,Normal
2026-03-01 10:28:26,0.19,20.87,1.06,42,42,0,69.63,1.41,0,Normal
2026-03-01 10:28:27,0.66,20.9,1.11,55,55,0,90.56,1.46,0,Normal
2026-03-01 10:28:28,0.66,25.33,5.71,60,60,0,103.66,6.56,0,Normal
2026-03-01 10:28:29,0.31,28.77,1.45,46,46,0,76.67,1.44,0,Normal
2026-03-01 10:28:30,1.68,37.52,2.6,47,46,1,76.3,2.57,0,Normal
2026-03-01 10:28:31,0.65,31.76,1.92,51,51,0,85.29,2.34,0,Normal
2026-03-01 10:28:32,0.4,20.78,2.9,50,50,0,84.01,3.88,0,Normal
2026-03-01 10:28:33,0.08,24.33,3.95,42,42,0,70.0,2.65,0,Normal
2026-03-01 10:28:34,0.28,55.44,2.46,55,55,0,90.61,3.2,0,Normal
2026-03-01 10:28:35,0.08,19.07,2.3,55,55,0,94.42,2.94,0,Normal
2026-03-01 10:28:36,0.13,28.08,4.61,48,48,0,82.27,3.09,0,Normal
2026-03-01 10:28:37,0.41,44.4,10.85,48,48,0,81.14,12.21,0,Normal
2026-03-01 10:28:38,0.07,18.1,4.23,47,47,0,79.38,5.83,0,Normal
2026-03-01 10:28:39,0.03,22.32,2.2,42,42,0,70.88,2.82,0,Normal
2026-03-01 10:28:40,0.27,30.47,4.91,48,48,0,79.96,3.2,0,Normal
2026-03-01 10:28:41,0.0,30.42,7.28,45,45,0,74.75,9.75,0,Normal
2026-03-01 10:28:42,0.33,28.58,5.36,45,45,0,77.99,3.96,0,Normal
2026-03-01 10:28:43,0.81,66.61,1.66,55,55,0,93.34,1.09,0,Normal
2026-03-01 10:28:44,0.07,33.31,4.21,51,51,0,83.69,3.29,0,Normal
2026-03-01 10:28:45,0.17,29.23,2.7,45,45,0,74.92,2.66,0,Normal
2026-03-01 10:28:46,0.87,44.69,3.4,54,54,0,91.45,4.26,0,Normal
2026-03-01 10:28:47,0.43,67.18,2.81,49,49,0,82.87,2.28,0,Normal
2026-03-01 10:28:48,0.05,27.11,4.64,58,58,0,98.23,4.23,0,Normal
2026-03-01 10:28:49,0.17,63.09,2.83,46,46,0,75.05,2.02,0,Normal
2026-03-01 10:28:50,0.49,34.81,6.28,42,42,0,71.04,5.24,0,Normal
2026-03-01 10:28:51,0.38,55.42,3.32,52,52,0,89.03,4.38,0,Normal
2026-03-01 10:28:52,0.06,54.81,3.0,46,46,0,75.02,3.44,0,Normal
2026-03-01 10:28:53,0.02,36.57,4.29,45,45,0,78.21,4.89,0,Normal
2026-03-01 10:28:54,0.4,24.46,3.9,55,55,0,92.9,3.12,0,Normal
2026-03-01 10:28:55,0.33,27.35,4.35,55,55,0,92.56,3.12,0,Normal
2026-03-01 10:28:56,0.02,34.14,3.13,48,48,0,79.21,4.1,0,Normal
2026-03-01 10:28:57,1.29,29.32,6.05,50,49,1,81.36,8.2,0,Normal
2026-03-01 10:28:58,0.1,50.92,5.18,53,53,0,88.47,3.33,0,Normal
2026-03-01 10:28:59,0.17,25.89,3.3,54,54,0,88.58,3.38,0,Normal
2026-03-01 10:29:00,0.07,38.15,4.81,52,52,0,86.89,4.58,0,Normal
2026-03-01 10:29:01,0.62,56.25,2.95,50,50,0,82.66,3.51,0,Normal
2026-03-01 10:29:02,1.15,35.91,4.29,55,54,1,91.74,3.61,0,Normal
2026-03-01 10:29:03,0.08,14.41,4.81,60,60,0,96.23,5.28,0,Normal
2026-03-01 10:29:04,0.12,21.4,3.71,50,50,0,83.63,2.47,0,Normal
2026-03-01 10:29:05,0.43,29.79,2.3,56,56,0,92.63,2.89,0,Normal
2026-03-01 10:29:06,0.26,25.6,1.94,42,42,0,70.56,1.53,0,Normal
2026-03-01 10:29:07,0.04,50.87,3.79,49,49,0,85.85,3.22,0,Normal
2026-03-01 10:29:08,0.92,28.25,2.4,42,42,0,73.07,2.16,0,Normal
2026-03-01 10:29:09,0.33,20.85,5.34,53,53,0,88.3,4.08,0,Normal
2026-03-01 10:29:10,0.13,21.3,1.68,42,42,0,70.28,2.1,0,Normal
2026-03-01 10:29:11,0.24,29.39,6.01,42,42,0,69.3,3.93,0,Normal
2026-03-01 10:29:12,0.24,24.0,3.4,55,55,0,92.17,4.58,0,Normal
2026-03-01 10:29:13,0.26,36.05,2.26,51,51,0,86.78,3.04,0,Normal
2026-03-01 10:29:14,0.24,66.07,2.71,57,57,0,93.79,3.42,0,Normal
2026-03-01 10:29:15,0.29,32.31,3.03,51,51,0,88.03,4.13,0,Normal
2026-03-01 10:29:16,0.17,30.66,4.13,44,44,0,75.29,4.99,0,Normal
2026-03-01 10:29:17,0.06,24.39,1.91,53,53,0,90.35,2.01,0,Normal
2026-03-01 10:29:18,0.38,61.02,2.16,45,45,0,76.17,2.54,0,Normal
2026-03-01 10:29:19,0.55,35.11,2.87,44,44,0,72.56,1.73,0,Normal
2026-03-01 10:29:20,0.64,22.13,3.27,60,60,0,102.32,3.76,0,Normal
2026-03-01 10:29:21,0.01,25.58,4.58,53,53,0,88.56,2.9,0,Normal
2026-03-01 10:29:22,0.18,27.09,3.75,50,50,0,81.47,4.91,0,Normal
2026-03-01 10:29:23,1.34,27.69,2.79,60,59,1,99.24,3.67,0,Normal
2026-03-01 10:29:24,0.02,44.02,3.69,42,42,0,68.82,2.55,0,Normal
2026-03-01 10:29:25,0.54,68.59,3.58,42,42,0,69.65,4.09,0,Normal
2026-03-01 10:29:26,0.05,27.24,2.96,42,42,0,71.62,3.36,0,Normal
2026-03-01 10:29:27,0.61,34.11,3.5,53,53,0,88.86,3.49,0,Normal
2026-03-01 10:29:28,0.39,31.6,1.26,47,47,0,78.9,0.78,0,Normal
2026-03-01 10:29:29,0.45,23.59,5.05,43,43,0,73.99,3.49,0,Normal
2026-03-01 10:29:30,1.33,21.12,4.25,42,41,1,65.5,4.79,0,Normal
2026-03-01 10:29:31,8.04,23.06,6.51,48,44,4,73.92,6.67,1,High Packet Loss
2026-03-01 10:29:32,15.88,27.7,2.3,56,47,9,78.96,1.47,1,High Packet Loss
2026-03-01 10:29:33,8.16,20.52,4.29,46,42,4,70.56,4.35,1,High Packet Loss
2026-03-01 10:29:34,15.77,28.54,1.41,55,46,9,77.28,1.8,1,High Packet Loss
2026-03-01 10:29:35,19.21,27.22,1.5,42,34,8,57.12,1.97,1,High Packet Loss
2026-03-01 10:29:36,0.17,12.74,2.98,49,49,0,83.86,3.45,0,Normal
2026-03-01 10:29:37,1.35,19.56,2.56,56,55,1,92.05,2.89,0,Normal
2026-03-01 10:29:38,0.24,12.0,5.32,42,42,0,70.36,6.46,0,Normal
2026-03-01 10:29:39,1.07,25.94,5.64,51,50,1,84.91,3.99,0,Normal
2026-03-01 10:29:40,0.03,59.77,5.92,49,49,0,79.17,4.45,0,Normal
2026-03-01 10:29:41,0.01,16.66,4.35,45,45,0,75.45,4.3,0,Normal
2026-03-01 10:29:42,0.3,20.07,4.43,48,48,0,81.39,4.26,0,Normal
2026-03-01 10:29:43,0.47,27.02,1.86,58,58,0,96.7,1.39,0,Normal
2026-03-01 10:29:44,0.09,21.62,6.23,54,54,0,89.52,7.12,0,Normal
2026-03-01 10:29:45,0.24,21.59,5.83,51,51,0,85.45,6.96,0,Normal
2026-03-01 10:29:46,0.72,31.25,1.78,54,54,0,89.84,1.46,0,Normal
2026-03-01 10:29:47,0.5,25.03,4.1,57,57,0,95.39,3.49,0,Normal
2026-03-01 10:29:48,0.09,19.08,2.6,44,44,0,73.21,2.09,0,Normal
2026-03-01 10:29:49,0.14,15.47,7.63,50,50,0,86.34,6.28,0,Normal
2026-03-01 10:29:50,0.13,41.25,2.14,45,45,0,73.89,1.91,0,Normal
2026-03-01 10:29:51,0.44,34.77,3.46,46,46,0,78.53,3.3,0,Normal
2026-03-01 10:29:52,1.21,25.29,3.61,48,47,1,78.08,3.56,0,Normal
2026-03-01 10:29:53,0.12,59.76,3.24,42,42,0,71.05,3.2,0,Normal
2026-03-01 10:29:54,0.31,25.07,8.73,42,42,0,71.53,9.55,0,Normal
2026-03-01 10:29:55,1.56,64.96,7.11,60,59,1,101.42,6.22,0,Normal
2026-03-01 10:29:56,0.06,22.87,1.59,56,56,0,94.67,1.59,0,Normal
2026-03-01 10:29:57,0.38,24.74,4.13,47,47,0,78.37,4.15,0,Normal
2026-03-01 10:29:58,0.14,30.73,3.3,47,47,0,79.06,2.24,0,Normal
2026-03-01 10:29:59,1.68,36.72,4.83,47,46,1,80.16,5.33,0,Normal
2026-03-01 10:30:00,0.04,66.06,3.65,46,46,0,77.53,3.01,0,Normal
2026-03-01 10:30:01,0.21,35.4,2.3,60,60,0,98.84,1.47,0,Normal
2026-03-01 10:30:02,0.1,26.13,2.08,43,43,0,71.67,2.33,0,Normal
2026-03-01 10:30:03,0.01,24.26,2.77,59,59,0,98.51,1.77,0,Normal
2026-03-01 10:30:04,1.16,16.37,3.14,49,48,1,81.73,3.0,0,Normal
2026-03-01 10:30:05,0.29,28.43,3.62,49,49,0,80.49,3.97,0,Normal
2026-03-01 10:30:06,0.42,74.59,2.57,42,42,0,69.8,3.59,0,Normal
2026-03-01 10:30:07,0.34,26.2,7.15,44,44,0,74.24,7.24,0,Normal
2026-03-01 10:30:08,0.06,23.34,4.22,60,60,0,100.38,3.61,0,Normal
2026-03-01 10:30:09,0.07,35.46,4.92,46,46,0,77.42,4.89,0,Normal
2026-03-01 10:30:10,0.34,74.21,3.12,57,57,0,95.98,2.36,0,Normal
2026-03-01 10:30:11,0.53,56.87,2.08,49,49,0,82.64,1.98,0,Normal
2026-03-01 10:30:12,0.33,22.28,4.94,50,50,0,82.61,6.42,0,Normal
2026-03-01 10:30:13,0.3,53.03,2.12,50,50,0,85.2,1.51,0,Normal
2026-03-01 10:30:14,0.48,35.22,1.34,47,47,0,78.16,1.37,0,Normal
2026-03-01 10:30:15,0.1,27.72,4.28,52,52,0,87.34,4.7,0,Normal
2026-03-01 10:30:16,0.46,24.59,2.36,47,47,0,77.14,2.01,0,Normal
2026-03-01 10:30:17,0.19,25.0,2.86,60,60,0,100.86,3.4,0,Normal
2026-03-01 10:30:18,0.39,27.93,4.54,53,53,0,89.33,5.13,0,Normal
2026-03-01 10:30:19,0.11,34.02,2.18,51,51,0,85.73,2.12,0,Normal
2026-03-01 10:30:20,0.05,27.04,1.61,56,56,0,92.91,1.8,0,Normal
2026-03-01 10:30:21,0.01,32.74,5.75,51,51,0,87.37,7.31,0,Normal
2026-03-01 10:30:22,0.57,30.8,3.23,42,42,0,71.44,3.49,0,Normal
2026-03-01 10:30:23,0.08,63.52,5.85,47,47,0,78.75,6.17,0,Normal
2026-03-01 10:30:24,0.16,22.73,4.4,60,60,0,100.58,4.83,0,Normal
2026-03-01 10:30:25,0.51,25.3,4.46,53,53,0,87.93,5.09,0,Normal
2026-03-01 10:30:26,0.21,19.98,3.57,47,47,0,78.03,3.3,0,Normal
2026-03-01 10:30:27,0.09,56.95,3.57,50,50,0,86.19,4.53,0,Normal
2026-03-01 10:30:28,0.08,37.08,5.53,60,60,0,100.26,7.41,0,Normal
2026-03-01 10:30:29,0.18,27.81,4.79,60,60,0,104.95,5.26,0,Normal
2026-03-01 10:30:30,0.29,23.4,2.55,59,59,0,97.38,3.34,0,Normal
2026-03-01 10:30:31,0.17,58.75,4.14,51,51,0,86.23,4.96,0,Normal
2026-03-01 10:30:32,0.82,22.42,2.51,58,58,0,97.78,2.36,0,Normal
2026-03-01 10:30:33,0.0,22.23,2.88,48,48,0,80.69,2.88,0,Normal
2026-03-01 10:30:34,0.18,35.38,4.29,42,42,0,68.17,4.53,0,Normal
2026-03-01 10:30:35,0.48,55.27,2.5,59,59,0,97.06,3.37,0,Normal
2026-03-01 10:30:36,0.78,27.22,3.55,48,48,0,80.93,3.97,0,Normal
2026-03-01 10:30:37,0.16,32.99,3.94,48,48,0,79.1,3.97,0,Normal
2026-03-01 10:30:38,0.39,29.8,2.85,49,49,0,84.13,1.99,0,Normal
2026-03-01 10:30:39,0.3,20.88,4.59,53,53,0,88.7,5.2,0,Normal
2026-03-01 10:30:40,0.08,13.61,2.72,49,49,0,82.7,2.84,0,Normal
2026-03-01 10:30:41,0.4,78.0,5.07,51,51,0,85.62,6.86,0,Normal
2026-03-01 10:30:42,0.1,69.96,3.52,53,53,0,88.94,3.08,0,Normal
2026-03-01 10:30:43,0.54,25.43,3.59,51,51,0,87.96,4.44,0,Normal
2026-03-01 10:30:44,0.7,30.76,2.22,42,42,0,72.19,1.83,0,Normal
2026-03-01 10:30:45,0.23,29.11,2.99,45,45,0,75.83,2.2,0,Normal
2026-03-01 10:30:46,0.02,17.84,3.62,45,45,0,76.61,2.21,0,Normal
2026-03-01 10:30:47,0.47,25.56,5.26,51,51,0,87.44,6.93,0,Normal
2026-03-01 10:30:48,0.22,30.15,2.87,60,60,0,99.9,2.75,0,Normal
2026-03-01 10:30:49,0.03,23.28,5.26,49,49,0,79.99,4.34,0,Normal
2026-03-01 10:30:50,0.14,25.82,2.36,52,52,0,88.19,2.18,0,Normal
2026-03-01 10:30:51,0.12,49.13,3.86,48,48,0,82.51,4.51,0,Normal
2026-03-01 10:30:52,0.45,28.44,2.64,58,58,0,94.87,2.42,0,Normal
2026-03-01 10:30:53,0.19,72.71,6.65,42,42,0,69.65,5.19,0,Normal
2026-03-01 10:30:54,0.31,52.45,6.13,48,48,0,80.28,4.11,0,Normal
2026-03-01 10:30:55,0.24,50.87,3.78,53,53,0,87.57,4.14,0,Normal
2026-03-01 10:30:56,0.45,25.13,2.61,50,50,0,83.78,3.6,0,Normal
2026-03-01 10:30:57,0.44,28.12,1.68,57,57,0,94.09,1.86,0,Normal
2026-03-01 10:30:58,0.21,36.03,3.94,42,42,0,70.08,5.34,0,Normal
2026-03-01 10:30:59,0.05,67.08,3.65,42,42,0,71.61,4.75,0,Normal
2026-03-01 10:31:00,0.18,17.6,4.89,43,43,0,69.14,3.54,0,Normal
2026-03-01 10:31:01,0.06,66.09,1.72,42,42,0,68.98,2.24,0,Normal
2026-03-01 10:31:02,1.12,23.47,3.54,47,46,1,79.38,2.13,0,Normal
2026-03-01 10:31:03,1.05,20.29,4.03,60,59,1,97.88,4.06,0,Normal
2026-03-01 10:31:04,0.21,28.11,2.21,49,49,0,78.42,2.25,0,Normal
2026-03-01 10:31:05,0.01,47.23,3.5,60,60,0,101.06,4.13,0,Normal
2026-03-01 10:31:06,0.16,24.56,2.39,42,42,0,70.45,2.88,0,Normal
2026-03-01 10:31:07,0.79,30.98,2.29,47,47,0,79.18,1.8,0,Normal
2026-03-01 10:31:08,0.12,32.09,2.61,54,54,0,90.81,3.41,0,Normal
2026-03-01 10:31:09,0.34,32.75,2.95,47,47,0,80.87,2.19,0,Normal
2026-03-01 10:31:10,0.07,23.61,5.8,60,60,0,99.75,7.94,0,Normal
2026-03-01 10:31:11,0.61,21.27,2.87,60,60,0,100.66,3.99,0,Normal
2026-03-01 10:31:12,0.78,22.09,2.27,42,42,0,69.91,2.63,0,Normal
2026-03-01 10:31:13,0.33,32.75,4.79,51,51,0,86.69,5.36,0,Normal
2026-03-01 10:31:14,0.34,49.67,5.27,55,55,0,93.57,7.29,0,Normal
2026-03-01 10:31:15,0.17,60.86,4.8,58,58,0,98.0,3.81,0,Normal
2026-03-01 10:31:16,0.43,40.8,6.15,48,48,0,83.87,6.85,0,Normal
2026-03-01 10:31:17,0.23,21.54,3.62,52,52,0,88.19,3.35,0,Normal
2026-03-01 10:31:18,0.48,34.0,3.56,60,60,0,102.68,2.61,0,Normal
2026-03-01 10:31:19,1.21,48.89,2.42,51,50,1,82.67,1.7,0,Normal
2026-03-01 10:31:20,0.6,28.66,6.23,42,42,0,69.51,7.23,0,Normal
2026-03-01 10:31:21,0.25,23.38,3.19,43,43,0,75.21,2.49,0,Normal
2026-03-01 10:31:22,1.35,23.51,2.9,46,45,1,73.57,3.13,0,Normal
2026-03-01 10:31:23,0.33,26.43,2.78,48,48,0,81.79,2.2,0,Normal
2026-03-01 10:31:24,0.02,34.49,4.42,51,51,0,87.61,4.26,0,Normal
2026-03-01 10:31:25,0.46,78.0,3.45,53,53,0,90.8,4.12,0,Normal
2026-03-01 10:31:26,0.6,16.97,3.62,48,48,0,78.25,3.7,0,Normal
2026-03-01 10:31:27,0.05,30.17,2.87,48,48,0,80.11,3.72,0,Normal
2026-03-01 10:31:28,0.4,31.49,3.04,42,42,0,71.49,3.1,0,Normal
2026-03-01 10:31:29,0.89,57.02,3.11,60,59,1,100.23,2.35,0,Normal
2026-03-01 10:31:30,0.1,19.71,6.29,45,45,0,75.59,8.29,0,Normal
2026-03-01 10:31:31,0.31,27.19,1.48,57,57,0,94.72,1.38,0,Normal
2026-03-01 10:31:32,0.11,34.97,4.06,57,57,0,95.35,5.26,0,Normal
2026-03-01 10:31:33,0.52,54.73,5.42,47,47,0,78.03,4.26,0,Normal
2026-03-01 10:31:34,0.3,26.83,1.45,52,52,0,85.5,1.61,0,Normal
2026-03-01 10:31:35,0.2,32.74,3.22,60,60,0,100.35,2.35,0,Normal
2026-03-01 10:31:36,0.01,24.4,5.17,48,48,0,83.41,3.43,0,Normal
2026-03-01 10:31:37,1.01,49.13,2.37,42,42,0,70.14,3.31,0,Normal
2026-03-01 10:31:38,0.24,20.48,3.75,60,60,0,98.53,2.28,0,Normal
2026-03-01 10:31:39,0.57,18.88,2.18,57,57,0,95.22,2.34,0,Normal
2026-03-01 10:31:40,0.17,26.36,3.37,45,45,0,78.19,2.06,0,Normal
2026-03-01 10:31:41,0.66,12.62,5.9,50,50,0,81.61,6.14,0,Normal
2026-03-01 10:31:42,0.06,28.51,7.12,44,44,0,73.92,4.84,0,Normal
2026-03-01 10:31:43,0.09,59.4,3.72,47,47,0,80.07,4.58,0,Normal
2026-03-01 10:31:44,0.14,29.69,1.87,54,54,0,89.01,1.56,0,Normal
2026-03-01 10:31:45,0.03,54.69,2.89,43,43,0,72.53,2.53,0,Normal
2026-03-01 10:31:46,0.21,27.59,1.47,42,42,0,69.19,1.18,0,Normal
2026-03-01 10:31:47,0.23,49.72,2.91,42,42,0,68.72,2.01,0,Normal
2026-03-01 10:31:48,0.04,29.23,5.12,46,46,0,78.21,5.13,0,Normal
2026-03-01 10:31:49,14.37,321.13,44.44,43,37,6,62.16,66.65,1,Combined Degradation
2026-03-01 10:31:50,18.07,244.5,57.27,43,35,8,58.8,85.9,1,Combined Degradation
2026-03-01 10:31:51,18.87,289.22,58.49,55,45,10,75.6,87.73,1,Combined Degradation
2026-03-01 10:31:52,10.76,272.72,45.14,48,43,5,72.24,67.72,1,Combined Degradation
2026-03-01 10:31:53,19.85,225.18,65.08,60,48,12,80.64,97.61,1,Combined Degradation
2026-03-01 10:31:54,21.04,320.59,60.66,44,35,9,58.8,90.99,1,Combined Degradation
2026-03-01 10:31:55,17.97,228.61,51.36,42,34,8,57.12,77.04,1,Combined Degradation
2026-03-01 10:31:56,21.57,277.72,45.37,52,41,11,68.88,68.05,1,Combined Degradation
2026-03-01 10:31:57,7.97,364.9,42.12,46,42,4,70.56,63.18,1,Combined Degradation
2026-03-01 10:31:58,9.25,340.65,79.03,60,54,6,90.72,118.55,1,Combined Degradation
2026-03-01 10:31:59,20.54,335.9,81.96,53,42,11,70.56,122.93,1,Combined Degradation
2026-03-01 10:32:00,7.46,300.05,75.95,42,39,3,65.52,113.92,1,Combined Degradation
2026-03-01 10:32:01,0.02,32.06,7.33,42,42,0,69.61,4.98,0,Normal
2026-03-01 10:32:02,1.18,22.53,4.8,42,42,0,71.4,6.4,0,Normal
2026-03-01 10:32:03,0.76,28.44,1.22,54,54,0,90.13,1.4,0,Normal
2026-03-01 10:32:04,0.12,31.36,2.97,54,54,0,91.99,4.04,0,Normal
2026-03-01 10:32:05,0.26,28.9,4.0,52,52,0,87.7,2.87,0,Normal
2026-03-01 10:32:06,0.23,22.62,7.05,60,60,0,100.06,7.93,0,Normal
2026-03-01 10:32:07,0.03,32.19,2.02,60,60,0,100.55,1.53,0,Normal
2026-03-01 10:32:08,0.27,27.49,4.02,60,60,0,100.6,5.2,0,Normal
2026-03-01 10:32:09,0.04,61.97,2.77,47,47,0,79.21,2.82,0,Normal
2026-03-01 10:32:10,0.2,22.1,1.94,42,42,0,71.1,1.99,0,Normal
2026-03-01 10:32:11,0.03,36.41,6.08,60,60,0,100.12,8.18,0,Normal
2026-03-01 10:32:12,0.31,36.91,2.15,55,55,0,92.04,1.81,0,Normal
2026-03-01 10:32:13,0.02,31.16,5.14,45,45,0,75.77,5.63,0,Normal
2026-03-01 10:32:14,0.35,32.7,1.62,44,44,0,69.48,1.16,0,Normal
2026-03-01 10:32:15,0.43,23.33,2.66,42,42,0,71.39,2.37,0,Normal
2026-03-01 10:32:16,0.3,26.44,4.29,60,60,0,99.37,3.25,0,Normal
2026-03-01 10:32:17,0.22,35.41,4.58,51,51,0,85.25,3.49,0,Normal
2026-03-01 10:32:18,0.02,30.56,4.04,51,51,0,84.66,4.56,0,Normal
2026-03-01 10:32:19,0.0,28.39,5.17,46,46,0,78.4,4.29,0,Normal
2026-03-01 10:32:20,0.15,26.88,2.92,48,48,0,82.18,2.34,0,Normal
2026-03-01 10:32:21,0.52,35.05,6.21,51,51,0,85.51,7.74,0,Normal
2026-03-01 10:32:22,0.36,34.73,3.9,51,51,0,85.53,3.82,0,Normal
2026-03-01 10:32:23,0.05,49.68,4.62,48,48,0,80.58,4.18,0,Normal
2026-03-01 10:32:24,0.41,28.4,3.91,44,44,0,73.9,4.9,0,Normal
2026-03-01 10:32:25,0.3,25.86,4.14,56,56,0,95.58,4.1,0,Normal
2026-03-01 10:32:26,0.06,32.16,2.12,46,46,0,81.8,2.65,0,Normal
2026-03-01 10:32:27,0.49,44.47,2.17,42,42,0,70.3,1.86,0,Normal
2026-03-01 10:32:28,0.62,62.33,2.6,42,42,0,71.41,3.56,0,Normal
2026-03-01 10:32:29,0.09,62.63,4.18,50,50,0,82.73,5.6,0,Normal
2026-03-01 10:32:30,0.35,35.41,2.55,58,58,0,96.31,3.21,0,Normal
2026-03-01 10:32:31,0.17,59.55,2.91,42,42,0,69.03,2.24,0,Normal
2026-03-01 10:32:32,0.02,30.42,3.21,51,51,0,87.69,3.8,0,Normal
2026-03-01 10:32:33,0.69,27.25,6.28,47,47,0,80.02,7.88,0,Normal
2026-03-01 10:32:34,0.6,45.39,4.35,51,51,0,85.1,3.88,0,Normal
2026-03-01 10:32:35,0.13,30.65,1.72,50,50,0,84.32,1.23,0,Normal
2026-03-01 10:32:36,0.27,16.83,3.57,53,53,0,90.19,2.91,0,Normal
2026-03-01 10:32:37,0.25,35.05,2.9,54,54,0,92.51,3.09,0,Normal
2026-03-01 10:32:38,0.07,67.62,3.0,46,46,0,77.89,2.4,0,Normal
2026-03-01 10:32:39,0.06,58.24,3.32,58,58,0,97.58,3.75,0,Normal
2026-03-01 10:32:40,0.65,23.96,5.51,49,49,0,84.3,5.03,0,Normal
2026-03-01 10:32:41,0.71,29.17,2.3,48,48,0,78.98,1.8,0,Normal
2026-03-01 10:32:42,0.45,69.93,3.64,42,42,0,67.68,3.97,0,Normal
2026-03-01 10:32:43,0.03,39.15,3.78,42,42,0,72.44,2.49,0,Normal
2026-03-01 10:32:44,0.84,24.95,3.01,58,58,0,96.77,3.31,0,Normal
2026-03-01 10:32:45,1.38,28.61,2.49,44,43,1,74.25,3.44,0,Normal
2026-03-01 10:32:46,0.52,13.94,2.36,44,44,0,76.8,2.76,0,Normal
2026-03-01 10:32:47,0.15,19.35,2.75,42,42,0,73.34,2.37,0,Normal
2026-03-01 10:32:48,0.18,38.02,4.63,55,55,0,87.88,6.11,0,Normal
2026-03-01 10:32:49,0.71,29.97,2.83,46,46,0,78.48,2.89,0,Normal
2026-03-01 10:32:50,0.12,24.85,3.18,52,52,0,86.6,3.25,0,Normal
2026-03-01 10:32:51,0.05,17.82,1.97,55,55,0,91.42,1.78,0,Normal
2026-03-01 10:32:52,0.61,60.81,2.68,47,47,0,79.52,1.72,0,Normal
2026-03-01 10:32:53,0.08,33.91,3.68,43,43,0,71.3,3.0,0,Normal
2026-03-01 10:32:54,0.83,43.84,1.57,42,42,0,71.68,1.97,0,Normal
2026-03-01 10:32:55,0.32,60.87,5.31,42,42,0,72.54,4.29,0,Normal
2026-03-01 10:32:56,0.28,22.68,2.54,55,55,0,92.1,2.36,0,Normal
2026-03-01 10:32:57,0.52,25.03,7.34,54,54,0,91.26,8.13,0,Normal
2026-03-01 10:32:58,0.01,19.17,4.01,42,42,0,69.87,3.31,0,Normal
2026-03-01 10:32:59,0.44,59.08,1.45,42,42,0,71.26,1.82,0,Normal
2026-03-01 10:33:00,0.32,57.39,3.76,55,55,0,94.53,4.96,0,Normal
2026-03-01 10:33:01,0.26,25.8,2.88,51,51,0,86.29,1.87,0,Normal
2026-03-01 10:33:02,0.09,55.06,3.78,48,48,0,80.46,4.01,0,Normal
2026-03-01 10:33:03,0.62,20.11,6.87,56,56,0,96.05,6.04,0,Normal
2026-03-01 10:33:04,0.1,63.26,4.56,52,52,0,86.75,4.76,0,Normal
2026-03-01 10:33:05,0.24,50.16,3.0,51,51,0,85.11,3.11,0,Normal
2026-03-01 10:33:06,0.06,29.99,1.77,60,60,0,99.8,1.08,0,Normal
2026-03-01 10:33:07,1.27,51.78,4.92,45,44,1,71.57,5.5,0,Normal
2026-03-01 10:33:08,0.08,34.62,4.18,51,51,0,84.39,3.23,0,Normal
2026-03-01 10:33:09,0.57,26.25,5.59,51,51,0,85.76,5.85,0,Normal
2026-03-01 10:33:10,0.11,65.52,3.11,46,46,0,77.62,4.1,0,Normal
2026-03-01 10:33:11,0.1,15.38,3.79,47,47,0,77.51,2.86,0,Normal
2026-03-01 10:33:12,0.19,22.13,2.97,50,50,0,83.23,2.43,0,Normal
2026-03-01 10:33:13,0.65,29.44,3.45,51,51,0,82.84,2.25,0,Normal
2026-03-01 10:33:14,0.41,55.33,1.68,52,52,0,90.64,1.67,0,Normal
2026-03-01 10:33:15,0.72,66.87,3.83,51,51,0,87.88,4.97,0,Normal
2026-03-01 10:33:16,0.02,33.55,3.94,60,60,0,99.73,4.08,0,Normal
2026-03-01 10:33:17,1.09,21.19,2.65,46,45,1,75.81,2.33,0,Normal
2026-03-01 10:33:18,0.03,51.96,4.36,43,43,0,70.92,5.78,0,Normal
2026-03-01 10:33:19,0.45,29.7,4.92,50,50,0,85.54,5.04,0,Normal
2026-03-01 10:33:20,0.08,60.63,6.23,43,43,0,73.2,8.6,0,Normal
2026-03-01 10:33:21,0.64,70.65,2.1,60,60,0,98.83,2.52,0,Normal
2026-03-01 10:33:22,0.69,20.2,4.49,54,54,0,89.26,5.96,0,Normal
2026-03-01 10:33:23,0.28,24.73,6.06,51,51,0,85.58,6.78,0,Normal
2026-03-01 10:33:24,0.18,32.34,2.84,53,53,0,91.12,3.95,0,Normal
2026-03-01 10:33:25,0.55,24.24,6.22,50,50,0,83.43,6.35,0,Normal
2026-03-01 10:33:26,0.73,28.63,2.39,43,43,0,74.2,2.66,0,Normal
2026-03-01 10:33:27,0.47,67.82,3.43,50,50,0,84.47,2.42,0,Normal
2026-03-01 10:33:28,0.83,55.85,1.53,48,48,0,79.39,2.06,0,Normal
2026-03-01 10:33:29,0.34,22.62,1.43,59,59,0,98.49,1.24,0,Normal
2026-03-01 10:33:30,0.39,64.85,1.65,48,48,0,81.59,1.87,0,Normal
2026-03-01 10:33:31,0.3,28.08,6.29,58,58,0,98.7,5.59,0,Normal
2026-03-01 10:33:32,0.23,35.63,2.34,46,46,0,78.68,3.06,0,Normal
2026-03-01 10:33:33,0.37,31.12,2.34,51,51,0,86.0,1.61,0,Normal
2026-03-01 10:33:34,0.29,62.08,3.99,51,51,0,86.35,5.27,0,Normal
2026-03-01 10:33:35,0.46,32.91,2.38,48,48,0,84.02,2.61,0,Normal
2026-03-01 10:33:36,0.95,32.56,5.71,60,59,1,102.73,7.8,0,Normal
2026-03-01 10:33:37,0.16,27.28,7.68,59,59,0,99.19,7.7,0,Normal
2026-03-01 10:33:38,0.19,46.06,1.22,59,59,0,96.47,1.22,0,Normal
2026-03-01 10:33:39,0.01,28.68,4.2,45,45,0,75.79,3.72,0,Normal
2026-03-01 10:33:40,0.26,16.16,1.31,47,47,0,79.13,1.13,0,Normal
2026-03-01 10:33:41,0.05,57.54,1.8,46,46,0,75.39,1.26,0,Normal
2026-03-01 10:33:42,0.44,22.11,4.12,42,42,0,70.75,3.55,0,Normal
2026-03-01 10:33:43,0.53,34.1,2.17,57,57,0,94.19,2.36,0,Normal
2026-03-01 10:33:44,0.45,32.35,3.73,59,59,0,99.69,2.49,0,Normal
2026-03-01 10:33:45,0.28,63.48,3.37,49,49,0,83.21,2.52,0,Normal
2026-03-01 10:33:46,0.27,22.67,1.58,53,53,0,89.83,2.04,0,Normal
2026-03-01 10:33:47,0.36,46.15,4.46,42,42,0,72.04,3.0,0,Normal
2026-03-01 10:33:48,0.28,50.37,3.8,55,55,0,93.1,3.01,0,Normal
2026-03-01 10:33:49,0.49,44.59,3.38,49,49,0,83.5,2.04,0,Normal
2026-03-01 10:33:50,0.79,51.01,2.48,52,52,0,89.3,2.91,0,Normal
2026-03-01 10:33:51,0.27,45.62,3.96,53,53,0,88.38,5.07,0,Normal
2026-03-01 10:33:52,0.04,25.33,1.85,42,42,0,70.34,2.42,0,Normal
2026-03-01 10:33:53,0.05,26.18,2.11,44,44,0,73.39,2.78,0,Normal
2026-03-01 10:33:54,0.17,56.77,3.84,42,42,0,69.44,3.54,0,Normal
2026-03-01 10:33:55,0.24,58.21,5.28,51,51,0,85.23,5.53,0,Normal
2026-03-01 10:33:56,0.09,67.55,2.68,42,42,0,71.81,3.06,0,Normal
2026-03-01 10:33:57,0.21,26.34,4.08,47,47,0,80.05,5.43,0,Normal
2026-03-01 10:33:58,0.05,39.83,3.64,45,45,0,73.06,4.5,0,Normal
2026-03-01 10:33:59,0.1,31.49,4.0,53,53,0,91.61,3.97,0,Normal
2026-03-01 10:34:00,0.46,25.09,2.43,43,43,0,73.51,2.45,0,Normal
2026-03-01 10:34:01,1.48,23.55,3.1,42,41,1,69.22,2.7,0,Normal
2026-03-01 10:34:02,0.07,34.25,3.26,42,42,0,68.49,1.99,0,Normal
2026-03-01 10:34:03,0.14,42.26,6.52,60,60,0,99.02,4.66,0,Normal
2026-03-01 10:34:04,0.15,28.05,2.02,42,42,0,72.81,1.75,0,Normal
2026-03-01 10:34:05,0.09,24.41,1.77,60,60,0,102.31,1.91,0,Normal
2026-03-01 10:34:06,0.08,27.63,12.8,60,60,0,102.49,15.0,0,Normal
2026-03-01 10:34:07,0.05,24.17,3.82,58,58,0,97.24,5.01,0,Normal
2026-03-01 10:34:08,0.83,53.41,4.25,59,59,0,101.08,4.43,0,Normal
2026-03-01 10:34:09,0.37,32.3,4.43,47,47,0,76.91,4.06,0,Normal
2026-03-01 10:34:10,0.12,26.95,4.7,45,45,0,73.75,5.42,0,Normal
2026-03-01 10:34:11,0.1,26.86,4.98,42,42,0,72.07,4.55,0,Normal
2026-03-01 10:34:12,0.31,77.04,4.71,45,45,0,74.22,3.23,0,Normal
2026-03-01 10:34:13,0.42,27.97,5.51,48,48,0,80.58,3.33,0,Normal
2026-03-01 10:34:14,0.1,22.26,3.58,46,46,0,74.62,4.18,0,Normal
2026-03-01 10:34:15,0.15,16.6,5.38,59,59,0,94.85,7.1,0,Normal
2026-03-01 10:34:16,27.35,23.21,7.78,47,34,13,57.12,8.89,1,Packet Drop Burst
2026-03-01 10:34:17,18.89,59.98,3.63,60,49,11,82.32,2.26,1,Packet Drop Burst
2026-03-01 10:34:18,25.47,23.57,4.12,44,33,11,55.44,3.2,1,Packet Drop Burst
2026-03-01 10:34:19,21.58,32.92,2.56,48,38,10,63.84,3.47,1,Packet Drop Burst
2026-03-01 10:34:20,31.83,26.63,3.08,58,40,18,67.2,3.6,1,Packet Drop Burst
2026-03-01 10:34:21,23.92,57.14,3.89,56,43,13,72.24,4.63,1,Packet Drop Burst
2026-03-01 10:34:22,27.39,24.63,2.79,60,44,16,73.92,3.47,1,Packet Drop Burst
2026-03-01 10:34:23,36.69,48.55,3.46,48,30,18,50.4,4.6,1,Packet Drop Burst
2026-03-01 10:34:24,37.85,26.27,3.87,47,29,18,48.72,3.68,1,Packet Drop Burst
2026-03-01 10:34:25,28.7,62.43,6.58,53,38,15,63.84,6.21,1,Packet Drop Burst
2026-03-01 10:34:26,23.51,58.35,2.25,51,39,12,65.52,1.39,1,Packet Drop Burst
2026-03-01 10:34:27,26.79,31.65,4.01,44,32,12,53.76,5.41,1,Packet Drop Burst
2026-03-01 10:34:28,35.51,15.82,2.53,42,27,15,45.36,1.78,1,Packet Drop Burst
2026-03-01 10:34:29,22.76,31.0,4.69,44,34,10,57.12,4.5,1,Packet Drop Burst
2026-03-01 10:34:30,19.25,47.43,4.86,49,40,9,67.2,5.25,1,Packet Drop Burst
2026-03-01 10:34:31,34.36,26.14,7.06,42,28,14,47.04,9.85,1,Packet Drop Burst
2026-03-01 10:34:32,28.6,32.14,2.74,48,34,14,57.12,2.52,1,Packet Drop Burst
2026-03-01 10:34:33,35.94,21.28,3.54,54,35,19,58.8,4.02,1,Packet Drop Burst
2026-03-01 10:34:34,31.71,34.94,4.77,52,36,16,60.48,6.49,1,Packet Drop Burst
2026-03-01 10:34:35,18.71,25.88,4.47,51,41,10,68.88,4.72,1,Packet Drop Burst
2026-03-01 10:34:36,0.24,59.83,1.08,44,44,0,75.99,1.11,0,Normal
2026-03-01 10:34:37,0.14,63.88,2.44,59,59,0,98.09,2.58,0,Normal
2026-03-01 10:34:38,0.11,38.23,4.29,45,45,0,78.26,5.38,0,Normal
2026-03-01 10:34:39,0.2,35.19,3.02,55,55,0,93.27,1.92,0,Normal
2026-03-01 10:34:40,0.13,24.33,4.78,60,60,0,102.85,5.78,0,Normal
2026-03-01 10:34:41,1.64,60.96,5.31,47,46,1,77.98,3.92,0,Normal
2026-03-01 10:34:42,0.07,28.68,3.02,44,44,0,76.08,3.66,0,Normal
2026-03-01 10:34:43,0.01,24.5,4.35,42,42,0,72.18,5.4,0,Normal
2026-03-01 10:34:44,0.05,37.48,6.39,51,51,0,86.51,7.04,0,Normal
2026-03-01 10:34:45,0.78,47.79,5.25,46,46,0,76.62,4.99,0,Normal
2026-03-01 10:34:46,0.41,26.2,2.35,50,50,0,83.34,2.78,0,Normal
2026-03-01 10:34:47,0.54,19.62,3.05,55,55,0,90.98,1.88,0,Normal
2026-03-01 10:34:48,0.14,30.52,3.36,49,49,0,82.21,3.76,0,Normal
2026-03-01 10:34:49,0.34,20.95,2.18,45,45,0,77.26,1.71,0,Normal
2026-03-01 10:34:50,0.43,30.65,5.37,48,48,0,81.51,6.06,0,Normal
2026-03-01 10:34:51,0.14,31.48,2.48,42,42,0,69.4,1.76,0,Normal
2026-03-01 10:34:52,0.45,23.5,3.17,51,51,0,87.13,2.36,0,Normal
2026-03-01 10:34:53,0.35,56.56,5.38,58,58,0,95.68,5.17,0,Normal
2026-03-01 10:34:54,0.12,26.35,2.71,51,51,0,86.18,2.78,0,Normal
2026-03-01 10:34:55,0.02,19.17,2.85,60,60,0,102.89,2.66,0,Normal
2026-03-01 10:34:56,0.1,37.27,3.87,48,48,0,78.88,4.21,0,Normal
2026-03-01 10:34:57,0.34,22.46,2.76,49,49,0,82.58,1.78,0,Normal
2026-03-01 10:34:58,0.32,31.04,6.62,47,47,0,77.91,4.99,0,Normal
2026-03-01 10:34:59,0.25,59.49,2.2,58,58,0,99.88,1.33,0,Normal
2026-03-01 10:35:00,0.1,30.34,1.18,49,49,0,85.69,1.24,0,Normal
2026-03-01 10:35:01,0.21,66.66,4.85,44,44,0,74.75,5.59,0,Normal
2026-03-01 10:35:02,0.05,67.85,2.83,52,52,0,88.68,2.79,0,Normal
2026-03-01 10:35:03,0.38,38.15,2.31,59,59,0,101.17,2.24,0,Normal
2026-03-01 10:35:04,0.71,60.87,3.95,47,47,0,80.11,3.71,0,Normal
2026-03-01 10:35:05,0.22,30.85,4.01,57,57,0,94.52,3.48,0,Normal
2026-03-01 10:35:06,0.08,20.0,2.36,57,57,0,95.09,2.52,0,Normal
2026-03-01 10:35:07,0.62,51.82,5.66,43,43,0,71.56,3.43,0,Normal
2026-03-01 10:35:08,0.13,31.94,4.89,42,42,0,67.96,5.27,0,Normal
2026-03-01 10:35:09,0.32,15.98,8.07,42,42,0,72.03,8.01,0,Normal
2026-03-01 10:35:10,0.03,30.03,2.7,52,52,0,85.48,2.97,0,Normal
2026-03-01 10:35:11,0.44,20.01,3.56,48,48,0,81.88,4.57,0,Normal
2026-03-01 10:35:12,0.22,22.79,3.69,44,44,0,72.83,4.66,0,Normal
2026-03-01 10:35:13,0.19,74.48,2.87,42,42,0,70.23,3.57,0,Normal
2026-03-01 10:35:14,0.96,29.48,3.98,60,59,1,99.96,3.7,0,Normal
2026-03-01 10:35:15,0.24,51.48,4.12,51,51,0,87.97,3.76,0,Normal
2026-03-01 10:35:16,0.01,30.09,4.12,46,46,0,78.58,3.15,0,Normal
2026-03-01 10:35:17,1.13,30.75,2.87,42,42,0,70.38,1.79,0,Normal
2026-03-01 10:35:18,0.0,29.01,3.02,43,43,0,72.19,3.03,0,Normal
2026-03-01 10:35:19,0.27,32.1,2.57,46,46,0,75.51,3.55,0,Normal
2026-03-01 10:35:20,0.35,30.8,2.37,60,60,0,101.76,2.85,0,Normal
2026-03-01 10:35:21,0.79,70.49,3.23,44,44,0,73.8,3.35,0,Normal
2026-03-01 10:35:22,0.4,33.44,6.57,60,60,0,99.4,5.51,0,Normal
2026-03-01 10:35:23,0.58,32.81,8.31,49,49,0,83.49,5.8,0,Normal
2026-03-01 10:35:24,0.51,25.83,6.0,51,51,0,87.81,4.86,0,Normal
2026-03-01 10:35:25,0.08,16.15,2.69,43,43,0,71.97,2.77,0,Normal
2026-03-01 10:35:26,0.42,29.45,3.99,49,49,0,81.48,4.38,0,Normal
2026-03-01 10:35:27,0.36,29.96,1.32,47,47,0,78.09,1.18,0,Normal
2026-03-01 10:35:28,0.1,65.92,3.1,44,44,0,74.52,2.12,0,Normal
2026-03-01 10:35:29,0.05,49.03,2.79,51,51,0,83.89,2.26,0,Normal
2026-03-01 10:35:30,0.49,34.43,7.72,46,46,0,77.39,6.22,0,Normal
2026-03-01 10:35:31,1.24,42.39,3.73,50,49,1,81.71,3.84,0,Normal
2026-03-01 10:35:32,0.47,28.88,3.4,42,42,0,71.32,2.32,0,Normal
2026-03-01 10:35:33,0.48,53.12,3.22,50,50,0,84.87,2.67,0,Normal
2026-03-01 10:35:34,0.06,63.17,2.91,58,58,0,95.76,2.55,0,Normal
2026-03-01 10:35:35,0.1,62.5,4.22,49,49,0,83.32,4.31,0,Normal
2026-03-01 10:35:36,0.31,27.18,2.46,50,50,0,84.69,2.07,0,Normal
2026-03-01 10:35:37,0.01,35.07,4.25,43,43,0,71.95,3.06,0,Normal
2026-03-01 10:35:38,0.39,32.91,6.32,42,42,0,69.91,3.92,0,Normal
2026-03-01 10:35:39,0.05,55.75,3.49,53,53,0,88.4,2.58,0,Normal
2026-03-01 10:35:40,0.19,56.02,2.88,55,55,0,92.14,3.63,0,Normal
2026-03-01 10:35:41,0.14,20.06,3.21,52,52,0,85.96,2.83,0,Normal
2026-03-01 10:35:42,0.04,56.54,5.7,50,50,0,82.97,5.88,0,Normal
2026-03-01 10:35:43,0.3,64.32,3.53,53,53,0,89.35,3.51,0,Normal
2026-03-01 10:35:44,0.16,28.2,2.52,53,53,0,88.18,2.07,0,Normal
2026-03-01 10:35:45,0.02,56.03,4.78,55,55,0,93.72,6.09,0,Normal
2026-03-01 10:35:46,0.21,23.54,2.41,50,50,0,83.8,3.26,0,Normal
2026-03-01 10:35:47,0.31,30.01,2.99,49,49,0,81.61,2.3,0,Normal
2026-03-01 10:35:48,0.05,22.6,3.68,47,47,0,79.46,4.59,0,Normal
2026-03-01 10:35:49,0.31,29.11,2.31,43,43,0,71.63,2.78,0,Normal
2026-03-01 10:35:50,0.13,72.9,1.49,56,56,0,92.91,1.89,0,Normal
2026-03-01 10:35:51,0.11,36.56,4.06,52,52,0,86.85,3.77,0,Normal
2026-03-01 10:35:52,0.56,32.85,1.24,49,49,0,79.26,1.42,0,Normal
2026-03-01 10:35:53,0.22,27.61,2.19,49,49,0,79.36,1.65,0,Normal
2026-03-01 10:35:54,0.17,25.03,4.71,60,60,0,99.42,6.48,0,Normal
2026-03-01 10:35:55,0.59,32.55,4.01,42,42,0,68.77,4.72,0,Normal
2026-03-01 10:35:56,0.84,28.15,3.09,42,42,0,71.54,2.04,0,Normal
2026-03-01 10:35:57,0.13,28.36,2.22,47,47,0,80.85,2.89,0,Normal
2026-03-01 10:35:58,0.02,53.83,2.73,49,49,0,82.81,3.74,0,Normal
2026-03-01 10:35:59,0.27,58.98,4.3,60,60,0,97.95,3.73,0,Normal
2026-03-01 10:36:00,0.44,32.51,3.13,58,58,0,95.33,3.23,0,Normal
2026-03-01 10:36:01,0.31,48.48,1.9,57,57,0,96.29,2.65,0,Normal
2026-03-01 10:36:02,0.41,51.0,2.23,45,45,0,75.34,2.15,0,Normal
2026-03-01 10:36:03,0.36,30.48,2.73,50,50,0,81.22,3.09,0,Normal
2026-03-01 10:36:04,1.09,30.83,3.92,56,55,1,91.11,3.77,0,Normal
2026-03-01 10:36:05,0.7,53.4,3.48,53,53,0,87.43,2.3,0,Normal
2026-03-01 10:36:06,0.05,31.77,1.89,60,60,0,102.99,1.91,0,Normal
2026-03-01 10:36:07,0.21,24.26,6.09,44,44,0,74.98,7.68,0,Normal
2026-03-01 10:36:08,0.21,32.41,2.38,60,60,0,100.37,1.5,0,Normal
2026-03-01 10:36:09,0.21,22.76,4.05,55,55,0,92.74,3.86,0,Normal
2026-03-01 10:36:10,0.93,53.12,2.17,49,49,0,82.54,2.73,0,Normal
2026-03-01 10:36:11,0.14,20.79,10.14,51,51,0,85.8,8.95,0,Normal
2026-03-01 10:36:12,0.33,21.76,6.03,48,48,0,83.38,8.33,0,Normal
2026-03-01 10:36:13,0.79,21.72,2.34,56,56,0,96.19,2.12,0,Normal
2026-03-01 10:36:14,0.02,16.92,3.45,43,43,0,74.53,4.24,0,Normal
2026-03-01 10:36:15,0.74,50.83,2.09,51,51,0,86.18,1.66,0,Normal
2026-03-01 10:36:16,0.51,34.0,2.83,46,46,0,76.77,2.45,0,Normal
2026-03-01 10:36:17,0.08,40.96,4.02,49,49,0,80.46,4.73,0,Normal
2026-03-01 10:36:18,0.14,17.51,4.86,44,44,0,72.43,3.14,0,Normal
2026-03-01 10:36:19,0.13,24.93,1.9,43,43,0,73.76,1.28,0,Normal
2026-03-01 10:36:20,8.28,57.49,2.37,47,43,4,72.24,1.93,1,High Packet Loss
2026-03-01 10:36:21,16.12,17.02,5.07,55,46,9,77.28,4.06,1,High Packet Loss
2026-03-01 10:36:22,13.93,56.58,6.02,60,52,8,87.36,3.93,1,High Packet Loss
2026-03-01 10:36:23,11.43,19.35,2.34,42,37,5,62.16,3.23,1,High Packet Loss
2026-03-01 10:36:24,16.6,60.45,5.11,45,38,7,63.84,4.26,1,High Packet Loss
2026-03-01 10:36:25,19.38,25.55,1.9,53,43,10,72.24,2.24,1,High Packet Loss
2026-03-01 10:36:26,14.88,48.03,2.9,42,36,6,60.48,2.66,1,High Packet Loss
2026-03-01 10:36:27,20.19,54.96,1.98,55,44,11,73.92,2.76,1,High Packet Loss
2026-03-01 10:36:28,13.53,32.67,2.77,42,36,6,60.48,1.97,1,High Packet Loss
2026-03-01 10:36:29,14.98,27.76,7.84,44,37,7,62.16,7.05,1,High Packet Loss
2026-03-01 10:36:30,15.8,24.37,3.24,43,36,7,60.48,3.06,1,High Packet Loss
2026-03-01 10:36:31,11.68,30.74,2.92,46,41,5,68.88,3.43,1,High Packet Loss
2026-03-01 10:36:32,12.54,29.24,2.58,43,38,5,63.84,2.57,1,High Packet Loss
2026-03-01 10:36:33,15.21,23.98,2.9,57,48,9,80.64,3.48,1,High Packet Loss
2026-03-01 10:36:34,21.9,28.25,2.31,42,33,9,55.44,2.94,1,High Packet Loss
2026-03-01 10:36:35,15.91,23.49,3.53,56,47,9,78.96,2.94,1,High Packet Loss
2026-03-01 10:36:36,7.96,70.21,3.27,51,47,4,78.96,4.07,1,High Packet Loss
2026-03-01 10:36:37,19.16,52.9,2.7,56,45,11,75.6,2.68,1,High Packet Loss
2026-03-01 10:36:38,15.29,76.71,2.6,48,41,7,68.88,1.72,1,High Packet Loss
2026-03-01 10:36:39,13.19,32.62,3.6,57,49,8,82.32,3.02,1,High Packet Loss
2026-03-01 10:36:40,0.01,31.81,2.39,47,47,0,81.25,2.97,0,Normal
2026-03-01 10:36:41,0.12,22.68,2.98,45,45,0,74.4,2.72,0,Normal
2026-03-01 10:36:42,0.43,60.49,2.71,54,54,0,90.1,1.83,0,Normal
2026-03-01 10:36:43,0.08,26.21,1.23,55,55,0,92.64,1.37,0,Normal
2026-03-01 10:36:44,1.95,33.58,4.89,44,43,1,72.18,6.26,0,Normal
2026-03-01 10:36:45,0.02,27.25,1.46,53,53,0,90.61,1.03,0,Normal
2026-03-01 10:36:46,0.05,29.88,1.5,60,60,0,101.76,1.55,0,Normal
2026-03-01 10:36:47,0.54,30.06,4.97,60,60,0,102.88,3.81,0,Normal
2026-03-01 10:36:48,1.31,32.88,2.02,57,56,1,91.66,1.75,0,Normal
2026-03-01 10:36:49,1.08,18.19,1.3,48,47,1,80.14,1.21,0,Normal
2026-03-01 10:36:50,0.56,18.54,6.06,45,45,0,74.13,3.66,0,Normal
2026-03-01 10:36:51,1.26,32.03,2.49,57,56,1,94.75,2.2,0,Normal
2026-03-01 10:36:52,0.64,30.14,5.74,46,46,0,76.91,4.86,0,Normal
2026-03-01 10:36:53,0.02,62.93,2.2,52,52,0,86.33,2.5,0,Normal
2026-03-01 10:36:54,0.65,30.19,1.58,45,45,0,77.36,2.07,0,Normal
2026-03-01 10:36:55,0.23,19.55,2.87,53,53,0,86.52,1.97,0,Normal
2026-03-01 10:36:56,0.21,49.0,1.93,42,42,0,73.28,1.9,0,Normal
2026-03-01 10:36:57,0.0,71.17,3.98,52,52,0,88.31,3.27,0,Normal
2026-03-01 10:36:58,0.34,31.73,4.5,50,50,0,84.25,6.26,0,Normal
2026-03-01 10:36:59,0.39,28.45,5.04,48,48,0,80.42,6.18,0,Normal
2026-03-01 10:37:00,0.55,67.32,2.89,48,48,0,80.08,2.0,0,Normal
2026-03-01 10:37:01,0.14,20.14,6.18,49,49,0,83.02,5.53,0,Normal
2026-03-01 10:37:02,0.05,55.02,2.19,42,42,0,68.47,1.51,0,Normal
2026-03-01 10:37:03,0.2,22.84,3.53,45,45,0,70.99,4.34,0,Normal
2026-03-01 10:37:04,0.16,61.33,3.12,48,48,0,80.77,3.09,0,Normal
2026-03-01 10:37:05,0.49,19.5,8.07,54,54,0,89.6,9.02,0,Normal
2026-03-01 10:37:06,0.09,72.96,5.72,51,51,0,84.31,6.06,0,Normal
2026-03-01 10:37:07,0.05,25.74,3.37,42,42,0,68.2,2.51,0,Normal
2026-03-01 10:37:08,0.2,64.57,3.63,45,45,0,77.41,2.22,0,Normal
2026-03-01 10:37:09,0.35,30.74,6.63,50,50,0,86.73,8.59,0,Normal
2026-03-01 10:37:10,0.12,29.38,2.37,46,46,0,77.2,1.6,0,Normal
2026-03-01 10:37:11,0.04,43.96,1.33,46,46,0,77.05,1.64,0,Normal
2026-03-01 10:37:12,0.2,62.63,2.15,55,55,0,93.03,1.62,0,Normal
2026-03-01 10:37:13,1.14,20.44,2.76,57,56,1,94.63,3.53,0,Normal
2026-03-01 10:37:14,1.2,30.75,6.12,52,51,1,84.9,6.58,0,Normal
2026-03-01 10:37:15,0.43,27.68,5.29,56,56,0,95.9,4.86,0,Normal
2026-03-01 10:37:16,0.53,60.76,3.26,53,53,0,90.74,3.67,0,Normal
2026-03-01 10:37:17,0.08,19.47,4.1,48,48,0,81.75,3.35,0,Normal
2026-03-01 10:37:18,0.16,30.72,2.41,50,50,0,86.67,2.26,0,Normal
2026-03-01 10:37:19,0.32,57.23,8.5,50,50,0,85.16,10.7,0,Normal
2026-03-01 10:37:20,0.49,50.94,5.73,53,53,0,88.06,3.48,0,Normal
2026-03-01 10:37:21,0.06,33.82,3.4,54,54,0,90.84,2.68,0,Normal
2026-03-01 10:37:22,0.21,29.71,3.21,43,43,0,73.65,3.83,0,Normal
2026-03-01 10:37:23,0.06,35.18,4.55,51,51,0,84.1,5.35,0,Normal
2026-03-01 10:37:24,0.35,34.54,3.24,52,52,0,86.95,2.37,0,Normal
2026-03-01 10:37:25,0.52,27.05,1.46,60,60,0,98.43,2.03,0,Normal
2026-03-01 10:37:26,20.14,37.81,6.62,45,36,9,60.48,7.55,1,High Packet Loss
2026-03-01 10:37:27,18.89,74.6,5.62,52,42,10,70.56,5.04,1,High Packet Loss
2026-03-01 10:37:28,9.34,42.34,3.93,50,45,5,75.6,3.46,1,High Packet Loss
2026-03-01 10:37:29,21.23,67.6,2.75,60,47,13,78.96,2.8,1,High Packet Loss
2026-03-01 10:37:30,9.47,27.71,3.33,59,53,6,89.04,2.1,1,High Packet Loss
2026-03-01 10:37:31,0.63,24.6,1.01,58,58,0,97.91,1.18,0,Normal
2026-03-01 10:37:32,0.1,25.74,2.02,52,52,0,84.66,1.32,0,Normal
2026-03-01 10:37:33,0.23,66.82,7.35,49,49,0,83.01,8.25,0,Normal
2026-03-01 10:37:34,0.3,25.22,4.19,57,57,0,94.29,5.2,0,Normal
2026-03-01 10:37:35,0.01,33.11,1.38,60,60,0,100.88,1.83,0,Normal
2026-03-01 10:37:36,0.82,26.59,2.29,42,42,0,71.69,1.64,0,Normal
2026-03-01 10:37:37,0.25,33.62,1.4,44,44,0,74.21,1.67,0,Normal
2026-03-01 10:37:38,0.07,24.74,2.34,51,51,0,82.91,3.24,0,Normal
2026-03-01 10:37:39,0.06,51.89,3.08,42,42,0,70.96,2.02,0,Normal
2026-03-01 10:37:40,0.41,53.3,6.83,58,58,0,98.72,4.25,0,Normal
2026-03-01 10:37:41,0.03,23.67,4.73,47,47,0,78.66,3.64,0,Normal
2026-03-01 10:37:42,0.2,59.84,2.9,52,52,0,88.13,2.21,0,Normal
2026-03-01 10:37:43,0.27,32.09,2.96,54,54,0,91.52,2.53,0,Normal
2026-03-01 10:37:44,0.09,71.47,2.32,48,48,0,77.61,3.1,0,Normal
2026-03-01 10:37:45,0.05,23.82,5.42,42,42,0,72.44,6.22,0,Normal
2026-03-01 10:37:46,0.24,56.63,5.72,42,42,0,69.72,3.48,0,Normal
2026-03-01 10:37:47,0.15,42.59,1.82,42,42,0,69.47,1.81,0,Normal
2026-03-01 10:37:48,0.05,55.56,1.53,51,51,0,84.64,1.99,0,Normal
2026-03-01 10:37:49,0.08,30.59,2.88,42,42,0,72.41,2.96,0,Normal
2026-03-01 10:37:50,0.22,27.47,3.04,53,53,0,91.25,2.3,0,Normal
2026-03-01 10:37:51,0.05,42.35,3.73,45,45,0,76.31,5.08,0,Normal
2026-03-01 10:37:52,0.96,50.86,1.56,60,59,1,98.4,1.32,0,Normal
2026-03-01 10:37:53,0.52,21.06,2.41,56,56,0,98.44,2.12,0,Normal
2026-03-01 10:37:54,0.14,27.22,3.2,56,56,0,94.05,2.83,0,Normal
2026-03-01 10:37:55,0.1,28.77,2.34,43,43,0,71.26,2.14,0,Normal
2026-03-01 10:37:56,0.73,31.18,4.88,57,57,0,97.3,5.7,0,Normal
2026-03-01 10:37:57,0.19,53.96,7.7,52,52,0,87.18,6.56,0,Normal
2026-03-01 10:37:58,0.7,57.72,2.61,42,42,0,73.7,2.53,0,Normal
2026-03-01 10:37:59,0.47,12.0,4.95,45,45,0,74.33,4.02,0,Normal
2026-03-01 10:38:00,0.03,60.2,2.83,60,60,0,100.53,2.85,0,Normal
2026-03-01 10:38:01,0.59,32.29,2.18,42,42,0,72.86,2.97,0,Normal
2026-03-01 10:38:02,0.27,33.77,2.41,42,42,0,71.29,2.0,0,Normal
2026-03-01 10:38:03,0.4,21.15,4.69,43,43,0,71.8,5.88,0,Normal
2026-03-01 10:38:04,0.09,62.82,2.49,59,59,0,97.74,1.93,0,Normal
2026-03-01 10:38:05,0.0,57.74,2.72,60,60,0,99.1,1.94,0,Normal
2026-03-01 10:38:06,0.14,34.47,1.98,48,48,0,78.7,1.34,0,Normal
2026-03-01 10:38:07,0.07,37.17,4.42,42,42,0,72.02,6.11,0,Normal
2026-03-01 10:38:08,0.2,28.92,4.08,53,53,0,90.22,4.31,0,Normal
2026-03-01 10:38:09,0.03,26.44,6.39,48,48,0,81.42,6.46,0,Normal
2026-03-01 10:38:10,0.79,19.34,4.34,45,45,0,73.94,2.63,0,Normal
2026-03-01 10:38:11,0.04,28.65,4.0,45,45,0,75.16,3.95,0,Normal
2026-03-01 10:38:12,0.51,43.01,4.32,60,60,0,101.29,4.88,0,Normal
2026-03-01 10:38:13,0.98,35.74,2.96,60,59,1,101.01,2.75,0,Normal
2026-03-01 10:38:14,0.06,29.05,3.49,57,57,0,96.3,2.45,0,Normal
2026-03-01 10:38:15,0.15,29.82,5.05,47,47,0,79.16,4.11,0,Normal
2026-03-01 10:38:16,0.46,23.87,2.3,52,52,0,85.97,2.69,0,Normal
2026-03-01 10:38:17,0.44,25.86,7.14,53,53,0,90.39,7.0,0,Normal
2026-03-01 10:38:18,0.01,28.89,4.42,42,42,0,70.14,4.35,0,Normal
2026-03-01 10:38:19,0.03,28.9,8.24,48,48,0,78.53,5.2,0,Normal
2026-03-01 10:38:20,0.04,60.85,1.96,60,60,0,99.47,2.0,0,Normal
2026-03-01 10:38:21,0.29,33.77,1.96,51,51,0,86.71,1.84,0,Normal
2026-03-01 10:38:22,0.02,31.12,3.93,45,45,0,76.67,5.12,0,Normal
2026-03-01 10:38:23,0.31,67.57,3.51,50,50,0,79.98,3.18,0,Normal
2026-03-01 10:38:24,0.15,22.23,2.7,53,53,0,88.9,2.94,0,Normal
2026-03-01 10:38:25,0.39,22.67,1.88,43,43,0,70.3,2.53,0,Normal
2026-03-01 10:38:26,0.53,29.41,2.94,42,42,0,71.15,3.1,0,Normal
2026-03-01 10:38:27,0.55,15.84,3.66,60,60,0,101.68,2.28,0,Normal
2026-03-01 10:38:28,0.01,27.96,1.84,53,53,0,87.43,1.26,0,Normal
2026-03-01 10:38:29,1.03,36.45,2.76,54,53,1,89.05,3.79,0,Normal
2026-03-01 10:38:30,0.31,57.75,3.94,44,44,0,75.17,4.11,0,Normal
2026-03-01 10:38:31,0.79,47.37,4.73,50,50,0,85.54,3.56,0,Normal
2026-03-01 10:38:32,0.33,23.81,2.92,50,50,0,82.73,3.08,0,Normal
2026-03-01 10:38:33,0.23,32.83,2.32,60,60,0,102.42,3.16,0,Normal
2026-03-01 10:38:34,0.46,29.84,3.5,57,57,0,96.15,2.22,0,Normal
2026-03-01 10:38:35,0.09,26.52,3.03,51,51,0,84.94,3.09,0,Normal
2026-03-01 10:38:36,0.04,24.47,1.72,47,47,0,78.82,1.22,0,Normal
2026-03-01 10:38:37,0.03,28.46,2.71,42,42,0,71.76,2.6,0,Normal
2026-03-01 10:38:38,0.66,26.18,2.55,52,52,0,88.53,2.86,0,Normal
2026-03-01 10:38:39,0.85,32.71,3.35,46,46,0,78.64,3.24,0,Normal
2026-03-01 10:38:40,0.59,35.45,2.39,43,43,0,71.23,3.27,0,Normal
2026-03-01 10:38:41,0.82,19.8,2.59,43,43,0,72.58,2.77,0,Normal
2026-03-01 10:38:42,1.46,20.65,3.06,55,54,1,90.36,4.19,0,Normal
2026-03-01 10:38:43,0.26,36.09,4.43,60,60,0,101.12,3.77,0,Normal
2026-03-01 10:38:44,0.06,28.99,3.46,48,48,0,79.88,2.14,0,Normal
2026-03-01 10:38:45,0.33,21.21,11.01,54,54,0,93.1,7.97,0,Normal
2026-03-01 10:38:46,0.15,33.9,1.88,54,54,0,90.69,1.24,0,Normal
2026-03-01 10:38:47,0.15,30.05,5.0,45,45,0,75.39,5.96,0,Normal
2026-03-01 10:38:48,0.46,41.22,3.21,56,56,0,94.75,2.41,0,Normal
2026-03-01 10:38:49,0.03,26.59,1.77,51,51,0,87.34,2.14,0,Normal
2026-03-01 10:38:50,0.01,42.75,2.8,57,57,0,95.83,2.88,0,Normal
2026-03-01 10:38:51,0.42,19.31,1.68,58,58,0,96.97,1.3,0,Normal
2026-03-01 10:38:52,0.11,36.38,3.45,43,43,0,73.58,3.76,0,Normal
2026-03-01 10:38:53,7.87,284.08,36.59,45,41,4,68.88,54.88,1,Combined Degradation
2026-03-01 10:38:54,10.75,198.11,43.19,47,42,5,70.56,64.79,1,Combined Degradation
2026-03-01 10:38:55,14.06,208.07,66.08,53,46,7,77.28,99.12,1,Combined Degradation
2026-03-01 10:38:56,17.72,304.22,46.45,53,44,9,73.92,69.68,1,Combined Degradation
2026-03-01 10:38:57,16.23,414.17,77.57,54,45,9,75.6,116.36,1,Combined Degradation
2026-03-01 10:38:58,21.31,238.69,53.35,54,42,12,70.56,80.02,1,Combined Degradation
2026-03-01 10:38:59,15.39,366.53,46.28,53,45,8,75.6,69.42,1,Combined Degradation
2026-03-01 10:39:00,11.53,267.98,73.94,49,43,6,72.24,110.92,1,Combined Degradation
2026-03-01 10:39:01,0.97,30.56,2.87,54,53,1,89.06,3.89,0,Normal
2026-03-01 10:39:02,0.16,56.31,6.57,46,46,0,76.6,8.94,0,Normal
2026-03-01 10:39:03,0.56,26.66,9.08,54,54,0,89.65,5.51,0,Normal
2026-03-01 10:39:04,0.24,23.24,6.37,47,47,0,77.58,8.73,0,Normal
2026-03-01 10:39:05,0.11,17.37,3.35,51,51,0,85.01,4.35,0,Normal
2026-03-01 10:39:06,0.48,29.09,3.25,50,50,0,83.57,3.53,0,Normal
2026-03-01 10:39:07,0.1,43.26,5.43,53,53,0,88.51,4.67,0,Normal
2026-03-01 10:39:08,0.04,50.1,2.36,42,42,0,67.53,2.21,0,Normal
2026-03-01 10:39:09,0.43,62.85,7.17,53,53,0,89.23,9.16,0,Normal
2026-03-01 10:39:10,0.12,37.25,4.74,48,48,0,82.22,3.4,0,Normal
2026-03-01 10:39:11,0.13,34.96,2.93,60,60,0,99.96,3.21,0,Normal
2026-03-01 10:39:12,0.75,42.0,3.77,59,59,0,96.66,2.96,0,Normal
2026-03-01 10:39:13,0.05,34.14,4.4,42,42,0,70.7,3.97,0,Normal
2026-03-01 10:39:14,0.51,36.73,2.74,55,55,0,93.99,1.65,0,Normal
2026-03-01 10:39:15,0.17,66.04,5.29,50,50,0,84.24,7.27,0,Normal
2026-03-01 10:39:16,0.78,26.39,5.89,46,46,0,76.19,4.04,0,Normal
2026-03-01 10:39:17,0.2,34.56,2.95,42,42,0,68.99,3.57,0,Normal
2026-03-01 10:39:18,0.18,33.92,2.68,56,56,0,95.14,2.81,0,Normal
2026-03-01 10:39:19,0.2,33.61,3.17,54,54,0,90.37,4.0,0,Normal
2026-03-01 10:39:20,0.64,65.21,1.97,60,60,0,100.02,2.0,0,Normal
2026-03-01 10:39:21,0.0,31.98,1.57,46,46,0,76.37,2.18,0,Normal
2026-03-01 10:39:22,0.43,55.9,2.73,42,42,0,70.89,2.97,0,Normal
2026-03-01 10:39:23,0.08,27.7,2.16,42,42,0,70.74,2.36,0,Normal
2026-03-01 10:39:24,0.75,25.58,7.37,59,59,0,99.2,9.85,0,Normal
2026-03-01 10:39:25,0.17,53.54,2.7,51,51,0,84.23,2.18,0,Normal
2026-03-01 10:39:26,0.14,40.27,4.08,49,49,0,80.78,3.63,0,Normal
2026-03-01 10:39:27,0.44,50.07,2.5,46,46,0,76.3,2.83,0,Normal
2026-03-01 10:39:28,0.45,25.75,7.4,48,48,0,81.08,5.28,0,Normal
2026-03-01 10:39:29,0.35,26.36,3.04,50,50,0,84.82,3.8,0,Normal
2026-03-01 10:39:30,0.14,21.83,1.9,42,42,0,72.76,2.04,0,Normal
2026-03-01 10:39:31,0.33,69.36,4.49,42,42,0,69.3,5.4,0,Normal
2026-03-01 10:39:32,0.02,21.56,3.73,55,55,0,93.49,5.19,0,Normal
2026-03-01 10:39:33,1.09,24.84,5.71,49,48,1,78.06,7.88,0,Normal
2026-03-01 10:39:34,0.21,52.36,3.1,56,56,0,94.61,2.97,0,Normal
2026-03-01 10:39:35,0.13,30.34,3.49,57,57,0,93.49,2.87,0,Normal
2026-03-01 10:39:36,0.69,61.49,1.68,49,49,0,80.48,1.87,0,Normal
2026-03-01 10:39:37,0.14,37.42,4.84,60,60,0,101.93,5.65,0,Normal
2026-03-01 10:39:38,1.95,21.48,3.42,45,44,1,74.15,2.85,0,Normal
2026-03-01 10:39:39,0.41,22.23,3.14,48,48,0,80.16,2.59,0,Normal
2026-03-01 10:39:40,0.37,20.57,2.99,42,42,0,68.47,2.31,0,Normal
2026-03-01 10:39:41,0.06,24.03,2.92,44,44,0,74.47,3.88,0,Normal
2026-03-01 10:39:42,0.33,22.62,4.86,49,49,0,82.45,3.31,0,Normal
2026-03-01 10:39:43,0.06,22.77,2.19,50,50,0,85.09,1.74,0,Normal
2026-03-01 10:39:44,0.54,13.21,4.64,50,50,0,81.4,5.1,0,Normal
2026-03-01 10:39:45,0.05,28.78,1.61,42,42,0,71.49,1.57,0,Normal
2026-03-01 10:39:46,0.16,29.39,1.4,60,60,0,99.99,0.98,0,Normal
2026-03-01 10:39:47,0.23,41.47,6.26,50,50,0,84.44,5.21,0,Normal
2026-03-01 10:39:48,0.57,55.27,2.1,58,58,0,97.35,1.94,0,Normal
2026-03-01 10:39:49,0.35,25.02,3.48,56,56,0,92.8,4.76,0,Normal
2026-03-01 10:39:50,22.76,20.8,2.94,42,32,10,53.76,2.7,1,Packet Drop Burst
2026-03-01 10:39:51,34.31,27.42,3.88,50,33,17,55.44,2.68,1,Packet Drop Burst
2026-03-01 10:39:52,28.34,30.69,3.4,46,33,13,55.44,4.68,1,Packet Drop Burst
2026-03-01 10:39:53,0.17,24.98,5.31,42,42,0,69.2,5.03,0,Normal
2026-03-01 10:39:54,0.01,78.0,1.75,49,49,0,82.92,1.24,0,Normal
2026-03-01 10:39:55,0.62,52.22,4.49,49,49,0,81.03,4.89,0,Normal
2026-03-01 10:39:56,0.16,50.78,3.24,55,55,0,93.24,4.05,0,Normal
2026-03-01 10:39:57,0.02,16.68,1.67,60,60,0,105.7,1.95,0,Normal
2026-03-01 10:39:58,0.72,33.24,2.62,60,60,0,100.41,2.22,0,Normal
2026-03-01 10:39:59,1.2,60.75,1.61,50,49,1,79.95,1.28,0,Normal
2026-03-01 10:40:00,0.36,17.75,1.56,42,42,0,73.72,2.04,0,Normal
2026-03-01 10:40:01,0.15,54.45,2.73,43,43,0,72.76,2.06,0,Normal
2026-03-01 10:40:02,0.19,22.01,5.66,43,43,0,72.04,6.83,0,Normal
2026-03-01 10:40:03,0.1,64.11,3.82,57,57,0,95.2,2.36,0,Normal
2026-03-01 10:40:04,0.43,63.77,5.96,60,60,0,99.22,5.57,0,Normal
2026-03-01 10:40:05,0.15,26.94,3.44,54,54,0,90.21,4.77,0,Normal
2026-03-01 10:40:06,0.01,34.5,6.67,49,49,0,81.15,7.38,0,Normal
2026-03-01 10:40:07,0.02,20.63,6.37,42,42,0,69.4,5.4,0,Normal
2026-03-01 10:40:08,0.33,62.16,2.17,56,56,0,94.96,2.51,0,Normal
2026-03-01 10:40:09,0.12,61.39,3.43,56,56,0,95.54,3.03,0,Normal
2026-03-01 10:40:10,0.06,29.85,2.4,44,44,0,73.58,3.24,0,Normal
2026-03-01 10:40:11,0.28,31.82,3.11,56,56,0,94.83,2.45,0,Normal
2026-03-01 10:40:12,0.11,60.71,7.0,57,57,0,98.9,5.99,0,Normal
2026-03-01 10:40:13,0.03,24.83,2.49,50,50,0,82.74,2.86,0,Normal
2026-03-01 10:40:14,0.08,50.97,1.95,42,42,0,68.11,2.41,0,Normal
2026-03-01 10:40:15,0.53,63.83,2.01,42,42,0,71.81,2.13,0,Normal
2026-03-01 10:40:16,0.67,59.42,2.78,49,49,0,81.22,2.31,0,Normal
2026-03-01 10:40:17,0.72,37.08,14.5,42,42,0,69.77,15.35,0,Normal
2026-03-01 10:40:18,0.27,35.84,6.44,43,43,0,72.42,4.99,0,Normal
2026-03-01 10:40:19,1.06,20.3,0.91,44,44,0,75.78,0.59,0,Normal
2026-03-01 10:40:20,0.06,57.13,3.27,53,53,0,89.24,4.36,0,Normal
2026-03-01 10:40:21,0.4,26.61,2.5,56,56,0,90.9,2.46,0,Normal
2026-03-01 10:40:22,0.43,36.51,5.18,42,42,0,71.1,5.09,0,Normal
2026-03-01 10:40:23,0.02,19.54,1.95,60,60,0,101.15,2.34,0,Normal
2026-03-01 10:40:24,0.12,49.61,2.08,42,42,0,69.27,2.18,0,Normal
2026-03-01 10:40:25,1.04,49.49,2.57,53,52,1,84.81,2.47,0,Normal
2026-03-01 10:40:26,0.5,64.23,2.43,48,48,0,80.07,3.01,0,Normal
2026-03-01 10:40:27,0.02,36.32,4.45,46,46,0,73.83,4.36,0,Normal
2026-03-01 10:40:28,0.27,26.82,2.86,42,42,0,67.88,3.8,0,Normal
2026-03-01 10:40:29,0.37,59.0,5.21,42,42,0,68.53,4.41,0,Normal
2026-03-01 10:40:30,1.27,24.98,2.31,46,45,1,73.72,1.45,0,Normal
2026-03-01 10:40:31,0.44,22.69,4.9,47,47,0,80.28,3.53,0,Normal
2026-03-01 10:40:32,0.36,29.63,1.97,46,46,0,77.05,2.48,0,Normal
2026-03-01 10:40:33,0.84,27.19,4.38,42,42,0,71.08,5.87,0,Normal
2026-03-01 10:40:34,0.38,24.94,2.65,43,43,0,72.55,1.75,0,Normal
2026-03-01 10:40:35,0.94,25.29,4.96,42,42,0,68.25,6.58,0,Normal
2026-03-01 10:40:36,9.75,31.46,1.11,45,41,4,68.88,1.5,1,High Packet Loss
2026-03-01 10:40:37,9.57,23.21,2.33,42,38,4,63.84,2.81,1,High Packet Loss
2026-03-01 10:40:38,8.42,26.52,5.62,53,49,4,82.32,6.79,1,High Packet Loss
2026-03-01 10:40:39,0.28,44.11,3.03,42,42,0,71.28,1.82,0,Normal
2026-03-01 10:40:40,0.14,29.48,1.54,59,59,0,100.51,1.2,0,Normal
2026-03-01 10:40:41,0.82,21.7,2.42,56,56,0,94.63,1.86,0,Normal
2026-03-01 10:40:42,0.11,27.86,3.95,60,60,0,103.44,4.2,0,Normal
2026-03-01 10:40:43,0.06,52.22,2.31,58,58,0,98.1,2.59,0,Normal
2026-03-01 10:40:44,0.44,33.94,5.6,46,46,0,76.48,7.4,0,Normal
2026-03-01 10:40:45,0.28,51.94,5.41,60,60,0,102.73,5.36,0,Normal
2026-03-01 10:40:46,0.11,24.65,4.48,46,46,0,75.45,4.49,0,Normal
2026-03-01 10:40:47,0.71,23.83,5.28,57,57,0,96.56,3.4,0,Normal
2026-03-01 10:40:48,0.12,24.13,2.63,47,47,0,78.73,3.68,0,Normal
2026-03-01 10:40:49,0.02,30.43,6.48,42,42,0,69.27,8.79,0,Normal
2026-03-01 10:40:50,0.01,31.57,5.39,50,50,0,84.31,3.54,0,Normal
2026-03-01 10:40:51,0.9,34.31,3.13,60,59,1,98.69,3.28,0,Normal
2026-03-01 10:40:52,0.18,27.45,1.6,56,56,0,91.31,1.4,0,Normal
2026-03-01 10:40:53,0.08,19.57,1.14,51,51,0,85.96,1.08,0,Normal
2026-03-01 10:40:54,0.29,60.22,5.18,57,57,0,94.21,5.81,0,Normal
2026-03-01 10:40:55,0.23,65.4,1.61,51,51,0,85.86,1.5,0,Normal
2026-03-01 10:40:56,1.95,28.36,2.19,52,51,1,85.49,2.19,0,Normal
2026-03-01 10:40:57,0.77,20.3,4.12,52,52,0,88.01,3.37,0,Normal
2026-03-01 10:40:58,0.11,26.82,1.85,55,55,0,88.99,1.23,0,Normal
2026-03-01 10:40:59,0.42,20.84,9.93,60,60,0,99.31,11.96,0,Normal
2026-03-01 10:41:00,0.17,30.89,3.69,60,60,0,100.96,3.34,0,Normal
2026-03-01 10:41:01,0.16,25.42,6.46,54,54,0,95.04,8.45,0,Normal
2026-03-01 10:41:02,0.16,24.88,5.31,47,47,0,79.17,7.2,0,Normal
2026-03-01 10:41:03,0.36,55.06,1.06,54,54,0,90.06,0.71,0,Normal
2026-03-01 10:41:04,0.27,34.16,4.64,51,51,0,86.99,5.33,0,Normal
2026-03-01 10:41:05,0.49,26.45,3.3,60,60,0,99.92,4.14,0,Normal
2026-03-01 10:41:06,0.06,28.52,3.23,55,55,0,93.05,3.61,0,Normal
2026-03-01 10:41:07,0.19,47.13,3.28,53,53,0,89.12,2.83,0,Normal
2026-03-01 10:41:08,0.69,39.83,5.34,46,46,0,78.89,4.42,0,Normal
2026-03-01 10:41:09,0.0,24.81,6.96,42,42,0,71.55,6.75,0,Normal
2026-03-01 10:41:10,0.34,25.77,1.94,47,47,0,78.24,1.57,0,Normal
2026-03-01 10:41:11,0.54,29.76,3.44,60,60,0,98.55,4.53,0,Normal
2026-03-01 10:41:12,0.17,25.87,6.24,51,51,0,84.08,3.99,0,Normal
2026-03-01 10:41:13,0.75,23.69,3.02,60,60,0,101.24,2.09,0,Normal
2026-03-01 10:41:14,0.47,56.78,3.64,47,47,0,78.88,3.95,0,Normal
2026-03-01 10:41:15,0.33,28.29,3.66,43,43,0,72.28,4.12,0,Normal
2026-03-01 10:41:16,0.08,23.22,8.6,55,55,0,92.78,10.22,0,Normal
2026-03-01 10:41:17,0.39,42.43,4.65,44,44,0,72.69,3.81,0,Normal
2026-03-01 10:41:18,0.63,53.73,8.43,46,46,0,77.12,7.04,0,Normal
2026-03-01 10:41:19,0.46,31.37,7.28,52,52,0,87.34,6.77,0,Normal
2026-03-01 10:41:20,0.3,26.51,3.0,48,48,0,78.48,2.36,0,Normal
2026-03-01 10:41:21,0.44,29.21,3.8,45,45,0,74.68,3.43,0,Normal
2026-03-01 10:41:22,1.32,22.66,8.36,42,41,1,69.47,9.68,0,Normal
2026-03-01 10:41:23,0.0,57.34,1.99,42,42,0,71.61,1.98,0,Normal
2026-03-01 10:41:24,0.38,55.1,4.68,43,43,0,71.03,6.42,0,Normal
2026-03-01 10:41:25,0.55,49.41,4.7,59,59,0,99.87,5.0,0,Normal
2026-03-01 10:41:26,0.36,16.33,2.93,44,44,0,73.0,2.53,0,Normal
2026-03-01 10:41:27,0.11,55.75,2.8,55,55,0,91.08,2.09,0,Normal
2026-03-01 10:41:28,0.61,39.05,2.98,56,56,0,96.95,2.31,0,Normal
2026-03-01 10:41:29,0.86,30.88,4.55,47,47,0,78.34,2.79,0,Normal
2026-03-01 10:41:30,0.4,37.23,6.44,42,42,0,68.35,6.14,0,Normal
2026-03-01 10:41:31,0.25,24.2,4.63,60,60,0,100.14,6.33,0,Normal
2026-03-01 10:41:32,0.16,51.41,1.89,60,60,0,100.4,2.3,0,Normal
2026-03-01 10:41:33,0.14,33.8,6.54,60,60,0,102.17,5.5,0,Normal
2026-03-01 10:41:34,0.45,31.74,5.68,42,42,0,70.02,7.04,0,Normal
2026-03-01 10:41:35,0.33,27.43,2.97,48,48,0,81.21,4.0,0,Normal
2026-03-01 10:41:36,0.06,64.36,2.47,50,50,0,85.59,2.81,0,Normal
2026-03-01 10:41:37,0.05,34.94,2.21,60,60,0,99.92,2.23,0,Normal
2026-03-01 10:41:38,0.03,43.06,5.38,60,60,0,101.24,3.82,0,Normal
2026-03-01 10:41:39,0.4,50.11,1.43,50,50,0,83.91,0.95,0,Normal
2026-03-01 10:41:40,0.13,36.42,5.44,48,48,0,80.98,4.22,0,Normal
2026-03-01 10:41:41,0.01,25.19,2.71,58,58,0,97.59,3.06,0,Normal
2026-03-01 10:41:42,0.14,26.0,3.77,42,42,0,70.78,2.73,0,Normal
2026-03-01 10:41:43,0.62,29.62,0.8,56,56,0,93.65,0.82,0,Normal
2026-03-01 10:41:44,0.1,46.7,1.49,52,52,0,87.4,1.42,0,Normal
2026-03-01 10:41:45,0.35,27.78,2.45,59,59,0,98.71,2.7,0,Normal
2026-03-01 10:41:46,0.2,68.42,2.2,46,46,0,80.78,1.41,0,Normal
2026-03-01 10:41:47,0.28,30.86,4.67,43,43,0,73.15,6.46,0,Normal
2026-03-01 10:41:48,0.32,76.2,3.81,48,48,0,80.64,4.38,0,Normal
2026-03-01 10:41:49,0.21,24.16,7.93,50,50,0,83.49,9.33,0,Normal
2026-03-01 10:41:50,0.02,26.99,4.18,51,51,0,87.15,2.56,0,Normal
2026-03-01 10:41:51,0.29,27.28,2.48,46,46,0,76.06,1.64,0,Normal
2026-03-01 10:41:52,0.18,33.92,5.76,45,45,0,73.67,6.62,0,Normal
2026-03-01 10:41:53,0.08,30.43,2.7,50,50,0,81.96,1.85,0,Normal
2026-03-01 10:41:54,0.79,33.52,2.63,53,53,0,90.99,3.46,0,Normal
2026-03-01 10:41:55,0.47,24.96,3.32,55,55,0,94.27,3.65,0,Normal
2026-03-01 10:41:56,0.12,30.6,6.88,49,49,0,82.56,4.52,0,Normal
2026-03-01 10:41:57,0.27,12.0,5.33,49,49,0,81.48,5.81,0,Normal
2026-03-01 10:41:58,1.15,32.0,5.25,56,55,1,91.58,6.53,0,Normal
2026-03-01 10:41:59,0.1,64.83,8.02,51,51,0,88.74,9.95,0,Normal
2026-03-01 10:42:00,1.03,26.03,5.2,47,47,0,78.82,4.79,0,Normal
2026-03-01 10:42:01,0.4,52.47,1.91,42,42,0,71.07,1.85,0,Normal
2026-03-01 10:42:02,0.27,18.78,4.23,50,50,0,83.34,5.03,0,Normal
2026-03-01 10:42:03,1.43,72.05,6.89,49,48,1,80.78,8.96,0,Normal
2026-03-01 10:42:04,0.14,27.25,1.68,56,56,0,94.65,2.07,0,Normal
2026-03-01 10:42:05,0.11,67.92,3.3,52,52,0,90.07,3.55,0,Normal
2026-03-01 10:42:06,0.15,22.58,2.05,57,57,0,95.63,2.42,0,Normal
2026-03-01 10:42:07,0.49,60.1,3.52,50,50,0,84.78,3.95,0,Normal
2026-03-01 10:42:08,0.14,64.35,5.53,42,42,0,70.02,5.88,0,Normal
2026-03-01 10:42:09,0.04,31.52,6.08,42,42,0,70.84,8.12,0,Normal
2026-03-01 10:42:10,0.36,32.03,3.06,56,56,0,94.59,3.42,0,Normal
2026-03-01 10:42:11,0.09,49.05,4.47,50,50,0,83.69,4.05,0,Normal
2026-03-01 10:42:12,0.0,18.25,1.69,48,48,0,81.0,2.33,0,Normal
2026-03-01 10:42:13,0.08,26.13,1.51,54,54,0,89.66,2.06,0,Normal
2026-03-01 10:42:14,0.6,31.1,5.49,51,51,0,86.43,6.73,0,Normal
2026-03-01 10:42:15,0.99,30.79,0.85,44,44,0,74.0,0.53,0,Normal
2026-03-01 10:42:16,0.38,57.8,2.44,56,56,0,93.25,2.88,0,Normal
2026-03-01 10:42:17,0.13,25.76,4.5,60,60,0,100.62,2.81,0,Normal
2026-03-01 10:42:18,0.2,16.93,3.67,47,47,0,80.92,2.42,0,Normal
2026-03-01 10:42:19,0.08,35.18,0.93,49,49,0,82.16,0.82,0,Normal
2026-03-01 10:42:20,0.74,29.17,4.21,46,46,0,77.92,3.59,0,Normal
2026-03-01 10:42:21,0.38,51.12,2.25,53,53,0,89.68,2.37,0,Normal
2026-03-01 10:42:22,0.03,32.6,3.51,60,60,0,101.67,2.79,0,Normal
2026-03-01 10:42:23,0.16,35.58,2.51,43,43,0,70.58,1.9,0,Normal
2026-03-01 10:42:24,0.27,27.86,2.43,52,52,0,85.81,2.76,0,Normal
2026-03-01 10:42:25,0.56,45.61,1.48,45,45,0,74.48,1.41,0,Normal
2026-03-01 10:42:26,0.89,31.31,2.82,54,54,0,91.63,1.81,0,Normal
2026-03-01 10:42:27,0.05,24.07,5.79,51,51,0,86.07,5.52,0,Normal
2026-03-01 10:42:28,0.63,26.6,2.75,56,56,0,94.4,3.31,0,Normal
2026-03-01 10:42:29,0.02,31.7,2.8,56,56,0,93.9,1.83,0,Normal
2026-03-01 10:42:30,0.1,23.75,2.42,60,60,0,98.81,3.22,0,Normal
2026-03-01 10:42:31,0.01,33.32,1.86,57,57,0,94.86,1.83,0,Normal
2026-03-01 10:42:32,0.02,59.53,2.12,44,44,0,74.24,2.14,0,Normal
2026-03-01 10:42:33,18.21,214.23,61.31,47,38,9,63.84,91.96,1,Combined Degradation
2026-03-01 10:42:34,11.6,268.19,66.42,49,43,6,72.24,99.63,1,Combined Degradation
2026-03-01 10:42:35,12.48,297.96,55.15,54,47,7,78.96,82.73,1,Combined Degradation
2026-03-01 10:42:36,18.02,216.65,64.31,58,48,10,80.64,96.47,1,Combined Degradation
2026-03-01 10:42:37,19.36,266.86,59.2,46,37,9,62.16,88.81,1,Combined Degradation
2026-03-01 10:42:38,13.36,344.56,54.87,42,36,6,60.48,82.3,1,Combined Degradation
2026-03-01 10:42:39,18.11,240.12,36.21,42,34,8,57.12,54.31,1,Combined Degradation
2026-03-01 10:42:40,15.54,295.54,77.27,53,45,8,75.6,115.9,1,Combined Degradation
2026-03-01 10:42:41,21.88,212.76,82.61,50,39,11,65.52,123.92,1,Combined Degradation
2026-03-01 10:42:42,17.36,207.38,61.49,42,35,7,58.8,92.24,1,Combined Degradation
2026-03-01 10:42:43,18.07,268.15,57.35,42,34,8,57.12,86.02,1,Combined Degradation
2026-03-01 10:42:44,19.64,354.47,73.23,43,35,8,58.8,109.84,1,Combined Degradation
2026-03-01 10:42:45,0.12,29.3,2.52,48,48,0,79.65,2.91,0,Normal
2026-03-01 10:42:46,0.03,54.52,2.45,50,50,0,83.82,2.18,0,Normal
2026-03-01 10:42:47,0.28,41.02,6.32,55,55,0,92.0,8.17,0,Normal
2026-03-01 10:42:48,0.45,54.36,2.81,56,56,0,92.56,2.05,0,Normal
2026-03-01 10:42:49,0.23,34.69,3.11,47,47,0,79.77,3.26,0,Normal
2026-03-01 10:42:50,0.76,62.42,9.2,60,60,0,100.36,6.18,0,Normal
2026-03-01 10:42:51,0.23,19.11,4.71,58,58,0,96.45,3.45,0,Normal
2026-03-01 10:42:52,0.15,28.65,3.33,57,57,0,94.91,4.42,0,Normal
2026-03-01 10:42:53,0.1,23.46,5.35,43,43,0,75.77,7.45,0,Normal
2026-03-01 10:42:54,0.1,12.28,2.46,42,42,0,71.72,3.43,0,Normal
2026-03-01 10:42:55,0.13,27.51,2.74,43,43,0,71.73,3.4,0,Normal
2026-03-01 10:42:56,1.69,50.01,2.82,51,50,1,80.35,2.14,0,Normal
2026-03-01 10:42:57,0.16,35.07,3.71,60,60,0,98.24,3.08,0,Normal
2026-03-01 10:42:58,0.26,38.54,4.1,51,51,0,85.81,2.75,0,Normal
2026-03-01 10:42:59,0.11,31.91,2.17,45,45,0,75.16,1.39,0,Normal
2026-03-01 10:43:00,0.05,33.6,3.99,48,48,0,78.91,4.73,0,Normal
2026-03-01 10:43:01,0.36,20.29,4.36,51,51,0,85.48,4.5,0,Normal
2026-03-01 10:43:02,0.28,37.73,2.69,51,51,0,84.56,3.04,0,Normal
2026-03-01 10:43:03,0.02,35.6,3.08,60,60,0,99.84,3.28,0,Normal
2026-03-01 10:43:04,0.75,25.8,1.99,43,43,0,71.98,1.21,0,Normal
2026-03-01 10:43:05,0.25,32.09,1.68,52,52,0,85.84,1.44,0,Normal
2026-03-01 10:43:06,0.14,31.49,1.98,47,47,0,76.88,2.28,0,Normal
2026-03-01 10:43:07,0.53,36.82,4.59,52,52,0,85.33,5.92,0,Normal
2026-03-01 10:43:08,0.04,27.09,4.2,60,60,0,100.19,3.04,0,Normal
2026-03-01 10:43:09,0.22,23.52,7.9,42,42,0,68.19,5.49,0,Normal
2026-03-01 10:43:10,0.28,25.06,3.38,51,51,0,88.97,4.62,0,Normal
2026-03-01 10:43:11,0.52,33.38,3.4,59,59,0,100.52,4.67,0,Normal
2026-03-01 10:43:12,0.16,16.48,3.86,60,60,0,101.88,4.64,0,Normal
2026-03-01 10:43:13,0.68,12.0,2.05,57,57,0,94.43,1.33,0,Normal
2026-03-01 10:43:14,0.42,42.99,4.99,42,42,0,69.29,5.5,0,Normal
2026-03-01 10:43:15,0.52,29.65,3.94,49,49,0,80.2,2.77,0,Normal
2026-03-01 10:43:16,1.22,51.36,2.17,44,43,1,75.0,2.77,0,Normal
2026-03-01 10:43:17,0.65,47.9,3.92,50,50,0,86.02,3.31,0,Normal
2026-03-01 10:43:18,0.15,62.4,4.67,49,49,0,83.33,4.58,0,Normal
2026-03-01 10:43:19,0.36,24.19,1.82,50,50,0,83.82,1.37,0,Normal
2026-03-01 10:43:20,0.71,53.3,5.34,55,55,0,91.82,6.31,0,Normal
2026-03-01 10:43:21,0.26,24.49,2.71,51,51,0,86.44,2.72,0,Normal
2026-03-01 10:43:22,0.4,33.4,0.83,60,60,0,103.2,0.97,0,Normal
2026-03-01 10:43:23,0.07,22.28,5.14,43,43,0,73.2,4.4,0,Normal
2026-03-01 10:43:24,0.59,52.22,6.08,49,49,0,80.65,5.48,0,Normal
2026-03-01 10:43:25,0.5,32.22,2.0,58,58,0,96.29,2.64,0,Normal
2026-03-01 10:43:26,0.77,52.91,1.57,45,45,0,76.3,1.26,0,Normal
2026-03-01 10:43:27,0.43,26.04,6.03,50,50,0,82.7,7.98,0,Normal
2026-03-01 10:43:28,0.73,54.53,2.51,60,60,0,100.09,1.66,0,Normal
2026-03-01 10:43:29,0.06,59.34,6.08,49,49,0,84.59,4.42,0,Normal
2026-03-01 10:43:30,0.59,66.94,1.48,55,55,0,91.93,1.68,0,Normal
2026-03-01 10:43:31,1.07,30.9,6.25,49,48,1,78.28,8.72,0,Normal
2026-03-01 10:43:32,0.59,47.79,5.38,53,53,0,93.37,7.25,0,Normal
2026-03-01 10:43:33,0.33,61.58,4.23,43,43,0,73.87,4.26,0,Normal
2026-03-01 10:43:34,0.91,26.79,1.35,45,45,0,75.5,1.38,0,Normal
2026-03-01 10:43:35,0.03,37.58,2.82,48,48,0,80.63,2.99,0,Normal
2026-03-01 10:43:36,0.01,45.32,5.22,60,60,0,97.61,6.45,0,Normal
2026-03-01 10:43:37,1.18,39.32,1.55,42,42,0,69.97,1.62,0,Normal
2026-03-01 10:43:38,0.4,59.5,2.62,45,45,0,74.48,1.82,0,Normal
2026-03-01 10:43:39,0.04,26.92,3.97,45,45,0,75.75,5.04,0,Normal
2026-03-01 10:43:40,0.15,33.72,1.97,50,50,0,86.44,2.58,0,Normal
2026-03-01 10:43:41,0.48,15.6,5.96,52,52,0,88.02,7.95,0,Normal
2026-03-01 10:43:42,0.49,36.28,5.45,49,49,0,85.37,5.11,0,Normal
2026-03-01 10:43:43,0.07,39.15,3.7,46,46,0,75.19,2.88,0,Normal
2026-03-01 10:43:44,0.22,73.93,4.04,46,46,0,74.97,2.81,0,Normal
2026-03-01 10:43:45,0.58,15.39,2.6,48,48,0,82.5,2.65,0,Normal
2026-03-01 10:43:46,1.19,68.5,4.33,50,49,1,82.48,3.56,0,Normal
2026-03-01 10:43:47,0.34,49.54,2.54,53,53,0,89.74,2.39,0,Normal
2026-03-01 10:43:48,0.36,37.26,3.04,49,49,0,82.28,2.06,0,Normal
2026-03-01 10:43:49,0.22,19.55,2.66,57,57,0,96.05,2.02,0,Normal
2026-03-01 10:43:50,0.27,34.1,6.33,54,54,0,91.75,6.02,0,Normal
2026-03-01 10:43:51,0.04,38.77,5.72,48,48,0,81.02,4.25,0,Normal
2026-03-01 10:43:52,0.15,28.18,2.11,42,42,0,69.7,1.65,0,Normal
2026-03-01 10:43:53,0.25,19.28,6.06,44,44,0,77.42,3.73,0,Normal
2026-03-01 10:43:54,0.11,74.17,2.32,44,44,0,74.06,1.53,0,Normal
2026-03-01 10:43:55,0.16,34.32,7.64,57,57,0,95.46,5.3,0,Normal
2026-03-01 10:43:56,1.24,27.16,6.73,52,51,1,85.16,7.58,0,Normal
2026-03-01 10:43:57,0.0,62.73,8.91,58,58,0,97.95,6.41,0,Normal
2026-03-01 10:43:58,0.13,52.05,3.79,55,55,0,92.04,4.94,0,Normal
2026-03-01 10:43:59,0.31,63.18,2.93,49,49,0,79.28,3.59,0,Normal
2026-03-01 10:44:00,0.11,47.25,2.9,50,50,0,83.62,3.63,0,Normal
2026-03-01 10:44:01,0.39,37.35,3.93,52,52,0,85.74,3.47,0,Normal
2026-03-01 10:44:02,0.12,66.25,2.1,45,45,0,76.0,1.36,0,Normal
2026-03-01 10:44:03,0.36,46.69,1.12,42,42,0,70.51,0.74,0,Normal
2026-03-01 10:44:04,0.66,26.76,2.77,55,55,0,91.4,3.19,0,Normal
2026-03-01 10:44:05,0.38,26.92,3.38,54,54,0,92.13,4.53,0,Normal
2026-03-01 10:44:06,0.02,31.09,4.26,42,42,0,70.45,3.16,0,Normal
2026-03-01 10:44:07,0.56,23.37,3.97,43,43,0,71.67,5.13,0,Normal
2026-03-01 10:44:08,0.08,20.95,3.54,48,48,0,80.1,3.97,0,Normal
2026-03-01 10:44:09,0.35,17.29,5.62,56,56,0,93.5,6.41,0,Normal
2026-03-01 10:44:10,0.36,35.39,2.24,54,54,0,91.48,2.6,0,Normal
2026-03-01 10:44:11,0.57,25.77,2.45,57,57,0,94.59,1.59,0,Normal
2026-03-01 10:44:12,0.25,31.42,8.58,52,52,0,87.47,9.29,0,Normal
2026-03-01 10:44:13,0.17,67.2,0.8,48,48,0,79.88,0.79,0,Normal
2026-03-01 10:44:14,0.26,21.03,5.49,49,49,0,81.36,6.97,0,Normal
2026-03-01 10:44:15,0.28,31.91,4.28,54,54,0,91.43,4.03,0,Normal
2026-03-01 10:44:16,11.0,29.97,3.32,42,37,5,62.16,3.34,1,High Packet Loss
2026-03-01 10:44:17,7.51,26.58,4.97,42,39,3,65.52,5.29,1,High Packet Loss
2026-03-01 10:44:18,6.83,29.81,4.59,51,48,3,80.64,4.91,1,High Packet Loss
2026-03-01 10:44:19,22.9,22.24,1.72,42,32,10,53.76,1.58,1,High Packet Loss
2026-03-01 10:44:20,9.32,57.15,2.14,42,38,4,63.84,1.57,1,High Packet Loss
2026-03-01 10:44:21,16.67,35.75,2.67,55,46,9,77.28,2.14,1,High Packet Loss
2026-03-01 10:44:22,15.7,32.56,1.28,49,41,8,68.88,1.19,1,High Packet Loss
2026-03-01 10:44:23,11.15,25.77,3.31,42,37,5,62.16,3.62,1,High Packet Loss
2026-03-01 10:44:24,17.66,28.36,4.42,45,37,8,62.16,4.26,1,High Packet Loss
2026-03-01 10:44:25,11.86,71.78,5.61,55,48,7,80.64,6.92,1,High Packet Loss
2026-03-01 10:44:26,14.24,35.69,3.44,48,41,7,68.88,3.65,1,High Packet Loss
2026-03-01 10:44:27,12.85,56.67,2.37,56,49,7,82.32,2.07,1,High Packet Loss
2026-03-01 10:44:28,22.39,23.32,3.67,55,43,12,72.24,3.66,1,High Packet Loss
2026-03-01 10:44:29,22.75,60.7,3.2,60,46,14,77.28,2.84,1,High Packet Loss
2026-03-01 10:44:30,12.73,38.81,4.73,50,44,6,73.92,2.95,1,High Packet Loss
2026-03-01 10:44:31,10.45,65.95,3.25,60,54,6,90.72,2.68,1,High Packet Loss
2026-03-01 10:44:32,19.26,47.3,4.95,42,34,8,57.12,4.76,1,High Packet Loss
2026-03-01 10:44:33,11.67,25.66,2.95,42,37,5,62.16,2.37,1,High Packet Loss
2026-03-01 10:44:34,14.66,54.47,5.93,51,44,7,73.92,6.98,1,High Packet Loss
2026-03-01 10:44:35,15.79,27.46,3.6,56,47,9,78.96,4.64,1,High Packet Loss
2026-03-01 10:44:36,0.68,58.38,2.54,47,47,0,78.96,2.12,0,Normal
2026-03-01 10:44:37,0.49,21.4,2.86,50,50,0,84.14,1.77,0,Normal
2026-03-01 10:44:38,1.1,29.48,4.61,42,42,0,72.21,5.99,0,Normal
2026-03-01 10:44:39,0.0,69.28,1.87,42,42,0,69.09,1.99,0,Normal
2026-03-01 10:44:40,0.01,22.14,3.13,49,49,0,81.23,1.89,0,Normal
2026-03-01 10:44:41,0.26,26.11,5.37,51,51,0,87.81,5.37,0,Normal
2026-03-01 10:44:42,0.68,57.55,4.19,56,56,0,95.99,2.84,0,Normal
2026-03-01 10:44:43,1.66,25.09,1.98,52,51,1,86.07,2.25,0,Normal
2026-03-01 10:44:44,0.13,30.73,3.82,60,60,0,103.84,3.92,0,Normal
2026-03-01 10:44:45,0.01,39.26,1.82,52,52,0,88.09,2.41,0,Normal
2026-03-01 10:44:46,0.08,22.29,3.61,50,50,0,86.81,3.31,0,Normal
2026-03-01 10:44:47,0.73,26.14,6.18,60,60,0,102.99,8.27,0,Normal
2026-03-01 10:44:48,0.22,25.09,3.43,48,48,0,83.08,4.36,0,Normal
2026-03-01 10:44:49,0.67,18.89,1.99,49,49,0,80.6,2.4,0,Normal
2026-03-01 10:44:50,0.21,37.42,3.05,48,48,0,81.64,2.9,0,Normal
2026-03-01 10:44:51,0.02,24.49,3.62,43,43,0,72.12,3.38,0,Normal
2026-03-01 10:44:52,0.34,51.3,5.43,51,51,0,83.67,4.97,0,Normal
2026-03-01 10:44:53,0.2,25.33,5.41,54,54,0,92.72,3.47,0,Normal
2026-03-01 10:44:54,0.24,52.82,2.03,45,45,0,77.39,2.21,0,Normal
2026-03-01 10:44:55,1.04,28.68,2.87,56,55,1,92.18,3.55,0,Normal
2026-03-01 10:44:56,0.21,23.25,3.96,57,57,0,94.83,4.74,0,Normal
2026-03-01 10:44:57,0.56,30.45,2.53,53,53,0,89.13,2.7,0,Normal
2026-03-01 10:44:58,0.02,65.68,4.15,60,60,0,98.08,3.68,0,Normal
2026-03-01 10:44:59,0.23,50.98,1.81,44,44,0,71.9,2.09,0,Normal
2026-03-01 10:45:00,0.31,63.12,3.73,56,56,0,93.63,3.82,0,Normal
2026-03-01 10:45:01,0.04,34.1,5.27,42,42,0,71.48,6.7,0,Normal
2026-03-01 10:45:02,0.13,58.38,3.4,54,54,0,90.44,2.78,0,Normal
2026-03-01 10:45:03,0.47,37.65,3.59,50,50,0,83.17,2.45,0,Normal
2026-03-01 10:45:04,0.07,64.19,4.85,51,51,0,84.44,2.93,0,Normal
2026-03-01 10:45:05,0.05,23.31,2.72,43,43,0,75.9,3.25,0,Normal
2026-03-01 10:45:06,0.12,22.58,4.39,45,45,0,73.99,4.74,0,Normal
2026-03-01 10:45:07,0.69,26.57,3.27,50,50,0,81.26,2.12,0,Normal
2026-03-01 10:45:08,0.5,28.02,2.21,42,42,0,69.7,2.81,0,Normal
2026-03-01 10:45:09,0.52,20.05,4.98,50,50,0,84.78,4.89,0,Normal
2026-03-01 10:45:10,0.14,28.58,6.24,43,43,0,72.4,6.04,0,Normal
2026-03-01 10:45:11,0.04,31.39,5.59,45,45,0,74.47,6.42,0,Normal
2026-03-01 10:45:12,0.01,64.91,4.98,42,42,0,70.85,5.52,0,Normal
2026-03-01 10:45:13,0.31,24.87,4.18,46,46,0,78.94,3.3,0,Normal
2026-03-01 10:45:14,0.42,45.44,3.91,50,50,0,84.31,4.36,0,Normal
2026-03-01 10:45:15,0.17,63.62,3.18,52,52,0,87.59,4.09,0,Normal
2026-03-01 10:45:16,0.26,67.22,2.46,47,47,0,79.2,2.25,0,Normal
2026-03-01 10:45:17,0.11,66.04,1.31,59,59,0,98.0,1.09,0,Normal
2026-03-01 10:45:18,0.16,55.98,1.64,51,51,0,86.35,1.06,0,Normal
2026-03-01 10:45:19,0.46,30.64,3.34,42,42,0,72.12,3.62,0,Normal
2026-03-01 10:45:20,0.44,26.98,1.87,55,55,0,94.43,2.25,0,Normal
2026-03-01 10:45:21,0.01,24.99,4.0,42,42,0,71.2,5.5,0,Normal
2026-03-01 10:45:22,1.01,33.46,7.29,47,47,0,78.98,7.94,0,Normal
2026-03-01 10:45:23,0.11,34.8,0.8,59,59,0,101.94,0.77,0,Normal
2026-03-01 10:45:24,0.83,21.06,2.14,49,49,0,82.5,2.89,0,Normal
2026-03-01 10:45:25,0.25,33.46,8.88,42,42,0,69.83,6.6,0,Normal
2026-03-01 10:45:26,0.24,51.97,4.83,44,44,0,72.89,5.64,0,Normal
2026-03-01 10:45:27,0.21,22.84,3.16,42,42,0,69.35,2.72,0,Normal
2026-03-01 10:45:28,0.89,27.08,2.61,42,42,0,69.81,3.37,0,Normal
2026-03-01 10:45:29,0.08,33.95,4.32,60,60,0,103.69,5.17,0,Normal
2026-03-01 10:45:30,0.33,245.99,5.16,52,52,0,86.22,25.2,1,High Latency
2026-03-01 10:45:31,0.13,271.99,1.88,60,60,0,103.09,23.02,1,High Latency
2026-03-01 10:45:32,0.86,228.23,6.5,42,42,0,70.25,29.26,1,High Latency
2026-03-01 10:45:33,0.06,30.81,3.97,42,42,0,72.12,3.19,0,Normal
2026-03-01 10:45:34,0.39,27.32,5.06,54,54,0,89.1,5.35,0,Normal
2026-03-01 10:45:35,0.19,31.79,5.26,47,47,0,78.93,4.93,0,Normal
2026-03-01 10:45:36,0.38,24.04,3.82,44,44,0,71.5,5.12,0,Normal
2026-03-01 10:45:37,0.06,31.91,4.06,57,57,0,95.79,5.59,0,Normal
2026-03-01 10:45:38,0.18,33.14,4.19,52,52,0,88.54,2.86,0,Normal
2026-03-01 10:45:39,0.04,32.19,2.83,44,44,0,75.37,2.94,0,Normal
2026-03-01 10:45:40,1.21,64.84,4.45,49,48,1,80.63,4.55,0,Normal
2026-03-01 10:45:41,0.08,30.79,2.95,52,52,0,86.82,3.83,0,Normal
2026-03-01 10:45:42,1.75,35.04,3.32,46,45,1,75.73,4.06,0,Normal
2026-03-01 10:45:43,0.19,14.37,6.71,54,54,0,89.86,5.57,0,Normal
2026-03-01 10:45:44,0.03,33.12,3.27,49,49,0,81.46,3.32,0,Normal
2026-03-01 10:45:45,0.01,60.1,4.0,43,43,0,71.63,3.61,0,Normal
2026-03-01 10:45:46,0.32,24.27,3.07,42,42,0,70.9,2.71,0,Normal
2026-03-01 10:45:47,0.33,49.93,2.82,52,52,0,89.51,3.34,0,Normal
2026-03-01 10:45:48,0.26,35.72,7.91,56,56,0,96.03,8.54,0,Normal
2026-03-01 10:45:49,0.02,63.81,1.72,60,60,0,100.32,1.3,0,Normal
2026-03-01 10:45:50,0.14,24.0,3.4,44,44,0,72.7,3.73,0,Normal
2026-03-01 10:45:51,0.16,29.02,1.93,42,42,0,69.46,1.88,0,Normal
2026-03-01 10:45:52,0.43,23.21,5.84,51,51,0,83.46,5.1,0,Normal
2026-03-01 10:45:53,0.19,33.25,3.23,50,50,0,85.09,2.11,0,Normal
2026-03-01 10:45:54,0.3,23.26,2.69,43,43,0,70.15,3.61,0,Normal
2026-03-01 10:45:55,0.12,30.16,1.45,53,53,0,85.65,1.87,0,Normal
2026-03-01 10:45:56,0.45,62.71,6.75,59,59,0,100.21,5.69,0,Normal
2026-03-01 10:45:57,0.02,37.98,1.83,60,60,0,101.83,1.91,0,Normal
2026-03-01 10:45:58,1.56,34.99,4.13,56,55,1,90.78,5.34,0,Normal
2026-03-01 10:45:59,0.36,78.0,5.05,45,45,0,76.05,5.13,0,Normal
2026-03-01 10:46:00,0.06,20.41,8.83,55,55,0,90.42,6.3,0,Normal
2026-03-01 10:46:01,0.44,60.65,2.59,54,54,0,90.57,2.54,0,Normal
2026-03-01 10:46:02,0.54,24.08,2.26,60,60,0,101.34,1.92,0,Normal
2026-03-01 10:46:03,0.54,25.99,2.74,54,54,0,91.76,2.65,0,Normal
2026-03-01 10:46:04,0.11,21.64,2.55,60,60,0,101.39,3.26,0,Normal
2026-03-01 10:46:05,1.11,69.91,1.42,50,49,1,79.48,1.32,0,Normal
2026-03-01 10:46:06,0.01,52.09,6.93,44,44,0,74.37,8.59,0,Normal
2026-03-01 10:46:07,0.17,61.3,2.75,45,45,0,78.87,2.16,0,Normal
2026-03-01 10:46:08,0.04,27.88,3.09,49,49,0,82.91,3.32,0,Normal
2026-03-01 10:46:09,0.17,56.29,4.4,49,49,0,80.24,4.14,0,Normal
2026-03-01 10:46:10,0.02,31.97,6.2,46,46,0,76.21,8.54,0,Normal
2026-03-01 10:46:11,0.36,26.54,1.97,42,42,0,69.79,1.18,0,Normal
2026-03-01 10:46:12,0.02,56.9,3.9,52,52,0,83.86,3.47,0,Normal
2026-03-01 10:46:13,0.33,16.84,1.92,42,42,0,70.71,2.4,0,Normal
2026-03-01 10:46:14,0.09,28.62,3.86,55,55,0,91.87,3.52,0,Normal
2026-03-01 10:46:15,0.07,27.06,3.79,60,60,0,100.34,2.93,0,Normal
2026-03-01 10:46:16,0.15,59.72,2.68,46,46,0,77.09,3.44,0,Normal
2026-03-01 10:46:17,0.36,28.38,3.69,50,50,0,82.92,3.96,0,Normal
2026-03-01 10:46:18,0.3,33.14,3.72,42,42,0,71.84,3.89,0,Normal
2026-03-01 10:46:19,0.4,54.51,3.2,56,56,0,94.36,2.95,0,Normal
2026-03-01 10:46:20,0.88,18.79,3.03,48,48,0,79.84,2.2,0,Normal
2026-03-01 10:46:21,0.08,25.83,1.8,43,43,0,72.91,1.91,0,Normal
2026-03-01 10:46:22,0.19,33.77,2.03,45,45,0,76.13,2.04,0,Normal
2026-03-01 10:46:23,0.11,58.2,2.52,44,44,0,72.49,2.32,0,Normal
2026-03-01 10:46:24,0.31,23.1,2.11,43,43,0,71.98,1.39,0,Normal
2026-03-01 10:46:25,0.12,36.27,2.57,53,53,0,88.78,2.87,0,Normal
2026-03-01 10:46:26,0.29,19.9,3.21,49,49,0,81.44,3.55,0,Normal
2026-03-01 10:46:27,0.61,34.89,3.45,50,50,0,81.96,3.62,0,Normal
2026-03-01 10:46:28,0.28,26.31,4.27,57,57,0,94.84,3.01,0,Normal
2026-03-01 10:46:29,0.64,37.38,3.56,42,42,0,72.46,3.0,0,Normal
2026-03-01 10:46:30,0.33,25.22,3.5,60,60,0,99.83,3.42,0,Normal
2026-03-01 10:46:31,0.71,62.15,4.23,59,59,0,100.47,5.02,0,Normal
2026-03-01 10:46:32,0.93,62.7,2.2,50,50,0,83.95,1.71,0,Normal
2026-03-01 10:46:33,0.25,57.41,2.28,59,59,0,99.37,2.83,0,Normal
2026-03-01 10:46:34,0.55,17.43,2.81,44,44,0,72.08,2.4,0,Normal
2026-03-01 10:46:35,0.22,31.06,2.43,42,42,0,72.31,2.75,0,Normal
2026-03-01 10:46:36,0.43,33.93,1.51,43,43,0,75.33,2.04,0,Normal
2026-03-01 10:46:37,0.01,40.2,4.3,60,60,0,99.75,5.04,0,Normal
2026-03-01 10:46:38,1.19,20.48,2.12,42,41,1,70.84,1.39,0,Normal
2026-03-01 10:46:39,0.79,62.48,7.5,47,47,0,77.06,6.76,0,Normal
2026-03-01 10:46:40,0.78,22.06,3.58,49,49,0,82.24,3.8,0,Normal
2026-03-01 10:46:41,0.12,30.45,1.69,49,49,0,80.56,1.92,0,Normal
2026-03-01 10:46:42,0.12,34.79,4.48,42,42,0,71.13,3.93,0,Normal
2026-03-01 10:46:43,0.18,30.2,3.37,57,57,0,95.45,3.18,0,Normal
2026-03-01 10:46:44,0.74,36.81,3.78,57,57,0,95.68,3.41,0,Normal
2026-03-01 10:46:45,0.68,27.1,2.65,43,43,0,74.21,3.07,0,Normal
2026-03-01 10:46:46,0.12,26.7,2.18,56,56,0,95.95,2.91,0,Normal
2026-03-01 10:46:47,0.27,28.4,1.72,57,57,0,95.5,2.1,0,Normal
2026-03-01 10:46:48,0.23,19.94,1.86,54,54,0,92.38,1.51,0,Normal
2026-03-01 10:46:49,0.37,66.27,1.79,51,51,0,87.41,1.85,0,Normal
2026-03-01 10:46:50,0.08,26.11,2.83,53,53,0,90.7,2.78,0,Normal
2026-03-01 10:46:51,0.03,26.3,3.24,43,43,0,72.46,1.99,0,Normal
2026-03-01 10:46:52,0.01,29.61,1.66,44,44,0,74.42,2.24,0,Normal
2026-03-01 10:46:53,0.17,53.32,4.98,47,47,0,78.53,4.85,0,Normal
2026-03-01 10:46:54,1.03,21.13,3.54,47,47,0,82.46,4.79,0,Normal
2026-03-01 10:46:55,0.4,64.88,9.9,48,48,0,81.24,11.2,0,Normal
2026-03-01 10:46:56,0.48,15.96,2.77,47,47,0,78.84,3.23,0,Normal
2026-03-01 10:46:57,1.02,31.7,9.07,60,59,1,99.87,8.54,0,Normal
2026-03-01 10:46:58,0.19,25.76,4.64,51,51,0,86.09,5.97,0,Normal
2026-03-01 10:46:59,0.23,28.96,1.37,54,54,0,93.81,1.03,0,Normal
2026-03-01 10:47:00,0.16,37.35,1.94,47,47,0,78.93,2.66,0,Normal
2026-03-01 10:47:01,0.07,27.21,3.83,54,54,0,91.87,4.19,0,Normal
2026-03-01 10:47:02,0.51,31.75,1.51,46,46,0,77.1,1.31,0,Normal
2026-03-01 10:47:03,0.83,28.35,2.22,60,60,0,98.27,2.64,0,Normal
2026-03-01 10:47:04,0.59,78.0,1.62,53,53,0,89.04,1.94,0,Normal
2026-03-01 10:47:05,0.02,26.6,8.69,44,44,0,75.2,10.6,0,Normal
2026-03-01 10:47:06,0.12,32.21,5.44,53,53,0,89.24,4.54,0,Normal
2026-03-01 10:47:07,0.31,52.97,2.85,52,52,0,85.63,1.77,0,Normal
2026-03-01 10:47:08,0.14,21.21,6.56,58,58,0,99.82,8.6,0,Normal
2026-03-01 10:47:09,23.0,28.45,5.85,42,32,10,53.76,7.24,1,High Packet Loss
2026-03-01 10:47:10,7.45,57.0,5.99,42,39,3,65.52,5.52,1,High Packet Loss
2026-03-01 10:47:11,22.74,17.06,2.58,56,43,13,72.24,1.89,1,High Packet Loss
2026-03-01 10:47:12,15.91,47.67,2.89,56,47,9,78.96,2.82,1,High Packet Loss
2026-03-01 10:47:13,22.87,20.64,2.03,44,34,10,57.12,1.71,1,High Packet Loss
2026-03-01 10:47:14,14.88,31.76,3.15,53,45,8,75.6,2.38,1,High Packet Loss
2026-03-01 10:47:15,6.81,17.18,2.3,52,48,4,80.64,2.28,1,High Packet Loss
2026-03-01 10:47:16,9.56,39.55,2.05,50,45,5,75.6,2.59,1,High Packet Loss
2026-03-01 10:47:17,12.33,25.97,5.52,49,43,6,72.24,5.89,1,High Packet Loss
2026-03-01 10:47:18,22.88,22.81,4.49,54,42,12,70.56,4.45,1,High Packet Loss
2026-03-01 10:47:19,19.67,40.13,2.23,45,36,9,60.48,3.11,1,High Packet Loss
2026-03-01 10:47:20,16.83,59.8,5.08,55,46,9,77.28,6.14,1,High Packet Loss
2026-03-01 10:47:21,13.91,49.65,3.82,48,41,7,68.88,2.69,1,High Packet Loss
2026-03-01 10:47:22,14.04,55.19,2.88,44,38,6,63.84,2.69,1,High Packet Loss
2026-03-01 10:47:23,17.75,19.37,6.79,53,44,9,73.92,6.6,1,High Packet Loss
2026-03-01 10:47:24,18.97,50.94,3.81,47,38,9,63.84,4.15,1,High Packet Loss
2026-03-01 10:47:25,14.59,29.72,7.39,52,44,8,73.92,8.46,1,High Packet Loss
2026-03-01 10:47:26,20.37,33.92,4.28,48,38,10,63.84,3.69,1,High Packet Loss
2026-03-01 10:47:27,15.44,65.08,4.45,60,51,9,85.68,3.98,1,High Packet Loss
2026-03-01 10:47:28,15.27,29.01,2.05,42,36,6,60.48,1.4,1,High Packet Loss
2026-03-01 10:47:29,0.03,57.59,2.58,58,58,0,98.22,1.73,0,Normal
2026-03-01 10:47:30,0.52,39.47,6.4,59,59,0,100.8,7.72,0,Normal
2026-03-01 10:47:31,0.03,35.14,5.6,43,43,0,73.74,7.51,0,Normal
2026-03-01 10:47:32,0.11,33.53,2.83,54,54,0,90.94,2.14,0,Normal
2026-03-01 10:47:33,0.52,23.16,1.81,58,58,0,96.06,2.42,0,Normal
2026-03-01 10:47:34,0.25,74.38,7.01,58,58,0,96.72,6.13,0,Normal
2026-03-01 10:47:35,0.59,44.29,5.37,60,60,0,100.44,7.0,0,Normal
2026-03-01 10:47:36,0.19,31.9,1.98,60,60,0,99.43,1.23,0,Normal
2026-03-01 10:47:37,0.59,35.57,1.98,44,44,0,75.54,1.33,0,Normal
2026-03-01 10:47:38,0.27,30.15,7.58,49,49,0,83.86,7.18,0,Normal
2026-03-01 10:47:39,0.03,68.05,2.64,45,45,0,73.51,3.38,0,Normal
2026-03-01 10:47:40,0.22,21.58,2.66,60,60,0,100.32,2.56,0,Normal
2026-03-01 10:47:41,0.28,56.77,2.44,47,47,0,82.05,3.11,0,Normal
2026-03-01 10:47:42,0.33,29.28,3.9,51,51,0,87.42,3.4,0,Normal
2026-03-01 10:47:43,0.92,55.45,1.77,53,53,0,89.32,1.25,0,Normal
2026-03-01 10:47:44,0.07,29.46,3.69,58,58,0,99.08,4.95,0,Normal
2026-03-01 10:47:45,0.33,33.76,1.76,60,60,0,103.27,1.17,0,Normal
2026-03-01 10:47:46,0.49,33.19,1.77,55,55,0,92.54,2.06,0,Normal
2026-03-01 10:47:47,0.77,40.43,1.8,46,46,0,75.24,2.35,0,Normal
2026-03-01 10:47:48,0.26,58.11,1.83,55,55,0,93.69,1.27,0,Normal
2026-03-01 10:47:49,0.08,30.3,4.6,60,60,0,102.17,4.67,0,Normal
2026-03-01 10:47:50,0.6,41.48,4.6,54,54,0,89.21,2.95,0,Normal
2026-03-01 10:47:51,0.82,59.91,3.09,42,42,0,70.95,2.98,0,Normal
2026-03-01 10:47:52,0.04,62.45,2.5,50,50,0,82.81,3.07,0,Normal
2026-03-01 10:47:53,0.09,31.22,6.18,46,46,0,74.81,5.21,0,Normal
2026-03-01 10:47:54,0.72,31.57,4.54,44,44,0,74.25,3.57,0,Normal
2026-03-01 10:47:55,0.23,31.51,1.95,60,60,0,102.98,1.57,0,Normal
2026-03-01 10:47:56,0.06,44.98,3.89,52,52,0,87.84,4.79,0,Normal
2026-03-01 10:47:57,0.36,30.32,3.8,59,59,0,99.39,5.24,0,Normal
2026-03-01 10:47:58,0.21,35.95,4.59,52,52,0,85.36,3.59,0,Normal
2026-03-01 10:47:59,1.2,29.38,11.44,49,48,1,81.58,7.49,0,Normal
2026-03-01 10:48:00,0.09,37.07,2.3,57,57,0,94.93,1.61,0,Normal
2026-03-01 10:48:01,0.16,35.24,4.26,54,54,0,89.55,4.7,0,Normal
2026-03-01 10:48:02,0.06,33.53,6.51,59,59,0,100.44,7.43,0,Normal
2026-03-01 10:48:03,0.02,32.74,7.19,50,50,0,82.18,6.9,0,Normal
2026-03-01 10:48:04,0.11,60.72,3.6,49,49,0,82.0,2.39,0,Normal
2026-03-01 10:48:05,0.6,60.74,1.84,49,49,0,80.6,2.47,0,Normal
2026-03-01 10:48:06,0.11,22.9,1.48,49,49,0,81.87,1.99,0,Normal
2026-03-01 10:48:07,0.42,29.48,4.82,51,51,0,82.39,4.41,0,Normal
2026-03-01 10:48:08,0.26,26.41,3.87,43,43,0,73.05,4.87,0,Normal
2026-03-01 10:48:09,0.26,59.66,3.52,59,59,0,99.71,4.64,0,Normal
2026-03-01 10:48:10,0.53,47.65,3.77,54,54,0,93.99,3.79,0,Normal
2026-03-01 10:48:11,0.34,49.82,5.16,42,42,0,70.92,5.58,0,Normal
2026-03-01 10:48:12,0.06,65.89,4.25,47,47,0,77.61,5.04,0,Normal
2026-03-01 10:48:13,0.09,34.61,3.95,58,58,0,98.93,5.19,0,Normal
2026-03-01 10:48:14,0.27,19.81,2.54,60,60,0,102.25,1.71,0,Normal
2026-03-01 10:48:15,0.65,18.45,5.3,55,55,0,94.36,3.4,0,Normal
2026-03-01 10:48:16,0.06,49.11,2.56,52,52,0,84.42,2.92,0,Normal
2026-03-01 10:48:17,0.04,37.07,5.13,50,50,0,82.95,3.27,0,Normal
2026-03-01 10:48:18,0.26,63.16,2.78,55,55,0,91.04,1.9,0,Normal
2026-03-01 10:48:19,0.07,51.78,4.33,60,60,0,103.09,4.06,0,Normal
2026-03-01 10:48:20,1.8,65.84,7.34,52,51,1,86.89,5.48,0,Normal
2026-03-01 10:48:21,0.0,33.08,4.47,52,52,0,89.06,5.9,0,Normal
2026-03-01 10:48:22,0.21,41.3,6.28,55,55,0,90.77,5.43,0,Normal
2026-03-01 10:48:23,0.06,48.03,2.81,59,59,0,99.32,2.98,0,Normal
2026-03-01 10:48:24,0.4,25.35,3.47,47,47,0,76.52,2.11,0,Normal
2026-03-01 10:48:25,0.35,21.43,2.83,50,50,0,82.35,2.86,0,Normal
2026-03-01 10:48:26,0.58,68.25,1.57,51,51,0,85.87,1.96,0,Normal
2026-03-01 10:48:27,0.29,53.99,5.37,48,48,0,80.97,7.38,0,Normal
2026-03-01 10:48:28,0.07,17.22,4.29,48,48,0,81.23,4.9,0,Normal
2026-03-01 10:48:29,0.02,54.49,4.15,47,47,0,77.98,3.17,0,Normal
2026-03-01 10:48:30,0.45,28.29,5.78,53,53,0,89.68,5.15,0,Normal
2026-03-01 10:48:31,0.2,43.55,1.99,56,56,0,94.09,1.45,0,Normal
2026-03-01 10:48:32,0.09,22.96,1.79,49,49,0,84.68,1.56,0,Normal
2026-03-01 10:48:33,0.1,57.79,5.8,45,45,0,74.96,6.09,0,Normal
2026-03-01 10:48:34,0.06,23.35,3.22,60,60,0,98.05,3.18,0,Normal
2026-03-01 10:48:35,0.12,24.16,3.66,49,49,0,83.25,4.75,0,Normal
2026-03-01 10:48:36,0.55,33.24,1.72,42,42,0,71.06,1.31,0,Normal
2026-03-01 10:48:37,0.34,64.13,6.44,49,49,0,80.99,6.1,0,Normal
2026-03-01 10:48:38,1.53,33.25,4.49,47,46,1,76.79,4.97,0,Normal
2026-03-01 10:48:39,0.26,36.05,2.56,51,51,0,85.97,3.55,0,Normal
2026-03-01 10:48:40,0.26,34.64,8.49,57,57,0,95.19,6.54,0,Normal
2026-03-01 10:48:41,0.07,21.95,1.8,50,50,0,82.33,2.28,0,Normal
2026-03-01 10:48:42,0.31,24.86,2.86,42,42,0,70.26,3.13,0,Normal
2026-03-01 10:48:43,0.33,52.99,5.18,60,60,0,102.13,3.66,0,Normal
2026-03-01 10:48:44,0.08,50.37,5.58,45,45,0,75.06,6.85,0,Normal
2026-03-01 10:48:45,0.03,42.81,1.7,45,45,0,75.92,1.25,0,Normal
2026-03-01 10:48:46,0.16,28.64,2.92,51,51,0,85.41,3.39,0,Normal
2026-03-01 10:48:47,0.07,32.04,4.64,48,48,0,78.79,3.68,0,Normal
2026-03-01 10:48:48,0.24,24.38,6.44,55,55,0,92.24,6.28,0,Normal
2026-03-01 10:48:49,0.26,29.57,6.2,53,53,0,88.37,7.61,0,Normal
2026-03-01 10:48:50,0.33,50.72,4.55,50,50,0,85.14,5.04,0,Normal
2026-03-01 10:48:51,0.32,70.71,3.46,42,42,0,72.41,4.12,0,Normal
2026-03-01 10:48:52,0.39,23.46,3.06,47,47,0,80.28,3.81,0,Normal
2026-03-01 10:48:53,0.09,27.53,4.15,60,60,0,99.7,2.61,0,Normal
2026-03-01 10:48:54,0.46,26.08,6.33,50,50,0,82.26,6.23,0,Normal
2026-03-01 10:48:55,0.26,19.86,3.02,57,57,0,93.49,4.19,0,Normal
2026-03-01 10:48:56,0.2,70.11,2.94,45,45,0,75.85,3.63,0,Normal
2026-03-01 10:48:57,0.37,46.86,5.56,50,50,0,82.94,4.96,0,Normal
2026-03-01 10:48:58,0.24,20.58,5.35,42,42,0,68.89,4.43,0,Normal
2026-03-01 10:48:59,0.26,21.15,2.65,59,59,0,102.06,3.09,0,Normal
2026-03-01 10:49:00,0.01,33.72,1.83,60,60,0,101.53,1.3,0,Normal
2026-03-01 10:49:01,0.57,57.66,1.54,42,42,0,71.06,2.01,0,Normal
2026-03-01 10:49:02,0.19,18.78,3.52,49,49,0,82.75,2.34,0,Normal
2026-03-01 10:49:03,0.26,37.48,2.02,57,57,0,98.19,2.12,0,Normal
2026-03-01 10:49:04,0.17,21.24,4.97,60,60,0,100.55,6.35,0,Normal
2026-03-01 10:49:05,0.28,32.48,1.53,43,43,0,73.17,1.8,0,Normal
2026-03-01 10:49:06,0.02,29.55,6.86,42,42,0,71.92,6.78,0,Normal
2026-03-01 10:49:07,0.17,58.4,2.85,43,43,0,75.03,2.24,0,Normal
2026-03-01 10:49:08,0.39,51.7,2.32,42,42,0,70.56,2.5,0,Normal
2026-03-01 10:49:09,0.98,17.13,2.6,53,52,1,89.21,3.57,0,Normal
2026-03-01 10:49:10,0.66,23.18,2.25,54,54,0,87.98,1.52,0,Normal
2026-03-01 10:49:11,1.15,30.56,6.56,42,42,0,73.74,4.1,0,Normal
2026-03-01 10:49:12,0.53,73.27,4.49,42,42,0,71.19,4.2,0,Normal
2026-03-01 10:49:13,0.35,21.82,3.47,55,55,0,93.53,3.72,0,Normal
2026-03-01 10:49:14,0.19,62.89,1.93,47,47,0,77.03,1.71,0,Normal
2026-03-01 10:49:15,0.05,58.19,3.24,52,52,0,85.34,3.8,0,Normal
2026-03-01 10:49:16,0.1,27.9,2.35,45,45,0,74.63,2.39,0,Normal
2026-03-01 10:49:17,0.11,16.42,1.02,56,56,0,94.11,0.89,0,Normal
2026-03-01 10:49:18,0.2,51.98,2.43,54,54,0,90.34,3.0,0,Normal
2026-03-01 10:49:19,0.33,28.14,4.36,51,51,0,85.07,2.96,0,Normal
2026-03-01 10:49:20,0.34,33.5,2.74,45,45,0,75.3,1.73,0,Normal
2026-03-01 10:49:21,0.21,26.61,3.11,59,59,0,95.62,2.01,0,Normal
2026-03-01 10:49:22,15.96,327.07,60.95,51,43,8,72.24,91.42,1,Combined Degradation
2026-03-01 10:49:23,20.84,301.59,43.53,48,38,10,63.84,65.29,1,Combined Degradation
2026-03-01 10:49:24,20.15,181.49,57.97,57,46,11,77.28,86.96,1,Combined Degradation
2026-03-01 10:49:25,18.55,339.1,35.15,49,40,9,67.2,52.73,1,Combined Degradation
2026-03-01 10:49:26,13.93,399.74,71.99,52,45,7,75.6,107.99,1,Combined Degradation
2026-03-01 10:49:27,0.33,24.79,5.0,60,60,0,101.04,4.28,0,Normal
2026-03-01 10:49:28,0.12,53.38,4.03,48,48,0,81.67,4.31,0,Normal
2026-03-01 10:49:29,0.08,23.57,3.47,48,48,0,82.37,4.43,0,Normal
2026-03-01 10:49:30,0.4,35.51,2.53,51,51,0,85.62,1.56,0,Normal
2026-03-01 10:49:31,0.54,38.85,3.68,58,58,0,98.08,3.88,0,Normal
2026-03-01 10:49:32,0.18,52.83,3.58,49,49,0,82.37,2.73,0,Normal
2026-03-01 10:49:33,0.02,68.24,1.44,60,60,0,100.36,1.87,0,Normal
2026-03-01 10:49:34,0.18,26.09,3.66,57,57,0,92.88,4.99,0,Normal
2026-03-01 10:49:35,0.27,59.08,2.63,43,43,0,72.55,3.32,0,Normal
2026-03-01 10:49:36,0.78,55.11,4.85,56,56,0,92.71,3.04,0,Normal
2026-03-01 10:49:37,0.37,27.96,3.88,55,55,0,93.71,3.27,0,Normal
2026-03-01 10:49:38,0.43,23.53,8.01,48,48,0,79.34,6.27,0,Normal
2026-03-01 10:49:39,0.08,18.81,3.32,44,44,0,73.07,4.19,0,Normal
2026-03-01 10:49:40,0.45,32.57,2.03,46,46,0,76.05,1.25,0,Normal
2026-03-01 10:49:41,0.24,30.12,1.08,50,50,0,84.8,1.45,0,Normal
2026-03-01 10:49:42,0.6,30.26,2.18,54,54,0,90.27,2.33,0,Normal
2026-03-01 10:49:43,0.09,24.4,3.93,51,51,0,86.53,4.7,0,Normal
2026-03-01 10:49:44,0.25,27.13,4.41,52,52,0,83.35,4.26,0,Normal
2026-03-01 10:49:45,0.08,32.75,2.53,52,52,0,90.35,2.95,0,Normal
2026-03-01 10:49:46,0.12,33.89,2.74,43,43,0,70.72,2.37,0,Normal
2026-03-01 10:49:47,0.62,20.93,3.43,60,60,0,101.95,3.87,0,Normal
2026-03-01 10:49:48,0.41,24.2,3.94,46,46,0,78.03,3.72,0,Normal
2026-03-01 10:49:49,0.46,50.16,5.25,60,60,0,101.87,7.07,0,Normal
2026-03-01 10:49:50,0.02,29.21,2.55,57,57,0,94.53,3.43,0,Normal
2026-03-01 10:49:51,0.46,33.31,2.38,56,56,0,93.57,2.51,0,Normal
2026-03-01 10:49:52,0.24,26.33,8.26,60,60,0,101.4,10.06,0,Normal
2026-03-01 10:49:53,0.22,24.02,7.41,44,44,0,73.93,8.84,0,Normal
2026-03-01 10:49:54,0.19,63.8,2.62,42,42,0,69.2,3.05,0,Normal
2026-03-01 10:49:55,0.67,41.84,5.55,51,51,0,86.54,7.66,0,Normal
2026-03-01 10:49:56,0.07,35.15,8.95,45,45,0,79.03,11.66,0,Normal
2026-03-01 10:49:57,0.59,32.39,6.01,59,59,0,98.49,7.18,0,Normal
2026-03-01 10:49:58,0.92,29.92,2.36,52,52,0,88.09,1.56,0,Normal
2026-03-01 10:49:59,0.06,27.92,3.48,46,46,0,77.62,3.08,0,Normal
2026-03-01 10:50:00,1.95,22.56,1.51,48,47,1,78.4,1.32,0,Normal
2026-03-01 10:50:01,1.63,21.63,2.15,43,42,1,71.77,2.17,0,Normal
2026-03-01 10:50:02,0.34,76.04,3.3,48,48,0,81.83,4.24,0,Normal
2026-03-01 10:50:03,0.11,22.28,3.67,52,52,0,86.54,4.17,0,Normal
2026-03-01 10:50:04,0.2,24.35,2.43,42,42,0,72.71,2.96,0,Normal
2026-03-01 10:50:05,0.07,27.39,0.96,42,42,0,70.58,0.61,0,Normal
2026-03-01 10:50:06,0.04,47.5,3.62,47,47,0,80.57,2.33,0,Normal
2026-03-01 10:50:07,0.43,24.28,4.61,48,48,0,81.16,6.19,0,Normal
2026-03-01 10:50:08,0.3,30.97,4.69,56,56,0,94.14,3.6,0,Normal
2026-03-01 10:50:09,0.29,26.87,3.03,60,60,0,100.79,3.74,0,Normal
2026-03-01 10:50:10,0.1,29.29,3.12,50,50,0,85.01,3.24,0,Normal
2026-03-01 10:50:11,0.09,23.53,3.71,48,48,0,78.99,3.26,0,Normal
2026-03-01 10:50:12,1.6,52.33,3.99,56,55,1,92.96,4.83,0,Normal
2026-03-01 10:50:13,0.35,24.79,3.18,60,60,0,102.77,4.37,0,Normal
2026-03-01 10:50:14,0.6,43.79,1.17,50,50,0,84.77,0.94,0,Normal
2026-03-01 10:50:15,0.17,26.65,6.23,45,45,0,72.98,5.49,0,Normal
2026-03-01 10:50:16,0.65,41.52,2.69,47,47,0,76.89,2.25,0,Normal
2026-03-01 10:50:17,0.45,31.56,1.91,48,48,0,80.67,2.14,0,Normal
2026-03-01 10:50:18,0.15,32.87,2.78,60,60,0,99.62,3.28,0,Normal
2026-03-01 10:50:19,0.44,52.47,3.49,49,49,0,83.65,3.43,0,Normal
2026-03-01 10:50:20,0.91,38.65,2.52,53,53,0,88.33,1.95,0,Normal
2026-03-01 10:50:21,0.08,40.61,2.6,42,42,0,71.39,2.23,0,Normal
2026-03-01 10:50:22,0.28,27.6,2.87,49,49,0,85.23,3.44,0,Normal
2026-03-01 10:50:23,1.19,48.27,3.91,46,45,1,75.63,5.11,0,Normal
2026-03-01 10:50:24,0.6,27.2,2.32,60,60,0,99.28,2.33,0,Normal
2026-03-01 10:50:25,0.34,70.39,3.86,53,53,0,89.63,3.09,0,Normal
2026-03-01 10:50:26,0.03,19.68,1.78,42,42,0,70.98,2.02,0,Normal
2026-03-01 10:50:27,0.18,23.09,8.19,42,42,0,70.94,9.1,0,Normal
2026-03-01 10:50:28,0.37,45.24,5.38,51,51,0,87.73,7.14,0,Normal
2026-03-01 10:50:29,0.18,48.35,2.93,42,42,0,68.78,2.43,0,Normal
2026-03-01 10:50:30,1.95,25.55,3.86,53,52,1,88.86,4.84,0,Normal
2026-03-01 10:50:31,0.49,38.84,1.96,51,51,0,84.77,2.23,0,Normal
2026-03-01 10:50:32,0.07,26.21,4.28,47,47,0,81.03,5.44,0,Normal
2026-03-01 10:50:33,0.24,30.47,4.86,44,44,0,70.74,3.31,0,Normal
2026-03-01 10:50:34,0.17,18.05,3.74,60,60,0,104.15,4.72,0,Normal
2026-03-01 10:50:35,0.32,50.84,4.98,42,42,0,70.15,4.89,0,Normal
2026-03-01 10:50:36,0.21,33.6,3.31,44,44,0,72.1,4.04,0,Normal
2026-03-01 10:50:37,0.1,38.01,3.17,53,53,0,90.4,2.52,0,Normal
2026-03-01 10:50:38,0.45,58.42,2.47,44,44,0,74.69,2.17,0,Normal
2026-03-01 10:50:39,0.04,26.16,4.26,47,47,0,79.64,3.97,0,Normal
2026-03-01 10:50:40,0.27,30.98,2.28,57,57,0,97.15,2.37,0,Normal
2026-03-01 10:50:41,0.13,61.14,4.0,43,43,0,72.29,4.03,0,Normal
2026-03-01 10:50:42,1.19,57.53,3.81,42,42,0,70.12,3.0,0,Normal
2026-03-01 10:50:43,0.13,58.33,6.08,47,47,0,77.22,8.04,0,Normal
2026-03-01 10:50:44,0.15,58.68,4.32,42,42,0,70.39,5.85,0,Normal
2026-03-01 10:50:45,0.43,14.85,58.04,50,50,0,83.23,101.55,1,High Jitter
2026-03-01 10:50:46,0.05,24.23,55.52,51,51,0,85.67,78.91,1,High Jitter
2026-03-01 10:50:47,0.14,48.38,48.36,49,49,0,82.49,74.13,1,High Jitter
2026-03-01 10:50:48,0.42,23.43,2.39,42,42,0,73.17,2.93,0,Normal
2026-03-01 10:50:49,0.01,25.75,5.13,60,60,0,99.68,7.07,0,Normal
2026-03-01 10:50:50,0.13,62.2,1.23,42,42,0,70.35,1.67,0,Normal
2026-03-01 10:50:51,0.0,58.58,6.3,52,52,0,86.71,8.19,0,Normal
2026-03-01 10:50:52,0.06,22.42,5.2,47,47,0,76.86,5.56,0,Normal
2026-03-01 10:50:53,0.32,65.88,3.61,42,42,0,74.93,3.14,0,Normal
2026-03-01 10:50:54,0.21,46.76,3.89,42,42,0,69.16,3.95,0,Normal
2026-03-01 10:50:55,0.06,72.15,3.43,57,57,0,96.31,4.18,0,Normal
2026-03-01 10:50:56,0.03,40.52,3.57,42,42,0,73.11,2.44,0,Normal
2026-03-01 10:50:57,0.02,12.71,5.51,46,46,0,75.42,6.41,0,Normal
2026-03-01 10:50:58,0.03,59.61,3.0,45,45,0,76.91,3.95,0,Normal
2026-03-01 10:50:59,0.04,21.95,4.35,55,55,0,90.09,3.34,0,Normal
2026-03-01 10:51:00,0.03,46.23,2.24,49,49,0,81.12,2.8,0,Normal
2026-03-01 10:51:01,0.02,53.2,4.22,57,57,0,96.6,5.54,0,Normal
2026-03-01 10:51:02,0.42,28.68,2.94,60,60,0,100.39,1.92,0,Normal
2026-03-01 10:51:03,0.99,33.29,4.03,60,59,1,101.3,5.5,0,Normal
2026-03-01 10:51:04,0.68,34.46,2.25,52,52,0,87.55,2.25,0,Normal
2026-03-01 10:51:05,0.11,58.59,4.06,46,46,0,78.06,3.93,0,Normal
2026-03-01 10:51:06,0.08,60.56,3.25,55,55,0,91.37,3.52,0,Normal
2026-03-01 10:51:07,0.02,28.35,6.71,42,42,0,69.0,5.18,0,Normal
2026-03-01 10:51:08,0.06,37.39,3.73,42,42,0,68.83,4.22,0,Normal
2026-03-01 10:51:09,0.29,56.46,4.15,42,42,0,69.16,5.17,0,Normal
2026-03-01 10:51:10,1.95,36.09,2.72,44,43,1,71.2,2.34,0,Normal
2026-03-01 10:51:11,0.69,22.02,3.82,58,58,0,99.18,3.07,0,Normal
2026-03-01 10:51:12,0.25,29.76,4.11,52,52,0,87.97,5.47,0,Normal
2026-03-01 10:51:13,0.19,53.95,2.83,51,51,0,83.76,2.76,0,Normal
2026-03-01 10:51:14,0.06,60.85,2.73,59,59,0,98.5,3.02,0,Normal
2026-03-01 10:51:15,0.19,41.37,2.31,46,46,0,77.23,2.97,0,Normal
2026-03-01 10:51:16,0.32,26.2,3.21,53,53,0,93.44,3.77,0,Normal
2026-03-01 10:51:17,0.32,18.16,2.47,49,49,0,82.33,2.12,0,Normal
2026-03-01 10:51:18,0.29,62.04,3.79,42,42,0,71.24,2.33,0,Normal
2026-03-01 10:51:19,0.61,26.98,2.33,42,42,0,69.07,2.27,0,Normal
2026-03-01 10:51:20,0.25,31.33,3.14,46,46,0,78.36,2.51,0,Normal
2026-03-01 10:51:21,0.22,33.29,2.17,55,55,0,94.47,2.03,0,Normal
2026-03-01 10:51:22,0.13,59.6,5.56,54,54,0,90.49,5.37,0,Normal
2026-03-01 10:51:23,0.07,30.62,3.36,50,50,0,84.92,4.34,0,Normal
2026-03-01 10:51:24,0.0,28.87,3.34,59,59,0,99.98,4.06,0,Normal
2026-03-01 10:51:25,0.14,68.38,4.34,45,45,0,75.7,3.28,0,Normal
2026-03-01 10:51:26,0.35,56.63,7.38,42,42,0,72.5,6.29,0,Normal
2026-03-01 10:51:27,0.29,23.88,3.44,46,46,0,76.08,3.67,0,Normal
2026-03-01 10:51:28,0.26,33.28,1.7,45,45,0,74.29,1.79,0,Normal
2026-03-01 10:51:29,0.52,22.42,5.65,43,43,0,72.25,5.86,0,Normal
2026-03-01 10:51:30,0.09,30.35,1.8,60,60,0,100.24,2.45,0,Normal
2026-03-01 10:51:31,0.4,26.98,2.66,43,43,0,67.87,3.06,0,Normal
2026-03-01 10:51:32,0.33,27.39,5.68,60,60,0,99.7,3.85,0,Normal
2026-03-01 10:51:33,0.14,42.62,2.86,57,57,0,92.56,3.86,0,Normal
2026-03-01 10:51:34,0.09,72.53,2.57,58,58,0,96.96,2.49,0,Normal
2026-03-01 10:51:35,0.29,34.13,3.77,45,45,0,76.67,4.01,0,Normal
2026-03-01 10:51:36,1.02,31.18,3.33,57,56,1,94.16,4.19,0,Normal
2026-03-01 10:51:37,0.03,23.85,2.43,44,44,0,74.12,1.87,0,Normal
2026-03-01 10:51:38,1.07,29.57,4.93,42,42,0,70.33,4.97,0,Normal
2026-03-01 10:51:39,0.22,31.5,5.77,46,46,0,77.6,7.43,0,Normal
2026-03-01 10:51:40,0.43,62.22,6.2,42,42,0,74.8,7.37,0,Normal
2026-03-01 10:51:41,0.57,28.57,4.26,60,60,0,100.27,3.75,0,Normal
2026-03-01 10:51:42,0.06,50.5,2.42,48,48,0,80.62,2.59,0,Normal
2026-03-01 10:51:43,0.02,29.64,1.89,47,47,0,77.66,1.14,0,Normal
2026-03-01 10:51:44,0.05,24.85,1.17,49,49,0,79.46,0.75,0,Normal
2026-03-01 10:51:45,0.15,32.22,5.29,52,52,0,87.76,3.65,0,Normal
2026-03-01 10:51:46,1.1,15.91,3.62,45,45,0,77.3,4.19,0,Normal
2026-03-01 10:51:47,0.02,55.48,2.75,44,44,0,77.4,3.01,0,Normal
2026-03-01 10:51:48,0.88,62.48,1.39,50,50,0,83.72,1.85,0,Normal
2026-03-01 10:51:49,0.29,21.6,1.95,60,60,0,100.41,2.27,0,Normal
2026-03-01 10:51:50,0.04,30.45,1.5,46,46,0,78.68,1.4,0,Normal
2026-03-01 10:51:51,0.06,31.24,6.35,56,56,0,96.65,8.22,0,Normal
2026-03-01 10:51:52,0.41,69.73,4.42,51,51,0,83.83,2.8,0,Normal
2026-03-01 10:51:53,0.33,29.78,1.84,51,51,0,86.68,1.12,0,Normal
2026-03-01 10:51:54,0.06,27.76,6.93,51,51,0,88.42,5.55,0,Normal
2026-03-01 10:51:55,0.82,29.15,2.4,53,53,0,88.67,1.68,0,Normal
2026-03-01 10:51:56,0.05,37.54,3.89,51,51,0,83.94,3.17,0,Normal
2026-03-01 10:51:57,0.25,42.55,3.89,47,47,0,80.14,3.28,0,Normal
2026-03-01 10:51:58,0.26,26.89,3.18,60,60,0,98.78,3.07,0,Normal
2026-03-01 10:51:59,0.72,31.26,2.9,60,60,0,102.59,3.15,0,Normal
2026-03-01 10:52:00,0.01,27.55,3.37,54,54,0,93.71,2.97,0,Normal
2026-03-01 10:52:01,0.05,27.43,2.93,49,49,0,81.57,4.02,0,Normal
2026-03-01 10:52:02,29.6,39.27,3.71,42,30,12,50.4,3.84,1,Packet Drop Burst
2026-03-01 10:52:03,26.15,22.45,3.78,53,39,14,65.52,4.92,1,Packet Drop Burst
2026-03-01 10:52:04,30.13,13.99,2.62,60,42,18,70.56,3.26,1,Packet Drop Burst
2026-03-01 10:52:05,18.68,29.9,5.45,50,41,9,68.88,3.48,1,Packet Drop Burst
2026-03-01 10:52:06,36.09,35.21,2.28,55,35,20,58.8,2.23,1,Packet Drop Burst
2026-03-01 10:52:07,21.37,29.32,3.96,52,41,11,68.88,4.93,1,Packet Drop Burst
2026-03-01 10:52:08,28.8,31.01,2.85,60,43,17,72.24,3.78,1,Packet Drop Burst
2026-03-01 10:52:09,25.59,32.51,2.25,51,38,13,63.84,2.48,1,Packet Drop Burst
2026-03-01 10:52:10,35.01,28.67,2.93,49,32,17,53.76,3.94,1,Packet Drop Burst
2026-03-01 10:52:11,37.26,31.34,2.47,49,31,18,52.08,2.79,1,Packet Drop Burst
2026-03-01 10:52:12,19.24,56.38,4.47,50,40,10,67.2,3.42,1,Packet Drop Burst
2026-03-01 10:52:13,22.14,16.25,3.18,42,33,9,55.44,3.33,1,Packet Drop Burst
2026-03-01 10:52:14,34.99,50.65,6.15,48,31,17,52.08,7.41,1,Packet Drop Burst
2026-03-01 10:52:15,27.08,64.55,2.16,43,31,12,52.08,2.45,1,Packet Drop Burst
2026-03-01 10:52:16,30.65,27.77,1.24,50,35,15,58.8,0.82,1,Packet Drop Burst
2026-03-01 10:52:17,25.42,45.54,3.97,42,31,11,52.08,3.13,1,Packet Drop Burst
2026-03-01 10:52:18,28.69,34.2,7.21,57,41,16,68.88,8.29,1,Packet Drop Burst
2026-03-01 10:52:19,23.34,29.47,4.14,54,41,13,68.88,4.23,1,Packet Drop Burst
2026-03-01 10:52:20,29.8,30.84,2.17,49,34,15,57.12,1.36,1,Packet Drop Burst
2026-03-01 10:52:21,26.66,26.85,2.1,59,43,16,72.24,2.49,1,Packet Drop Burst
2026-03-01 10:52:22,0.03,34.31,8.26,55,55,0,93.43,5.48,0,Normal
2026-03-01 10:52:23,0.04,18.42,2.8,47,47,0,75.01,2.09,0,Normal
2026-03-01 10:52:24,0.07,22.63,2.1,52,52,0,84.15,2.78,0,Normal
2026-03-01 10:52:25,0.39,35.72,5.67,42,42,0,70.47,4.83,0,Normal
2026-03-01 10:52:26,0.46,25.39,3.11,47,47,0,78.63,1.95,0,Normal
2026-03-01 10:52:27,0.35,15.13,1.33,60,60,0,98.66,0.82,0,Normal
2026-03-01 10:52:28,0.14,41.14,8.48,51,51,0,88.69,11.43,0,Normal
2026-03-01 10:52:29,0.2,34.46,4.32,56,56,0,92.34,3.88,0,Normal
2026-03-01 10:52:30,0.43,32.27,1.68,53,53,0,88.24,1.84,0,Normal
2026-03-01 10:52:31,0.38,28.57,6.22,58,58,0,99.16,5.79,0,Normal
2026-03-01 10:52:32,0.52,72.19,2.07,49,49,0,81.31,1.6,0,Normal
2026-03-01 10:52:33,0.1,35.55,2.02,47,47,0,77.66,2.63,0,Normal
2026-03-01 10:52:34,0.0,65.83,2.22,42,42,0,71.14,3.02,0,Normal
2026-03-01 10:52:35,0.11,32.17,7.95,42,42,0,69.45,11.05,0,Normal
2026-03-01 10:52:36,0.15,28.74,8.33,42,42,0,71.15,5.28,0,Normal
2026-03-01 10:52:37,1.13,54.77,2.59,42,42,0,71.33,1.66,0,Normal
2026-03-01 10:52:38,0.09,64.95,7.15,45,45,0,76.17,9.2,0,Normal
2026-03-01 10:52:39,0.61,31.01,1.19,59,59,0,100.89,0.88,0,Normal
2026-03-01 10:52:40,0.34,31.51,5.01,45,45,0,75.02,5.26,0,Normal
2026-03-01 10:52:41,0.06,61.42,6.13,56,56,0,93.32,6.53,0,Normal
2026-03-01 10:52:42,0.18,31.68,6.54,51,51,0,85.55,7.39,0,Normal
2026-03-01 10:52:43,0.25,26.01,3.44,51,51,0,81.44,2.17,0,Normal
2026-03-01 10:52:44,0.15,33.2,4.28,45,45,0,75.92,3.63,0,Normal
2026-03-01 10:52:45,0.09,22.71,2.4,54,54,0,90.23,2.43,0,Normal
2026-03-01 10:52:46,0.1,55.71,3.36,50,50,0,84.57,2.48,0,Normal
2026-03-01 10:52:47,0.31,26.56,3.08,49,49,0,80.98,4.18,0,Normal
2026-03-01 10:52:48,0.41,48.98,3.0,53,53,0,91.06,3.8,0,Normal
2026-03-01 10:52:49,0.22,21.05,5.53,51,51,0,85.37,3.94,0,Normal
2026-03-01 10:52:50,0.99,34.3,3.66,56,55,1,93.65,4.16,0,Normal
2026-03-01 10:52:51,0.46,18.14,7.11,49,49,0,81.56,6.6,0,Normal
2026-03-01 10:52:52,0.78,65.57,3.71,42,42,0,71.26,3.15,0,Normal
2026-03-01 10:52:53,0.23,68.75,8.9,48,48,0,78.31,7.41,0,Normal
2026-03-01 10:52:54,0.01,62.83,5.77,60,60,0,97.51,6.52,0,Normal
2026-03-01 10:52:55,0.31,30.2,3.19,46,46,0,76.97,4.22,0,Normal
2026-03-01 10:52:56,0.6,59.51,3.59,58,58,0,97.41,4.56,0,Normal
2026-03-01 10:52:57,0.27,76.63,2.28,44,44,0,73.78,2.0,0,Normal
2026-03-01 10:52:58,0.29,24.9,3.57,50,50,0,83.57,4.16,0,Normal
2026-03-01 10:52:59,1.29,30.65,2.13,60,59,1,98.52,2.18,0,Normal
2026-03-01 10:53:00,0.16,25.79,6.04,60,60,0,101.81,5.75,0,Normal
2026-03-01 10:53:01,0.57,26.81,2.84,60,60,0,103.48,2.38,0,Normal
2026-03-01 10:53:02,0.25,48.5,3.9,43,43,0,76.12,2.59,0,Normal
2026-03-01 10:53:03,0.22,24.51,1.19,49,49,0,83.96,0.9,0,Normal
2026-03-01 10:53:04,0.06,24.43,2.94,60,60,0,97.37,3.1,0,Normal
2026-03-01 10:53:05,0.48,24.25,2.81,49,49,0,83.9,3.32,0,Normal
2026-03-01 10:53:06,0.61,23.48,5.02,49,49,0,83.88,3.16,0,Normal
2026-03-01 10:53:07,0.2,68.16,4.2,56,56,0,93.93,3.79,0,Normal
2026-03-01 10:53:08,0.5,25.72,5.25,47,47,0,80.35,3.85,0,Normal
2026-03-01 10:53:09,0.3,24.16,40.02,51,51,0,86.22,48.27,1,High Jitter
2026-03-01 10:53:10,0.1,60.85,43.43,52,52,0,87.34,77.33,1,High Jitter
2026-03-01 10:53:11,0.9,63.27,33.39,46,46,0,77.66,54.45,1,High Jitter
2026-03-01 10:53:12,0.42,35.4,53.49,44,44,0,73.09,71.84,1,High Jitter
2026-03-01 10:53:13,0.74,28.0,48.37,51,51,0,82.92,67.03,1,High Jitter
2026-03-01 10:53:14,0.12,28.4,36.94,52,52,0,84.54,64.23,1,High Jitter
2026-03-01 10:53:15,0.87,49.0,72.69,48,48,0,82.02,98.34,1,High Jitter
2026-03-01 10:53:16,0.16,53.69,74.96,49,49,0,80.78,94.1,1,High Jitter
2026-03-01 10:53:17,0.0,38.43,71.74,51,51,0,83.39,122.29,1,High Jitter
2026-03-01 10:53:18,0.03,27.02,45.98,51,51,0,83.36,74.43,1,High Jitter
2026-03-01 10:53:19,0.03,24.87,69.7,49,49,0,81.61,106.33,1,High Jitter
2026-03-01 10:53:20,0.08,30.05,54.79,42,42,0,72.83,83.96,1,High Jitter
2026-03-01 10:53:21,0.07,28.77,1.81,46,46,0,77.06,1.81,0,Normal
2026-03-01 10:53:22,0.02,25.0,4.13,54,54,0,88.57,3.54,0,Normal
2026-03-01 10:53:23,0.79,30.83,2.69,51,51,0,87.9,3.56,0,Normal
2026-03-01 10:53:24,0.62,69.36,2.02,60,60,0,101.29,1.27,0,Normal
2026-03-01 10:53:25,0.5,23.29,5.95,54,54,0,90.2,5.11,0,Normal
2026-03-01 10:53:26,0.23,56.55,2.42,53,53,0,89.77,3.15,0,Normal
2026-03-01 10:53:27,0.19,18.8,1.85,56,56,0,94.1,2.59,0,Normal
2026-03-01 10:53:28,0.19,71.29,3.38,60,60,0,99.72,3.98,0,Normal
2026-03-01 10:53:29,0.11,29.4,2.3,54,54,0,89.9,3.04,0,Normal
2026-03-01 10:53:30,0.33,41.48,2.3,60,60,0,98.94,1.41,0,Normal
2026-03-01 10:53:31,0.02,24.62,3.23,50,50,0,83.3,3.93,0,Normal
2026-03-01 10:53:32,0.38,21.61,2.49,46,46,0,78.68,2.41,0,Normal
2026-03-01 10:53:33,0.25,59.08,1.57,42,42,0,71.91,1.81,0,Normal
2026-03-01 10:53:34,0.59,26.51,4.27,59,59,0,98.86,4.03,0,Normal
2026-03-01 10:53:35,1.26,31.99,4.9,46,45,1,75.35,5.17,0,Normal
2026-03-01 10:53:36,0.73,27.58,2.97,42,42,0,69.01,2.4,0,Normal
2026-03-01 10:53:37,0.45,51.93,4.39,42,42,0,71.15,4.65,0,Normal
2026-03-01 10:53:38,0.2,42.09,2.81,55,55,0,90.33,2.34,0,Normal
2026-03-01 10:53:39,0.08,12.0,1.41,55,55,0,93.65,1.16,0,Normal
2026-03-01 10:53:40,0.38,56.96,4.97,42,42,0,71.19,4.28,0,Normal
2026-03-01 10:53:41,0.08,33.6,3.18,49,49,0,81.92,2.42,0,Normal
2026-03-01 10:53:42,0.01,23.53,3.55,50,50,0,84.65,2.77,0,Normal
2026-03-01 10:53:43,0.3,39.23,3.16,46,46,0,76.77,4.26,0,Normal
2026-03-01 10:53:44,0.18,19.77,3.06,51,51,0,85.96,2.95,0,Normal
2026-03-01 10:53:45,0.73,34.05,3.54,48,48,0,80.96,3.86,0,Normal
2026-03-01 10:53:46,0.36,15.5,3.57,54,54,0,92.47,3.77,0,Normal
2026-03-01 10:53:47,0.36,77.21,5.86,47,47,0,79.69,4.76,0,Normal
2026-03-01 10:53:48,0.54,42.75,4.04,42,42,0,72.13,2.43,0,Normal
2026-03-01 10:53:49,0.14,55.62,5.64,55,55,0,92.99,3.85,0,Normal
2026-03-01 10:53:50,1.11,28.07,6.54,49,48,1,80.55,8.27,0,Normal
2026-03-01 10:53:51,0.09,23.04,1.61,60,60,0,101.57,1.11,0,Normal
2026-03-01 10:53:52,0.72,51.98,5.9,43,43,0,72.76,4.51,0,Normal
2026-03-01 10:53:53,0.85,30.78,4.45,60,59,1,98.58,5.93,0,Normal
2026-03-01 10:53:54,0.01,59.36,4.14,54,54,0,88.61,5.15,0,Normal
2026-03-01 10:53:55,0.35,30.45,5.18,47,47,0,78.18,3.33,0,Normal
2026-03-01 10:53:56,0.48,59.68,2.95,60,60,0,100.01,3.29,0,Normal
2026-03-01 10:53:57,1.08,53.39,4.35,57,56,1,94.91,4.41,0,Normal
2026-03-01 10:53:58,0.1,27.55,2.06,43,43,0,72.14,1.84,0,Normal
2026-03-01 10:53:59,0.29,34.08,1.76,42,42,0,69.34,1.76,0,Normal
2026-03-01 10:54:00,0.52,23.35,4.22,45,45,0,75.35,3.04,0,Normal
2026-03-01 10:54:01,0.06,23.69,3.22,57,57,0,95.28,4.39,0,Normal
2026-03-01 10:54:02,0.67,36.26,3.32,42,42,0,69.18,2.44,0,Normal
2026-03-01 10:54:03,0.18,36.13,2.32,42,42,0,72.76,1.74,0,Normal
2026-03-01 10:54:04,0.36,31.44,3.96,46,46,0,77.0,3.54,0,Normal
2026-03-01 10:54:05,0.02,22.67,2.74,45,45,0,74.41,2.11,0,Normal
2026-03-01 10:54:06,0.09,22.18,3.25,50,50,0,81.51,2.76,0,Normal
2026-03-01 10:54:07,0.23,35.97,2.67,48,48,0,80.77,1.69,0,Normal
2026-03-01 10:54:08,0.12,35.64,2.31,48,48,0,81.42,2.53,0,Normal
2026-03-01 10:54:09,1.11,52.2,3.02,53,52,1,86.38,2.4,0,Normal
2026-03-01 10:54:10,0.55,51.88,5.66,45,45,0,75.81,7.79,0,Normal
2026-03-01 10:54:11,0.7,30.75,2.68,47,47,0,77.32,1.86,0,Normal
2026-03-01 10:54:12,0.22,21.36,3.14,42,42,0,70.22,2.08,0,Normal
2026-03-01 10:54:13,0.22,59.16,2.95,43,43,0,73.87,2.18,0,Normal
2026-03-01 10:54:14,0.57,28.03,2.49,48,48,0,80.29,2.58,0,Normal
2026-03-01 10:54:15,0.17,28.52,5.77,44,44,0,72.95,6.92,0,Normal
2026-03-01 10:54:16,0.23,35.5,1.8,60,60,0,102.81,1.88,0,Normal
2026-03-01 10:54:17,0.26,22.26,3.19,43,43,0,72.54,4.12,0,Normal
2026-03-01 10:54:18,0.33,20.01,2.27,43,43,0,71.49,2.44,0,Normal
2026-03-01 10:54:19,0.37,58.22,4.29,47,47,0,77.66,3.05,0,Normal
2026-03-01 10:54:20,0.4,24.96,3.53,51,51,0,83.96,2.64,0,Normal
2026-03-01 10:54:21,0.21,59.36,5.65,55,55,0,93.04,5.01,0,Normal
2026-03-01 10:54:22,0.12,33.66,4.62,47,47,0,80.11,6.17,0,Normal
2026-03-01 10:54:23,0.88,64.52,3.44,47,47,0,78.96,3.33,0,Normal
2026-03-01 10:54:24,0.61,35.28,4.64,51,51,0,85.38,6.03,0,Normal
2026-03-01 10:54:25,0.0,32.38,4.84,42,42,0,71.44,3.19,0,Normal
2026-03-01 10:54:26,0.25,48.45,2.2,42,42,0,68.43,2.53,0,Normal
2026-03-01 10:54:27,10.5,346.12,84.87,47,42,5,70.56,127.31,1,Combined Degradation
2026-03-01 10:54:28,16.66,402.78,71.16,47,39,8,65.52,106.74,1,Combined Degradation
2026-03-01 10:54:29,17.07,319.71,70.03,59,49,10,82.32,105.04,1,Combined Degradation
2026-03-01 10:54:30,19.32,316.29,39.88,53,43,10,72.24,59.83,1,Combined Degradation
2026-03-01 10:54:31,20.67,381.56,49.85,49,39,10,65.52,74.78,1,Combined Degradation
2026-03-01 10:54:32,7.88,418.14,64.17,52,48,4,80.64,96.25,1,Combined Degradation
2026-03-01 10:54:33,8.42,406.05,69.88,48,44,4,73.92,104.82,1,Combined Degradation
2026-03-01 10:54:34,8.43,325.64,45.08,42,38,4,63.84,67.62,1,Combined Degradation
2026-03-01 10:54:35,0.62,27.56,9.95,42,42,0,71.85,7.41,0,Normal
2026-03-01 10:54:36,0.3,62.72,4.81,51,51,0,84.73,3.96,0,Normal
2026-03-01 10:54:37,0.23,12.0,3.83,42,42,0,70.73,4.0,0,Normal
2026-03-01 10:54:38,0.39,29.24,5.12,50,50,0,83.2,5.48,0,Normal
2026-03-01 10:54:39,0.15,40.52,2.95,59,59,0,98.53,2.53,0,Normal
2026-03-01 10:54:40,0.29,68.58,2.78,47,47,0,77.02,2.79,0,Normal
2026-03-01 10:54:41,0.1,33.76,2.91,44,44,0,75.06,2.03,0,Normal
2026-03-01 10:54:42,0.02,55.18,2.38,52,52,0,88.53,1.45,0,Normal
2026-03-01 10:54:43,0.29,52.1,2.47,48,48,0,81.81,3.28,0,Normal
2026-03-01 10:54:44,0.09,25.26,3.3,49,49,0,81.68,3.14,0,Normal
2026-03-01 10:54:45,0.49,20.34,3.42,52,52,0,87.86,2.68,0,Normal
2026-03-01 10:54:46,0.21,60.65,6.03,48,48,0,83.63,5.21,0,Normal
2026-03-01 10:54:47,0.1,38.21,5.27,44,44,0,74.36,5.34,0,Normal
2026-03-01 10:54:48,0.33,54.58,1.7,50,50,0,82.27,2.31,0,Normal
2026-03-01 10:54:49,0.04,46.84,2.91,46,46,0,76.0,3.42,0,Normal
2026-03-01 10:54:50,0.5,27.74,2.02,54,54,0,89.37,2.74,0,Normal
2026-03-01 10:54:51,0.21,20.74,1.03,51,51,0,87.66,0.71,0,Normal
2026-03-01 10:54:52,0.59,32.07,3.45,55,55,0,92.99,2.56,0,Normal
2026-03-01 10:54:53,0.05,35.52,4.3,54,54,0,88.36,3.83,0,Normal
2026-03-01 10:54:54,0.17,29.9,3.43,44,44,0,75.87,2.73,0,Normal
2026-03-01 10:54:55,0.07,30.93,4.04,50,50,0,84.85,5.52,0,Normal
2026-03-01 10:54:56,0.02,20.59,2.86,45,45,0,75.86,2.1,0,Normal
2026-03-01 10:54:57,1.09,32.24,2.09,49,48,1,82.92,1.54,0,Normal
2026-03-01 10:54:58,0.45,36.08,2.81,45,45,0,75.26,2.79,0,Normal
2026-03-01 10:54:59,0.14,61.41,6.15,57,57,0,97.8,7.12,0,Normal
2026-03-01 10:55:00,0.1,17.22,3.93,46,46,0,73.97,3.55,0,Normal
2026-03-01 10:55:01,0.08,37.81,1.67,54,54,0,89.62,1.06,0,Normal
2026-03-01 10:55:02,0.02,50.26,3.52,54,54,0,91.91,4.27,0,Normal
2026-03-01 10:55:03,0.04,30.33,5.89,48,48,0,83.16,7.99,0,Normal
2026-03-01 10:55:04,0.04,59.79,4.68,42,42,0,68.73,5.84,0,Normal
2026-03-01 10:55:05,0.38,34.48,5.92,42,42,0,69.93,7.54,0,Normal
2026-03-01 10:55:06,0.32,63.32,1.7,60,60,0,101.05,2.17,0,Normal
2026-03-01 10:55:07,0.29,28.7,3.51,58,58,0,96.03,4.24,0,Normal
2026-03-01 10:55:08,0.46,60.43,2.84,54,54,0,90.33,3.53,0,Normal
2026-03-01 10:55:09,0.1,59.98,4.34,44,44,0,76.29,2.87,0,Normal
2026-03-01 10:55:10,0.15,30.75,2.27,42,42,0,69.01,1.46,0,Normal
2026-03-01 10:55:11,0.05,36.69,2.25,44,44,0,73.56,1.48,0,Normal
2026-03-01 10:55:12,0.31,63.55,3.32,50,50,0,84.41,3.56,0,Normal
2026-03-01 10:55:13,0.95,27.56,2.19,55,54,1,91.42,1.74,0,Normal
2026-03-01 10:55:14,0.7,77.71,3.73,47,47,0,77.66,2.32,0,Normal
2026-03-01 10:55:15,0.28,37.14,1.33,45,45,0,75.33,0.88,0,Normal
2026-03-01 10:55:16,0.36,57.54,5.64,57,57,0,95.33,3.69,0,Normal
2026-03-01 10:55:17,1.7,33.44,0.95,42,41,1,69.34,1.04,0,Normal
2026-03-01 10:55:18,0.25,24.23,4.99,48,48,0,78.88,3.56,0,Normal
2026-03-01 10:55:19,0.72,22.95,2.56,47,47,0,80.87,3.26,0,Normal
2026-03-01 10:55:20,0.24,34.14,1.73,47,47,0,79.35,2.41,0,Normal
2026-03-01 10:55:21,0.02,22.7,3.58,48,48,0,82.24,3.42,0,Normal
2026-03-01 10:55:22,0.95,30.26,4.95,42,42,0,69.7,5.09,0,Normal
2026-03-01 10:55:23,0.04,25.07,5.59,46,46,0,75.45,4.52,0,Normal
2026-03-01 10:55:24,0.43,51.92,5.51,46,46,0,75.85,6.2,0,Normal
2026-03-01 10:55:25,0.1,30.87,2.26,46,46,0,78.33,3.01,0,Normal
2026-03-01 10:55:26,0.81,62.64,3.64,52,52,0,86.7,2.71,0,Normal
2026-03-01 10:55:27,0.08,16.54,1.49,44,44,0,71.49,2.03,0,Normal
2026-03-01 10:55:28,0.05,23.81,3.44,52,52,0,87.63,2.67,0,Normal
2026-03-01 10:55:29,0.2,17.16,3.87,43,43,0,71.76,3.14,0,Normal
2026-03-01 10:55:30,0.24,32.39,2.8,60,60,0,100.36,3.73,0,Normal
2026-03-01 10:55:31,0.6,36.33,1.45,53,53,0,86.47,1.56,0,Normal
2026-03-01 10:55:32,0.5,33.1,2.54,59,59,0,96.86,1.59,0,Normal
2026-03-01 10:55:33,0.14,33.93,7.83,50,50,0,83.18,9.73,0,Normal
2026-03-01 10:55:34,0.17,24.89,3.96,55,55,0,91.01,4.41,0,Normal
2026-03-01 10:55:35,0.3,31.28,2.67,42,42,0,69.71,3.19,0,Normal
2026-03-01 10:55:36,0.28,27.95,3.09,58,58,0,98.69,2.25,0,Normal
2026-03-01 10:55:37,0.69,29.11,3.95,51,51,0,84.08,5.13,0,Normal
2026-03-01 10:55:38,0.22,33.74,1.65,49,49,0,80.96,2.03,0,Normal
2026-03-01 10:55:39,0.78,35.05,1.69,55,55,0,91.61,2.31,0,Normal
2026-03-01 10:55:40,0.08,25.66,2.38,46,46,0,75.83,2.21,0,Normal
2026-03-01 10:55:41,0.71,19.55,2.64,48,48,0,80.32,2.68,0,Normal
2026-03-01 10:55:42,0.13,26.88,7.44,53,53,0,90.58,8.64,0,Normal
2026-03-01 10:55:43,0.54,26.68,3.43,52,52,0,86.93,2.34,0,Normal
2026-03-01 10:55:44,0.29,29.71,2.63,56,56,0,94.47,2.02,0,Normal
2026-03-01 10:55:45,0.73,62.38,3.41,53,53,0,85.56,2.83,0,Normal
2026-03-01 10:55:46,0.09,16.51,1.33,50,50,0,84.12,1.81,0,Normal
2026-03-01 10:55:47,0.42,23.97,2.21,42,42,0,72.77,1.33,0,Normal
2026-03-01 10:55:48,0.66,22.22,2.37,60,60,0,100.95,3.31,0,Normal
2026-03-01 10:55:49,0.52,35.51,2.1,53,53,0,89.23,1.92,0,Normal
2026-03-01 10:55:50,0.29,58.05,5.79,57,57,0,96.19,6.47,0,Normal
2026-03-01 10:55:51,0.39,55.25,4.47,55,55,0,94.75,4.15,0,Normal
2026-03-01 10:55:52,0.08,31.23,1.93,50,50,0,86.03,2.36,0,Normal
2026-03-01 10:55:53,0.09,65.07,1.88,46,46,0,75.75,2.55,0,Normal
2026-03-01 10:55:54,0.11,27.91,1.88,60,60,0,102.6,1.81,0,Normal
2026-03-01 10:55:55,0.62,38.88,3.05,55,55,0,94.46,2.27,0,Normal
2026-03-01 10:55:56,0.06,38.72,3.63,42,42,0,67.99,2.83,0,Normal
2026-03-01 10:55:57,0.12,25.56,4.0,54,54,0,90.76,3.25,0,Normal
2026-03-01 10:55:58,0.89,59.6,2.1,53,53,0,89.83,1.63,0,Normal
2026-03-01 10:55:59,0.49,67.57,3.06,47,47,0,74.76,1.87,0,Normal
2026-03-01 10:56:00,0.46,16.44,3.24,42,42,0,69.54,4.18,0,Normal
2026-03-01 10:56:01,0.21,34.22,5.69,42,42,0,69.49,6.51,0,Normal
2026-03-01 10:56:02,0.42,42.53,4.7,47,47,0,77.99,4.76,0,Normal
2026-03-01 10:56:03,0.29,70.14,1.74,53,53,0,90.61,1.25,0,Normal
2026-03-01 10:56:04,0.03,23.1,1.42,53,53,0,88.96,0.9,0,Normal
2026-03-01 10:56:05,0.3,26.36,3.16,42,42,0,71.19,2.87,0,Normal
2026-03-01 10:56:06,0.21,28.51,2.49,53,53,0,89.17,1.51,0,Normal
2026-03-01 10:56:07,0.04,55.92,2.15,48,48,0,84.34,1.39,0,Normal
2026-03-01 10:56:08,0.15,51.47,2.36,43,43,0,73.73,1.56,0,Normal
2026-03-01 10:56:09,0.79,34.09,4.31,43,43,0,72.21,5.4,0,Normal
2026-03-01 10:56:10,0.57,28.76,1.69,47,47,0,78.56,1.99,0,Normal
2026-03-01 10:56:11,0.86,48.66,7.63,44,44,0,72.88,6.47,0,Normal
2026-03-01 10:56:12,0.44,58.75,2.4,51,51,0,84.22,2.03,0,Normal
2026-03-01 10:56:13,0.35,21.47,4.41,43,43,0,70.44,3.86,0,Normal
2026-03-01 10:56:14,0.05,24.54,2.46,52,52,0,88.83,2.59,0,Normal
2026-03-01 10:56:15,0.04,58.24,1.68,48,48,0,79.3,2.16,0,Normal
2026-03-01 10:56:16,0.1,63.96,3.11,50,50,0,84.96,3.05,0,Normal
2026-03-01 10:56:17,0.13,59.56,1.89,50,50,0,83.24,1.36,0,Normal
2026-03-01 10:56:18,0.33,20.85,3.55,51,51,0,84.55,2.58,0,Normal
2026-03-01 10:56:19,0.73,58.55,3.28,42,42,0,70.06,2.12,0,Normal
2026-03-01 10:56:20,0.77,25.8,2.43,50,50,0,86.69,2.9,0,Normal
2026-03-01 10:56:21,0.4,50.82,3.55,48,48,0,85.2,3.27,0,Normal
2026-03-01 10:56:22,0.3,22.62,5.3,58,58,0,96.89,7.07,0,Normal
2026-03-01 10:56:23,0.1,13.26,3.16,47,47,0,78.27,2.68,0,Normal
2026-03-01 10:56:24,0.97,27.22,2.39,53,52,1,88.79,2.96,0,Normal
2026-03-01 10:56:25,0.39,65.74,3.97,58,58,0,97.67,3.96,0,Normal
2026-03-01 10:56:26,0.27,28.21,4.05,60,60,0,99.82,5.18,0,Normal
2026-03-01 10:56:27,0.04,19.77,2.92,42,42,0,71.3,3.06,0,Normal
2026-03-01 10:56:28,0.61,58.26,6.16,42,42,0,71.71,4.64,0,Normal
2026-03-01 10:56:29,0.15,35.19,2.9,48,48,0,80.28,3.6,0,Normal
2026-03-01 10:56:30,0.81,23.16,6.49,59,59,0,98.8,3.92,0,Normal
2026-03-01 10:56:31,0.06,69.84,2.47,51,51,0,88.25,2.48,0,Normal
2026-03-01 10:56:32,0.02,31.92,4.87,43,43,0,71.01,3.68,0,Normal
2026-03-01 10:56:33,0.2,66.87,3.01,56,56,0,93.27,2.62,0,Normal
2026-03-01 10:56:34,0.03,35.0,3.75,59,59,0,98.43,3.47,0,Normal
2026-03-01 10:56:35,0.02,56.69,1.33,44,44,0,76.47,1.4,0,Normal
2026-03-01 10:56:36,0.44,57.41,8.81,53,53,0,86.07,7.79,0,Normal
2026-03-01 10:56:37,0.1,22.8,3.83,55,55,0,93.63,4.27,0,Normal
2026-03-01 10:56:38,0.36,68.27,5.25,52,52,0,87.32,3.93,0,Normal
2026-03-01 10:56:39,0.3,34.83,1.79,52,52,0,90.08,2.2,0,Normal
2026-03-01 10:56:40,0.05,52.22,3.59,52,52,0,87.89,3.88,0,Normal
2026-03-01 10:56:41,0.17,55.79,3.06,60,60,0,97.57,2.7,0,Normal
2026-03-01 10:56:42,0.02,18.66,2.06,45,45,0,78.02,2.12,0,Normal
2026-03-01 10:56:43,9.63,21.59,5.92,46,42,4,70.56,5.47,1,High Packet Loss
2026-03-01 10:56:44,16.09,67.09,3.55,51,43,8,72.24,4.61,1,High Packet Loss
2026-03-01 10:56:45,20.01,29.59,3.24,55,44,11,73.92,3.36,1,High Packet Loss
2026-03-01 10:56:46,19.96,39.63,4.4,56,45,11,75.6,5.41,1,High Packet Loss
2026-03-01 10:56:47,22.08,32.77,2.26,56,44,12,73.92,2.79,1,High Packet Loss
2026-03-01 10:56:48,16.01,21.23,3.57,54,45,9,75.6,4.24,1,High Packet Loss
2026-03-01 10:56:49,16.08,60.5,3.46,53,44,9,73.92,4.15,1,High Packet Loss
2026-03-01 10:56:50,7.41,25.0,3.53,58,54,4,90.72,2.75,1,High Packet Loss
2026-03-01 10:56:51,19.77,30.34,5.27,42,34,8,57.12,6.84,1,High Packet Loss
2026-03-01 10:56:52,14.65,55.64,2.74,55,47,8,78.96,3.2,1,High Packet Loss
2026-03-01 10:56:53,9.76,25.2,2.62,52,47,5,78.96,1.68,1,High Packet Loss
2026-03-01 10:56:54,8.25,37.23,2.52,55,50,5,84.0,2.82,1,High Packet Loss
2026-03-01 10:56:55,22.01,52.04,2.47,50,39,11,65.52,2.44,1,High Packet Loss
2026-03-01 10:56:56,16.38,37.13,5.45,45,38,7,63.84,3.89,1,High Packet Loss
2026-03-01 10:56:57,17.13,51.33,3.22,46,38,8,63.84,3.15,1,High Packet Loss
2026-03-01 10:56:58,10.33,25.84,5.26,46,41,5,68.88,7.04,1,High Packet Loss
2026-03-01 10:56:59,15.91,28.37,3.75,52,44,8,73.92,4.88,1,High Packet Loss
2026-03-01 10:57:00,8.86,25.85,2.24,55,50,5,84.0,1.5,1,High Packet Loss
2026-03-01 10:57:01,13.54,33.31,1.69,42,36,6,60.48,1.6,1,High Packet Loss
2026-03-01 10:57:02,10.43,18.71,1.73,56,50,6,84.0,1.74,1,High Packet Loss
2026-03-01 10:57:03,0.43,24.79,2.22,52,52,0,85.68,2.56,0,Normal
2026-03-01 10:57:04,0.93,29.98,5.25,45,45,0,77.64,6.37,0,Normal
2026-03-01 10:57:05,0.49,33.22,5.96,50,50,0,85.32,7.53,0,Normal
2026-03-01 10:57:06,0.47,41.17,3.46,58,58,0,97.02,3.73,0,Normal
2026-03-01 10:57:07,0.69,20.27,5.04,50,50,0,83.0,6.58,0,Normal
2026-03-01 10:57:08,0.37,24.09,2.59,44,44,0,77.35,2.7,0,Normal
2026-03-01 10:57:09,0.07,14.4,2.5,58,58,0,96.08,1.55,0,Normal
2026-03-01 10:57:10,0.03,21.34,4.7,57,57,0,96.1,4.54,0,Normal
2026-03-01 10:57:11,0.13,64.35,3.58,57,57,0,94.75,2.61,0,Normal
2026-03-01 10:57:12,0.59,48.54,4.62,43,43,0,71.62,4.89,0,Normal
2026-03-01 10:57:13,0.01,63.23,3.4,54,54,0,89.59,3.89,0,Normal
2026-03-01 10:57:14,0.06,30.82,2.8,48,48,0,77.39,3.21,0,Normal
2026-03-01 10:57:15,0.04,26.21,3.01,50,50,0,84.59,2.99,0,Normal
2026-03-01 10:57:16,0.01,30.82,3.81,42,42,0,71.55,4.47,0,Normal
2026-03-01 10:57:17,0.58,58.08,3.7,57,57,0,94.76,2.56,0,Normal
2026-03-01 10:57:18,0.11,21.8,2.18,50,50,0,87.91,2.96,0,Normal
2026-03-01 10:57:19,0.46,17.88,3.14,56,56,0,94.5,4.01,0,Normal
2026-03-01 10:57:20,0.05,31.5,1.67,53,53,0,89.29,2.15,0,Normal
2026-03-01 10:57:21,0.18,37.88,2.84,51,51,0,86.26,1.78,0,Normal
2026-03-01 10:57:22,0.04,54.59,2.19,53,53,0,88.15,1.72,0,Normal
2026-03-01 10:57:23,0.0,33.61,0.84,48,48,0,79.17,0.57,0,Normal
2026-03-01 10:57:24,0.33,36.75,8.98,48,48,0,79.5,11.6,0,Normal
2026-03-01 10:57:25,0.23,30.77,2.35,42,42,0,69.74,2.81,0,Normal
2026-03-01 10:57:26,0.19,29.81,2.17,50,50,0,84.84,1.47,0,Normal
2026-03-01 10:57:27,0.03,46.87,6.89,47,47,0,78.39,6.35,0,Normal
2026-03-01 10:57:28,0.31,27.37,1.96,52,52,0,88.29,1.98,0,Normal
2026-03-01 10:57:29,0.53,72.46,1.73,46,46,0,75.39,2.03,0,Normal
2026-03-01 10:57:30,0.02,24.88,3.03,42,42,0,69.59,2.53,0,Normal
2026-03-01 10:57:31,0.19,27.12,2.66,51,51,0,84.61,2.21,0,Normal
2026-03-01 10:57:32,0.13,67.92,2.49,49,49,0,76.59,2.55,0,Normal
2026-03-01 10:57:33,0.78,62.48,2.2,55,55,0,91.71,2.24,0,Normal
2026-03-01 10:57:34,0.11,22.25,3.05,54,54,0,89.16,2.1,0,Normal
2026-03-01 10:57:35,1.01,28.2,6.93,60,59,1,99.81,8.11,0,Normal
2026-03-01 10:57:36,0.62,31.0,1.61,52,52,0,88.46,1.19,0,Normal
2026-03-01 10:57:37,0.04,31.52,4.85,46,46,0,75.18,6.2,0,Normal
2026-03-01 10:57:38,0.23,32.63,6.62,50,50,0,83.63,8.07,0,Normal
2026-03-01 10:57:39,0.37,26.72,2.5,43,43,0,70.32,3.47,0,Normal
2026-03-01 10:57:40,0.31,30.92,3.93,43,43,0,72.73,2.9,0,Normal
2026-03-01 10:57:41,0.4,61.23,3.14,50,50,0,82.97,4.26,0,Normal
2026-03-01 10:57:42,0.19,16.17,1.53,52,52,0,86.56,1.82,0,Normal
2026-03-01 10:57:43,0.82,50.68,5.75,42,42,0,70.23,7.5,0,Normal
2026-03-01 10:57:44,0.11,51.67,3.37,52,52,0,87.79,2.12,0,Normal
2026-03-01 10:57:45,0.03,55.82,2.63,51,51,0,85.76,2.25,0,Normal
2026-03-01 10:57:46,1.34,38.95,1.67,55,54,1,91.31,1.04,0,Normal
2026-03-01 10:57:47,0.37,52.03,4.2,52,52,0,88.44,3.13,0,Normal
2026-03-01 10:57:48,0.38,65.62,3.56,60,60,0,100.6,4.65,0,Normal
2026-03-01 10:57:49,0.6,33.32,4.36,58,58,0,95.89,4.05,0,Normal
2026-03-01 10:57:50,0.19,30.86,4.26,53,53,0,86.64,4.85,0,Normal
2026-03-01 10:57:51,0.17,43.38,2.3,57,57,0,94.62,2.27,0,Normal
2026-03-01 10:57:52,1.04,18.02,0.8,46,46,0,77.62,0.78,0,Normal
2026-03-01 10:57:53,0.17,21.84,3.16,60,60,0,98.73,3.54,0,Normal
2026-03-01 10:57:54,0.03,61.71,3.07,54,54,0,92.33,2.91,0,Normal
2026-03-01 10:57:55,0.13,18.01,3.57,58,58,0,95.86,2.2,0,Normal
2026-03-01 10:57:56,0.72,65.64,6.57,49,49,0,82.15,8.15,0,Normal
2026-03-01 10:57:57,0.03,28.23,3.25,45,45,0,77.81,2.66,0,Normal
2026-03-01 10:57:58,0.44,34.9,4.53,47,47,0,78.69,5.16,0,Normal
2026-03-01 10:57:59,0.11,31.69,3.93,57,57,0,94.12,4.43,0,Normal
2026-03-01 10:58:00,0.48,55.12,1.78,43,43,0,68.47,1.27,0,Normal
2026-03-01 10:58:01,0.25,29.81,1.86,50,50,0,84.61,1.36,0,Normal
2026-03-01 10:58:02,0.35,56.34,5.58,42,42,0,71.03,5.35,0,Normal
2026-03-01 10:58:03,0.1,24.32,2.23,44,44,0,74.78,1.95,0,Normal
2026-03-01 10:58:04,0.06,22.4,3.92,50,50,0,84.17,3.21,0,Normal
2026-03-01 10:58:05,0.02,31.54,2.09,55,55,0,91.6,1.77,0,Normal
2026-03-01 10:58:06,0.61,23.84,4.65,51,51,0,84.5,3.73,0,Normal
2026-03-01 10:58:07,0.43,25.64,3.71,45,45,0,75.66,2.56,0,Normal
2026-03-01 10:58:08,0.12,28.13,2.9,52,52,0,88.84,1.95,0,Normal
2026-03-01 10:58:09,0.63,37.85,4.48,54,54,0,86.28,5.84,0,Normal
2026-03-01 10:58:10,0.63,31.94,3.73,42,42,0,71.97,4.67,0,Normal
2026-03-01 10:58:11,0.05,45.9,2.4,45,45,0,75.16,2.39,0,Normal
2026-03-01 10:58:12,0.44,28.91,3.34,49,49,0,82.07,2.86,0,Normal
2026-03-01 10:58:13,0.12,37.91,4.49,47,47,0,80.0,5.16,0,Normal
2026-03-01 10:58:14,0.22,31.69,5.47,60,60,0,100.54,3.76,0,Normal
2026-03-01 10:58:15,0.2,62.05,3.13,60,60,0,101.14,2.13,0,Normal
2026-03-01 10:58:16,0.32,54.07,7.42,60,60,0,98.35,5.29,0,Normal
2026-03-01 10:58:17,0.15,52.46,2.37,49,49,0,81.9,2.74,0,Normal
2026-03-01 10:58:18,0.03,36.64,1.65,53,53,0,89.8,2.07,0,Normal
2026-03-01 10:58:19,0.39,62.37,1.76,55,55,0,91.81,1.81,0,Normal
2026-03-01 10:58:20,1.13,60.53,3.31,48,47,1,78.46,2.43,0,Normal
2026-03-01 10:58:21,0.39,40.83,3.34,42,42,0,70.81,2.9,0,Normal
2026-03-01 10:58:22,0.27,28.27,3.51,52,52,0,88.01,4.42,0,Normal
2026-03-01 10:58:23,0.06,59.47,2.46,42,42,0,72.84,2.48,0,Normal
2026-03-01 10:58:24,0.34,22.23,9.04,42,42,0,71.22,8.69,0,Normal
2026-03-01 10:58:25,0.33,26.51,6.55,44,44,0,75.95,7.39,0,Normal
2026-03-01 10:58:26,0.34,19.28,1.98,59,59,0,98.97,1.75,0,Normal
2026-03-01 10:58:27,0.78,35.63,3.17,55,55,0,88.85,1.91,0,Normal
2026-03-01 10:58:28,0.44,17.44,3.39,47,47,0,78.32,4.59,0,Normal
2026-03-01 10:58:29,0.54,17.37,4.52,43,43,0,71.02,5.28,0,Normal
2026-03-01 10:58:30,0.13,45.21,1.67,42,42,0,70.47,2.28,0,Normal
2026-03-01 10:58:31,0.11,20.58,1.54,60,60,0,100.32,1.97,0,Normal
2026-03-01 10:58:32,0.08,24.99,1.92,42,42,0,70.96,1.72,0,Normal
2026-03-01 10:58:33,0.53,28.38,6.53,52,52,0,86.35,5.9,0,Normal
2026-03-01 10:58:34,0.42,44.69,2.47,55,55,0,92.72,1.77,0,Normal
2026-03-01 10:58:35,0.15,26.67,4.78,58,58,0,97.99,5.95,0,Normal
2026-03-01 10:58:36,0.05,38.68,4.33,51,51,0,85.73,4.74,0,Normal
2026-03-01 10:58:37,0.66,49.47,3.06,55,55,0,90.21,2.46,0,Normal
2026-03-01 10:58:38,0.17,35.14,4.82,45,45,0,76.94,6.59,0,Normal
2026-03-01 10:58:39,0.07,29.67,1.91,42,42,0,71.49,2.32,0,Normal
2026-03-01 10:58:40,0.05,40.79,2.69,42,42,0,70.27,3.51,0,Normal
2026-03-01 10:58:41,0.88,34.35,1.22,57,56,1,91.36,0.91,0,Normal
2026-03-01 10:58:42,0.05,28.26,3.47,45,45,0,76.05,3.73,0,Normal
2026-03-01 10:58:43,0.16,31.77,2.32,46,46,0,76.49,3.24,0,Normal
2026-03-01 10:58:44,0.35,58.92,8.89,42,42,0,69.74,7.82,0,Normal
2026-03-01 10:58:45,0.18,26.37,3.41,51,51,0,85.56,3.15,0,Normal
2026-03-01 10:58:46,0.23,20.18,4.8,47,47,0,81.14,4.94,0,Normal
2026-03-01 10:58:47,0.57,66.08,4.45,51,51,0,85.9,2.83,0,Normal
2026-03-01 10:58:48,1.95,40.37,3.21,54,53,1,88.87,2.5,0,Normal
2026-03-01 10:58:49,0.22,20.78,5.19,57,57,0,94.98,4.45,0,Normal
2026-03-01 10:58:50,0.17,24.07,3.37,60,60,0,100.85,2.05,0,Normal
2026-03-01 10:58:51,0.18,27.44,4.11,60,60,0,100.8,3.51,0,Normal
2026-03-01 10:58:52,0.16,27.64,9.59,49,49,0,83.22,9.94,0,Normal
2026-03-01 10:58:53,0.22,50.79,3.62,60,60,0,100.0,2.23,0,Normal
2026-03-01 10:58:54,0.14,25.19,2.62,60,60,0,99.58,2.68,0,Normal
2026-03-01 10:58:55,0.22,30.67,2.41,52,52,0,86.7,2.99,0,Normal
2026-03-01 10:58:56,1.02,57.14,3.2,46,46,0,77.15,2.29,0,Normal
2026-03-01 10:58:57,0.12,59.73,3.5,54,54,0,90.69,4.79,0,Normal
2026-03-01 10:58:58,0.37,26.39,3.41,45,45,0,75.59,3.18,0,Normal
2026-03-01 10:58:59,0.23,54.68,1.63,49,49,0,80.83,1.55,0,Normal
2026-03-01 10:59:00,0.46,21.12,1.2,56,56,0,93.95,1.21,0,Normal
2026-03-01 10:59:01,0.22,23.67,2.15,53,53,0,90.07,1.96,0,Normal
2026-03-01 10:59:02,0.06,20.96,3.41,50,50,0,85.91,3.82,0,Normal
2026-03-01 10:59:03,0.72,27.73,3.42,47,47,0,80.44,2.54,0,Normal
2026-03-01 10:59:04,0.39,22.84,4.07,50,50,0,83.91,5.44,0,Normal
2026-03-01 10:59:05,0.26,18.88,3.91,42,42,0,70.32,5.06,0,Normal
2026-03-01 10:59:06,0.62,25.68,2.65,50,50,0,85.86,2.96,0,Normal
2026-03-01 10:59:07,1.31,17.63,2.1,43,42,1,70.4,2.58,0,Normal
2026-03-01 10:59:08,0.18,35.96,4.2,42,42,0,71.86,4.9,0,Normal
2026-03-01 10:59:09,16.93,273.54,47.33,51,42,9,70.56,71.0,1,Combined Degradation
2026-03-01 10:59:10,18.99,361.49,69.46,50,41,9,68.88,104.19,1,Combined Degradation
2026-03-01 10:59:11,19.54,356.15,81.41,51,41,10,68.88,122.11,1,Combined Degradation
2026-03-01 10:59:12,0.03,67.19,5.11,43,43,0,73.69,6.68,0,Normal
2026-03-01 10:59:13,0.15,35.05,4.74,50,50,0,83.51,5.36,0,Normal
2026-03-01 10:59:14,0.58,28.53,5.12,49,49,0,80.58,6.62,0,Normal
2026-03-01 10:59:15,0.43,39.32,2.37,55,55,0,94.68,3.08,0,Normal
2026-03-01 10:59:16,0.7,25.2,4.87,44,44,0,73.7,4.98,0,Normal
2026-03-01 10:59:17,0.06,67.61,3.09,60,60,0,100.28,2.94,0,Normal
2026-03-01 10:59:18,0.1,63.3,8.33,57,57,0,96.43,7.86,0,Normal
2026-03-01 10:59:19,0.08,34.07,4.96,51,51,0,89.78,4.74,0,Normal
2026-03-01 10:59:20,1.24,28.92,4.03,55,54,1,91.45,5.47,0,Normal
2026-03-01 10:59:21,0.06,48.01,7.19,47,47,0,79.23,5.18,0,Normal
2026-03-01 10:59:22,0.32,26.32,2.64,52,52,0,87.46,1.91,0,Normal
2026-03-01 10:59:23,0.35,68.47,4.25,51,51,0,88.16,3.87,0,Normal
2026-03-01 10:59:24,0.34,21.98,9.08,42,42,0,71.35,11.27,0,Normal
2026-03-01 10:59:25,0.41,26.35,4.79,49,49,0,83.62,6.14,0,Normal
2026-03-01 10:59:26,0.23,53.64,3.55,51,51,0,86.14,4.48,0,Normal
2026-03-01 10:59:27,0.03,26.88,2.94,57,57,0,96.56,3.13,0,Normal
2026-03-01 10:59:28,0.42,43.42,2.15,42,42,0,70.14,2.76,0,Normal
2026-03-01 10:59:29,0.12,30.61,2.91,60,60,0,101.05,2.2,0,Normal
2026-03-01 10:59:30,0.03,34.5,2.3,55,55,0,91.37,2.48,0,Normal
2026-03-01 10:59:31,0.07,30.32,2.99,46,46,0,76.52,2.58,0,Normal
2026-03-01 10:59:32,0.12,30.28,3.16,53,53,0,89.78,2.59,0,Normal
2026-03-01 10:59:33,0.2,61.69,5.18,55,55,0,91.34,3.52,0,Normal
2026-03-01 10:59:34,0.69,24.6,2.76,55,55,0,92.6,2.46,0,Normal
2026-03-01 10:59:35,0.27,56.87,2.54,48,48,0,80.09,1.59,0,Normal
2026-03-01 10:59:36,0.22,30.1,4.95,53,53,0,87.35,4.36,0,Normal
2026-03-01 10:59:37,0.07,64.72,4.54,42,42,0,70.9,4.45,0,Normal
2026-03-01 10:59:38,1.12,47.97,2.98,51,50,1,85.16,2.64,0,Normal
2026-03-01 10:59:39,0.84,15.82,4.35,44,44,0,71.95,5.3,0,Normal
2026-03-01 10:59:40,0.59,26.42,2.95,42,42,0,71.47,2.43,0,Normal
2026-03-01 10:59:41,0.14,51.89,3.02,50,50,0,82.33,1.99,0,Normal
2026-03-01 10:59:42,0.29,28.31,6.68,42,42,0,72.59,5.07,0,Normal
2026-03-01 10:59:43,0.17,41.07,3.12,48,48,0,81.49,3.92,0,Normal
2026-03-01 10:59:44,0.18,28.47,2.77,56,56,0,92.11,3.07,0,Normal
2026-03-01 10:59:45,0.03,63.87,3.35,52,52,0,88.64,3.55,0,Normal
2026-03-01 10:59:46,0.05,31.77,1.37,51,51,0,84.76,1.41,0,Normal
2026-03-01 10:59:47,1.14,47.83,3.08,57,56,1,92.63,3.69,0,Normal
2026-03-01 10:59:48,0.33,27.51,3.72,52,52,0,88.44,2.82,0,Normal
2026-03-01 10:59:49,0.0,67.42,8.1,58,58,0,99.25,6.22,0,Normal
2026-03-01 10:59:50,0.58,29.23,3.46,55,55,0,93.11,2.44,0,Normal
2026-03-01 10:59:51,0.03,24.75,4.04,47,47,0,78.4,3.52,0,Normal
2026-03-01 10:59:52,0.43,44.44,3.88,50,50,0,84.25,3.18,0,Normal
2026-03-01 10:59:53,0.34,48.9,9.22,56,56,0,93.21,12.28,0,Normal
2026-03-01 10:59:54,0.02,58.87,5.21,58,58,0,97.18,3.18,0,Normal
2026-03-01 10:59:55,0.26,26.62,1.73,54,54,0,91.33,1.69,0,Normal
2026-03-01 10:59:56,0.02,21.52,5.77,51,51,0,83.54,6.84,0,Normal
2026-03-01 10:59:57,0.02,20.39,2.17,52,52,0,88.03,2.88,0,Normal
2026-03-01 10:59:58,0.02,31.21,2.47,58,58,0,95.32,3.4,0,Normal
2026-03-01 10:59:59,0.1,25.48,1.85,48,48,0,78.73,1.21,0,Normal
2026-03-01 11:00:00,0.57,27.14,7.54,48,48,0,81.62,5.7,0,Normal
2026-03-01 11:00:01,0.16,67.47,5.66,49,49,0,81.05,7.92,0,Normal
2026-03-01 11:00:02,0.36,30.22,5.78,44,44,0,72.43,4.91,0,Normal
2026-03-01 11:00:03,0.05,65.45,5.29,43,43,0,71.8,3.41,0,Normal
2026-03-01 11:00:04,0.95,41.02,4.53,47,47,0,78.07,6.1,0,Normal
2026-03-01 11:00:05,0.25,69.14,2.88,42,42,0,70.91,2.65,0,Normal
2026-03-01 11:00:06,0.01,19.31,3.64,42,42,0,70.82,3.03,0,Normal
2026-03-01 11:00:07,0.27,57.84,2.63,42,42,0,69.08,1.9,0,Normal
2026-03-01 11:00:08,0.07,33.08,2.26,51,51,0,83.11,2.13,0,Normal
2026-03-01 11:00:09,0.08,61.82,2.49,48,48,0,80.34,2.23,0,Normal
2026-03-01 11:00:10,0.32,19.11,9.58,42,42,0,72.21,12.83,0,Normal
2026-03-01 11:00:11,0.09,23.49,2.8,50,50,0,83.9,2.15,0,Normal
2026-03-01 11:00:12,0.08,24.8,5.21,55,55,0,91.88,3.49,0,Normal
2026-03-01 11:00:13,0.27,21.5,8.45,55,55,0,95.0,6.94,0,Normal
2026-03-01 11:00:14,0.09,59.71,4.72,52,52,0,88.49,4.89,0,Normal
2026-03-01 11:00:15,0.04,27.53,2.33,54,54,0,88.13,2.01,0,Normal
2026-03-01 11:00:16,0.18,67.92,2.38,42,42,0,70.14,2.03,0,Normal
2026-03-01 11:00:17,0.02,25.32,3.5,52,52,0,87.69,3.22,0,Normal
2026-03-01 11:00:18,0.83,50.34,9.17,60,60,0,99.2,11.9,0,Normal
2026-03-01 11:00:19,0.21,59.34,6.3,60,60,0,100.36,7.12,0,Normal
2026-03-01 11:00:20,0.0,21.22,4.23,51,51,0,85.71,4.32,0,Normal
2026-03-01 11:00:21,0.09,24.74,3.03,50,50,0,83.66,2.79,0,Normal
2026-03-01 11:00:22,1.11,18.29,3.94,52,51,1,83.86,2.58,0,Normal
2026-03-01 11:00:23,0.24,38.73,3.62,55,55,0,94.6,4.73,0,Normal
2026-03-01 11:00:24,0.16,28.85,3.6,56,56,0,94.48,2.53,0,Normal
2026-03-01 11:00:25,0.13,23.23,2.24,44,44,0,72.63,1.68,0,Normal
2026-03-01 11:00:26,0.19,25.73,2.22,42,42,0,71.87,2.13,0,Normal
2026-03-01 11:00:27,0.08,13.3,3.85,46,46,0,77.16,2.74,0,Normal
2026-03-01 11:00:28,0.48,36.61,1.97,50,50,0,85.49,2.19,0,Normal
2026-03-01 11:00:29,0.25,36.02,2.51,42,42,0,70.4,2.49,0,Normal
2026-03-01 11:00:30,0.49,28.65,3.36,48,48,0,78.43,3.36,0,Normal
2026-03-01 11:00:31,0.1,29.92,3.85,51,51,0,84.08,5.29,0,Normal
2026-03-01 11:00:32,0.0,20.39,5.49,57,57,0,97.47,6.25,0,Normal
2026-03-01 11:00:33,1.19,20.83,1.89,56,55,1,93.95,2.24,0,Normal
2026-03-01 11:00:34,0.25,65.56,1.89,55,55,0,90.41,2.06,0,Normal
2026-03-01 11:00:35,0.03,27.03,5.98,60,60,0,102.89,4.83,0,Normal
2026-03-01 11:00:36,0.04,78.0,7.06,45,45,0,77.14,4.59,0,Normal
2026-03-01 11:00:37,0.2,25.7,2.08,46,46,0,76.33,2.18,0,Normal
2026-03-01 11:00:38,0.42,30.09,2.27,50,50,0,83.88,2.17,0,Normal
2026-03-01 11:00:39,0.18,33.87,4.24,50,50,0,80.7,2.96,0,Normal
2026-03-01 11:00:40,0.6,18.26,3.39,44,44,0,72.87,4.37,0,Normal
2026-03-01 11:00:41,0.14,69.94,3.41,50,50,0,83.68,3.4,0,Normal
2026-03-01 11:00:42,0.02,34.94,2.34,42,42,0,71.02,2.25,0,Normal
2026-03-01 11:00:43,0.0,58.91,4.59,47,47,0,78.79,4.29,0,Normal
2026-03-01 11:00:44,0.69,33.54,2.98,48,48,0,80.85,3.55,0,Normal
2026-03-01 11:00:45,1.46,33.83,2.94,46,45,1,74.15,1.89,0,Normal
2026-03-01 11:00:46,0.05,29.76,2.0,53,53,0,89.53,1.54,0,Normal
2026-03-01 11:00:47,0.02,36.57,4.74,55,55,0,94.92,6.27,0,Normal
2026-03-01 11:00:48,0.86,25.28,2.82,49,49,0,82.98,1.78,0,Normal
2026-03-01 11:00:49,0.04,30.77,3.25,44,44,0,73.97,3.54,0,Normal
2026-03-01 11:00:50,0.09,43.92,5.67,51,51,0,84.57,4.5,0,Normal
2026-03-01 11:00:51,0.57,62.75,2.07,59,59,0,98.59,2.14,0,Normal
2026-03-01 11:00:52,1.95,30.63,3.19,52,51,1,83.71,3.27,0,Normal
2026-03-01 11:00:53,0.23,32.35,1.65,49,49,0,80.15,1.85,0,Normal
2026-03-01 11:00:54,0.08,17.75,2.62,42,42,0,70.45,1.93,0,Normal
2026-03-01 11:00:55,0.66,29.69,5.93,58,58,0,98.27,6.6,0,Normal
2026-03-01 11:00:56,0.18,61.49,1.66,42,42,0,69.28,2.03,0,Normal
2026-03-01 11:00:57,0.11,30.38,3.69,52,52,0,89.15,2.73,0,Normal
2026-03-01 11:00:58,0.24,68.27,6.83,56,56,0,93.24,8.41,0,Normal
2026-03-01 11:00:59,0.68,58.58,4.25,50,50,0,83.87,2.96,0,Normal
2026-03-01 11:01:00,0.09,34.66,2.55,50,50,0,85.42,2.07,0,Normal
2026-03-01 11:01:01,0.19,25.49,2.01,60,60,0,100.33,1.79,0,Normal
2026-03-01 11:01:02,0.21,29.62,1.39,48,48,0,81.58,1.18,0,Normal
2026-03-01 11:01:03,0.63,35.88,6.71,52,52,0,88.22,7.96,0,Normal
2026-03-01 11:01:04,0.39,22.5,2.75,50,50,0,82.99,2.24,0,Normal
2026-03-01 11:01:05,0.53,58.54,1.48,51,51,0,84.71,1.77,0,Normal
2026-03-01 11:01:06,0.41,25.03,2.1,56,56,0,95.91,1.35,0,Normal
2026-03-01 11:01:07,0.31,52.01,2.04,55,55,0,94.38,1.75,0,Normal
2026-03-01 11:01:08,0.05,63.89,2.66,43,43,0,73.18,3.53,0,Normal
2026-03-01 11:01:09,0.63,56.14,9.73,55,55,0,91.1,8.84,0,Normal
2026-03-01 11:01:10,0.33,29.88,5.03,57,57,0,97.06,4.91,0,Normal
2026-03-01 11:01:11,0.42,300.84,4.13,49,49,0,81.9,38.73,1,High Latency
2026-03-01 11:01:12,0.53,361.52,5.69,49,49,0,80.42,37.42,1,High Latency
2026-03-01 11:01:13,0.13,222.67,7.58,53,53,0,88.08,42.56,1,High Latency
2026-03-01 11:01:14,0.2,310.01,4.21,56,56,0,93.74,36.51,1,High Latency
2026-03-01 11:01:15,0.27,245.65,6.35,53,53,0,90.67,40.38,1,High Latency
2026-03-01 11:01:16,0.15,188.16,2.49,45,45,0,74.4,36.47,1,High Latency
2026-03-01 11:01:17,0.1,213.01,2.25,45,45,0,74.15,35.37,1,High Latency
2026-03-01 11:01:18,0.52,274.72,2.09,57,57,0,95.04,36.44,1,High Latency
2026-03-01 11:01:19,0.49,216.05,3.79,51,51,0,85.5,37.76,1,High Latency
2026-03-01 11:01:20,0.62,228.75,1.02,60,60,0,101.81,34.5,1,High Latency
2026-03-01 11:01:21,0.42,305.15,6.03,53,53,0,89.9,41.53,1,High Latency
2026-03-01 11:01:22,0.13,319.68,2.66,43,43,0,68.87,37.11,1,High Latency
2026-03-01 11:01:23,0.14,24.79,4.82,45,45,0,75.07,5.47,0,Normal
2026-03-01 11:01:24,0.26,24.07,1.77,47,47,0,79.15,1.64,0,Normal
2026-03-01 11:01:25,0.63,28.3,5.47,60,60,0,99.49,5.45,0,Normal
2026-03-01 11:01:26,0.15,22.42,6.19,55,55,0,91.23,7.19,0,Normal
2026-03-01 11:01:27,0.51,32.08,3.48,44,44,0,74.86,2.92,0,Normal
2026-03-01 11:01:28,0.13,24.13,4.21,47,47,0,79.98,4.53,0,Normal
2026-03-01 11:01:29,0.14,34.03,2.09,53,53,0,88.77,2.3,0,Normal
2026-03-01 11:01:30,0.49,33.9,3.39,56,56,0,94.68,2.64,0,Normal
2026-03-01 11:01:31,0.4,27.67,5.14,47,47,0,79.65,3.61,0,Normal
2026-03-01 11:01:32,0.08,31.48,2.9,54,54,0,89.07,2.12,0,Normal
2026-03-01 11:01:33,0.61,31.78,6.6,56,56,0,92.45,4.07,0,Normal
2026-03-01 11:01:34,0.54,49.85,1.49,45,45,0,75.01,1.79,0,Normal
2026-03-01 11:01:35,0.56,38.39,2.86,42,42,0,69.52,3.57,0,Normal
2026-03-01 11:01:36,0.22,26.47,1.4,44,44,0,73.02,1.73,0,Normal
2026-03-01 11:01:37,0.14,32.17,3.83,42,42,0,70.42,5.14,0,Normal
2026-03-01 11:01:38,0.66,32.34,3.02,51,51,0,85.54,2.01,0,Normal
2026-03-01 11:01:39,0.31,13.06,3.07,51,51,0,81.84,4.12,0,Normal
2026-03-01 11:01:40,0.94,63.94,4.63,60,59,1,99.26,4.64,0,Normal
2026-03-01 11:01:41,0.1,33.04,2.92,46,46,0,76.9,2.67,0,Normal
2026-03-01 11:01:42,1.3,28.37,11.74,47,46,1,77.62,8.38,0,Normal
2026-03-01 11:01:43,0.17,32.13,4.78,42,42,0,69.6,4.71,0,Normal
2026-03-01 11:01:44,0.17,28.55,3.37,52,52,0,86.41,3.85,0,Normal
2026-03-01 11:01:45,0.1,55.02,2.45,42,42,0,69.97,1.64,0,Normal
2026-03-01 11:01:46,1.17,28.68,2.2,48,47,1,80.56,3.05,0,Normal
2026-03-01 11:01:47,0.01,36.54,4.04,49,49,0,81.69,5.39,0,Normal
2026-03-01 11:01:48,0.22,22.12,2.62,51,51,0,87.35,3.43,0,Normal
2026-03-01 11:01:49,0.16,27.23,5.19,60,60,0,102.27,4.81,0,Normal
2026-03-01 11:01:50,0.06,24.44,3.2,44,44,0,73.41,4.11,0,Normal
2026-03-01 11:01:51,0.44,30.33,3.2,42,42,0,69.79,2.24,0,Normal
2026-03-01 11:01:52,0.8,26.33,3.5,46,46,0,76.57,4.64,0,Normal
2026-03-01 11:01:53,0.1,26.62,3.1,51,51,0,85.46,3.98,0,Normal
2026-03-01 11:01:54,0.24,23.77,3.76,46,46,0,76.44,4.02,0,Normal
2026-03-01 11:01:55,0.3,60.93,8.43,60,60,0,101.9,9.52,0,Normal
2026-03-01 11:01:56,0.17,27.94,4.23,42,42,0,69.59,3.73,0,Normal
2026-03-01 11:01:57,0.89,15.87,4.02,42,42,0,71.85,5.46,0,Normal
2026-03-01 11:01:58,0.22,51.44,4.73,52,52,0,85.96,3.09,0,Normal
2026-03-01 11:01:59,1.42,28.35,3.16,49,48,1,78.14,4.15,0,Normal
2026-03-01 11:02:00,0.12,12.0,2.15,48,48,0,77.94,1.74,0,Normal
2026-03-01 11:02:01,0.03,26.84,0.85,56,56,0,93.27,1.06,0,Normal
2026-03-01 11:02:02,0.3,25.74,1.32,49,49,0,81.11,0.84,0,Normal
2026-03-01 11:02:03,0.61,31.25,4.65,47,47,0,77.68,3.7,0,Normal
2026-03-01 11:02:04,0.17,23.97,3.92,47,47,0,80.43,2.97,0,Normal
2026-03-01 11:02:05,0.07,37.42,3.11,54,54,0,89.62,4.29,0,Normal
2026-03-01 11:02:06,0.47,33.09,9.61,52,52,0,84.41,7.38,0,Normal
2026-03-01 11:02:07,0.11,18.93,88.63,54,54,0,91.57,121.94,1,High Jitter
2026-03-01 11:02:08,0.51,53.41,62.25,59,59,0,101.12,95.2,1,High Jitter
2026-03-01 11:02:09,0.11,37.16,45.68,49,49,0,82.99,63.74,1,High Jitter
2026-03-01 11:02:10,0.29,23.81,41.36,60,60,0,99.79,66.43,1,High Jitter
2026-03-01 11:02:11,0.77,27.68,86.58,60,60,0,101.06,115.73,1,High Jitter
2026-03-01 11:02:12,0.08,36.42,91.87,45,45,0,74.4,129.97,1,High Jitter
2026-03-01 11:02:13,0.6,24.76,67.54,50,50,0,82.54,106.74,1,High Jitter
2026-03-01 11:02:14,0.11,34.74,75.63,50,50,0,83.7,104.53,1,High Jitter
2026-03-01 11:02:15,0.38,22.54,57.23,44,44,0,73.83,78.26,1,High Jitter
2026-03-01 11:02:16,0.1,12.0,83.71,60,60,0,100.5,119.55,1,High Jitter
2026-03-01 11:02:17,0.04,57.98,52.8,52,52,0,89.87,83.06,1,High Jitter
2026-03-01 11:02:18,0.38,30.63,33.15,50,50,0,84.06,46.41,1,High Jitter
2026-03-01 11:02:19,0.32,31.03,34.29,42,42,0,72.0,50.08,1,High Jitter
2026-03-01 11:02:20,0.18,21.44,81.54,42,42,0,73.91,98.87,1,High Jitter
2026-03-01 11:02:21,0.01,21.92,57.25,55,55,0,91.69,92.74,1,High Jitter
2026-03-01 11:02:22,0.23,34.9,90.06,60,60,0,101.02,151.94,1,High Jitter
2026-03-01 11:02:23,0.06,29.46,57.06,51,51,0,86.91,96.78,1,High Jitter
2026-03-01 11:02:24,0.16,27.3,88.76,48,48,0,80.82,135.77,1,High Jitter
2026-03-01 11:02:25,0.31,29.33,60.23,43,43,0,71.82,87.64,1,High Jitter
2026-03-01 11:02:26,0.98,52.61,75.3,60,59,1,102.64,98.77,1,High Jitter
2026-03-01 11:02:27,0.25,66.06,1.38,53,53,0,90.84,1.92,0,Normal
2026-03-01 11:02:28,0.08,25.15,4.03,49,49,0,79.17,4.02,0,Normal
2026-03-01 11:02:29,1.02,50.9,3.49,60,59,1,101.16,3.11,0,Normal
2026-03-01 11:02:30,0.01,59.97,2.44,42,42,0,72.96,1.96,0,Normal
2026-03-01 11:02:31,0.36,60.96,5.74,60,60,0,102.59,6.96,0,Normal
2026-03-01 11:02:32,0.11,20.91,7.19,50,50,0,85.13,6.98,0,Normal
2026-03-01 11:02:33,0.5,47.13,4.46,49,49,0,84.65,5.27,0,Normal
2026-03-01 11:02:34,0.14,33.23,2.91,57,57,0,97.08,2.4,0,Normal
2026-03-01 11:02:35,0.2,30.31,1.73,59,59,0,99.99,1.55,0,Normal
2026-03-01 11:02:36,0.52,70.1,3.6,48,48,0,80.84,4.91,0,Normal
2026-03-01 11:02:37,0.8,71.77,3.1,48,48,0,79.03,2.44,0,Normal
2026-03-01 11:02:38,0.07,34.17,3.18,60,60,0,98.74,2.72,0,Normal
2026-03-01 11:02:39,0.12,65.61,2.65,47,47,0,80.12,2.67,0,Normal
2026-03-01 11:02:40,0.0,24.91,2.55,53,53,0,90.17,2.6,0,Normal
2026-03-01 11:02:41,0.68,28.47,3.36,51,51,0,85.62,2.2,0,Normal
2026-03-01 11:02:42,1.03,25.13,1.91,55,54,1,89.44,2.63,0,Normal
2026-03-01 11:02:43,0.11,47.71,5.29,53,53,0,87.34,4.46,0,Normal
2026-03-01 11:02:44,0.17,60.46,2.35,56,56,0,93.54,1.51,0,Normal
2026-03-01 11:02:45,0.2,51.73,3.49,52,52,0,88.41,2.81,0,Normal
2026-03-01 11:02:46,0.18,37.53,2.87,49,49,0,85.68,2.64,0,Normal
2026-03-01 11:02:47,0.17,24.59,4.45,42,42,0,70.52,3.49,0,Normal
2026-03-01 11:02:48,0.23,32.72,4.34,42,42,0,70.99,3.14,0,Normal
2026-03-01 11:02:49,0.06,32.05,4.17,50,50,0,85.69,4.19,0,Normal
2026-03-01 11:02:50,0.02,27.65,1.96,42,42,0,70.46,2.43,0,Normal
2026-03-01 11:02:51,0.45,22.16,3.04,46,46,0,77.83,3.54,0,Normal
2026-03-01 11:02:52,0.66,27.71,6.83,53,53,0,90.27,6.42,0,Normal
2026-03-01 11:02:53,0.58,44.06,2.85,47,47,0,80.61,1.99,0,Normal
2026-03-01 11:02:54,0.34,27.86,5.32,45,45,0,75.68,7.26,0,Normal
2026-03-01 11:02:55,1.21,62.23,3.3,44,43,1,71.52,2.87,0,Normal
2026-03-01 11:02:56,0.0,38.31,2.89,56,56,0,94.39,1.97,0,Normal
2026-03-01 11:02:57,0.13,21.47,3.61,43,43,0,69.69,3.14,0,Normal
2026-03-01 11:02:58,0.13,26.5,2.28,58,58,0,97.88,2.64,0,Normal
2026-03-01 11:02:59,0.15,24.85,4.98,46,46,0,78.58,3.99,0,Normal
2026-03-01 11:03:00,0.56,29.64,2.26,42,42,0,73.11,1.69,0,Normal
2026-03-01 11:03:01,0.15,18.87,4.26,42,42,0,71.95,3.45,0,Normal
2026-03-01 11:03:02,0.26,57.33,5.39,48,48,0,76.79,5.62,0,Normal
2026-03-01 11:03:03,0.33,46.97,4.02,42,42,0,72.65,5.23,0,Normal
2026-03-01 11:03:04,0.65,19.37,2.57,56,56,0,96.28,1.81,0,Normal
2026-03-01 11:03:05,0.33,24.04,3.61,55,55,0,91.02,2.58,0,Normal
2026-03-01 11:03:06,0.17,71.98,2.39,48,48,0,80.04,2.25,0,Normal
2026-03-01 11:03:07,0.42,59.28,3.02,60,60,0,102.96,2.11,0,Normal
2026-03-01 11:03:08,0.25,28.39,2.62,50,50,0,84.08,3.63,0,Normal
2026-03-01 11:03:09,0.26,63.41,2.36,53,53,0,88.16,3.07,0,Normal
2026-03-01 11:03:10,0.14,30.3,4.41,53,53,0,87.91,2.87,0,Normal
2026-03-01 11:03:11,0.0,30.87,5.17,55,55,0,96.35,6.85,0,Normal
2026-03-01 11:03:12,0.15,25.16,5.33,49,49,0,83.5,4.41,0,Normal
2026-03-01 11:03:13,0.13,24.18,3.7,49,49,0,81.9,3.18,0,Normal
2026-03-01 11:03:14,0.04,20.13,6.43,50,50,0,86.14,5.6,0,Normal
2026-03-01 11:03:15,0.08,24.39,2.45,45,45,0,75.46,1.61,0,Normal
2026-03-01 11:03:16,1.39,60.42,5.92,47,46,1,79.1,7.24,0,Normal
2026-03-01 11:03:17,0.11,30.07,5.0,42,42,0,71.43,3.73,0,Normal
2026-03-01 11:03:18,0.26,27.78,3.38,46,46,0,76.77,2.59,0,Normal
2026-03-01 11:03:19,0.28,25.81,3.67,51,51,0,86.43,4.46,0,Normal
2026-03-01 11:03:20,0.29,22.53,5.29,43,43,0,73.05,3.43,0,Normal
2026-03-01 11:03:21,0.02,30.39,4.47,50,50,0,85.2,3.89,0,Normal
2026-03-01 11:03:22,0.52,53.91,3.73,53,53,0,91.48,3.92,0,Normal
2026-03-01 11:03:23,0.46,56.04,2.71,50,50,0,87.32,1.88,0,Normal
2026-03-01 11:03:24,1.32,16.52,2.19,50,49,1,82.94,2.06,0,Normal
2026-03-01 11:03:25,0.07,30.02,3.49,55,55,0,89.54,3.08,0,Normal
2026-03-01 11:03:26,0.28,51.98,1.98,51,51,0,86.99,1.7,0,Normal
2026-03-01 11:03:27,0.57,31.72,4.62,54,54,0,90.33,3.77,0,Normal
2026-03-01 11:03:28,0.05,26.82,1.49,53,53,0,86.5,1.3,0,Normal
2026-03-01 11:03:29,0.55,33.49,3.81,50,50,0,85.04,3.48,0,Normal
2026-03-01 11:03:30,0.11,58.91,2.93,54,54,0,91.38,2.06,0,Normal
2026-03-01 11:03:31,0.12,27.46,2.72,42,42,0,69.35,2.09,0,Normal
2026-03-01 11:03:32,1.02,57.36,57.79,54,53,1,87.26,91.47,1,High Jitter
2026-03-01 11:03:33,0.13,34.22,68.88,45,45,0,77.69,92.09,1,High Jitter
2026-03-01 11:03:34,0.31,15.88,89.26,60,60,0,101.56,157.87,1,High Jitter
2026-03-01 11:03:35,0.2,21.65,40.15,42,42,0,69.37,68.13,1,High Jitter
2026-03-01 11:03:36,0.03,38.48,89.88,42,42,0,71.55,114.88,1,High Jitter
2026-03-01 11:03:37,1.05,13.42,66.21,53,52,1,86.73,118.84,1,High Jitter
2026-03-01 11:03:38,0.08,32.89,81.92,56,56,0,94.9,147.26,1,High Jitter
2026-03-01 11:03:39,0.11,23.8,91.62,47,47,0,79.43,129.43,1,High Jitter
2026-03-01 11:03:40,0.17,29.53,87.71,48,48,0,76.79,149.89,1,High Jitter
2026-03-01 11:03:41,0.24,69.29,55.95,55,55,0,92.56,75.89,1,High Jitter
2026-03-01 11:03:42,0.05,64.7,59.47,60,60,0,100.55,77.08,1,High Jitter
2026-03-01 11:03:43,0.35,61.27,68.35,42,42,0,69.45,117.06,1,High Jitter
2026-03-01 11:03:44,0.25,58.23,5.71,59,59,0,97.22,5.15,0,Normal
2026-03-01 11:03:45,0.13,25.84,2.51,45,45,0,75.27,1.71,0,Normal
2026-03-01 11:03:46,0.41,32.72,5.01,47,47,0,78.43,5.99,0,Normal
2026-03-01 11:03:47,0.25,60.59,2.08,44,44,0,74.9,1.43,0,Normal
2026-03-01 11:03:48,0.64,31.58,2.77,60,60,0,100.58,2.27,0,Normal
2026-03-01 11:03:49,0.68,35.1,4.51,43,43,0,72.37,5.33,0,Normal
2026-03-01 11:03:50,1.37,57.58,2.12,42,41,1,69.37,2.32,0,Normal
2026-03-01 11:03:51,0.02,18.53,2.38,51,51,0,84.98,2.33,0,Normal
2026-03-01 11:03:52,0.18,58.88,3.36,50,50,0,82.51,2.15,0,Normal
2026-03-01 11:03:53,0.24,29.69,3.38,42,42,0,73.88,4.09,0,Normal
2026-03-01 11:03:54,0.09,26.54,2.04,53,53,0,88.92,2.58,0,Normal
2026-03-01 11:03:55,0.89,61.85,9.07,54,54,0,90.41,6.18,0,Normal
2026-03-01 11:03:56,0.03,29.77,2.27,46,46,0,79.4,3.15,0,Normal
2026-03-01 11:03:57,0.2,57.66,5.1,48,48,0,83.47,4.48,0,Normal
2026-03-01 11:03:58,0.07,53.93,4.34,54,54,0,92.89,4.08,0,Normal
2026-03-01 11:03:59,0.4,20.91,2.31,47,47,0,78.37,2.15,0,Normal
2026-03-01 11:04:00,0.43,25.13,4.09,42,42,0,71.08,4.52,0,Normal
2026-03-01 11:04:01,0.72,18.84,2.27,55,55,0,93.28,2.41,0,Normal
2026-03-01 11:04:02,0.18,28.7,3.43,51,51,0,89.04,3.59,0,Normal
2026-03-01 11:04:03,0.52,58.42,4.81,42,42,0,71.19,5.89,0,Normal
2026-03-01 11:04:04,0.28,22.51,2.58,55,55,0,93.1,3.47,0,Normal
2026-03-01 11:04:05,0.59,38.71,4.0,42,42,0,69.04,5.02,0,Normal
2026-03-01 11:04:06,0.03,26.53,2.56,53,53,0,87.16,3.01,0,Normal
2026-03-01 11:04:07,0.22,29.72,3.59,47,47,0,80.99,2.3,0,Normal
2026-03-01 11:04:08,0.06,61.29,3.48,42,42,0,71.08,2.78,0,Normal
2026-03-01 11:04:09,0.55,25.51,2.82,48,48,0,81.31,1.93,0,Normal
2026-03-01 11:04:10,0.06,29.95,1.46,54,54,0,92.33,1.87,0,Normal
2026-03-01 11:04:11,0.0,26.01,4.72,45,45,0,76.88,5.29,0,Normal
2026-03-01 11:04:12,0.93,54.34,8.13,58,57,1,96.84,5.1,0,Normal
2026-03-01 11:04:13,0.23,53.92,3.54,47,47,0,79.91,4.17,0,Normal
2026-03-01 11:04:14,1.47,52.66,2.52,42,41,1,69.09,2.19,0,Normal
2026-03-01 11:04:15,0.21,20.01,3.65,48,48,0,80.95,3.77,0,Normal
2026-03-01 11:04:16,0.31,18.84,5.56,44,44,0,75.29,5.92,0,Normal
2026-03-01 11:04:17,0.48,62.0,5.9,42,42,0,69.15,4.31,0,Normal
2026-03-01 11:04:18,0.12,62.53,5.0,44,44,0,72.34,4.6,0,Normal
2026-03-01 11:04:19,0.05,31.93,4.06,60,60,0,100.92,3.82,0,Normal
2026-03-01 11:04:20,0.38,63.54,4.5,48,48,0,80.86,4.91,0,Normal
2026-03-01 11:04:21,0.25,60.2,3.5,60,60,0,101.89,4.59,0,Normal
2026-03-01 11:04:22,0.61,26.31,2.16,49,49,0,81.99,2.36,0,Normal
2026-03-01 11:04:23,0.02,27.44,2.8,46,46,0,76.11,3.21,0,Normal
2026-03-01 11:04:24,0.28,21.21,2.87,45,45,0,76.5,3.25,0,Normal
2026-03-01 11:04:25,0.07,46.14,3.79,60,60,0,102.82,2.53,0,Normal
2026-03-01 11:04:26,0.34,17.62,1.5,43,43,0,72.79,1.26,0,Normal
2026-03-01 11:04:27,0.5,43.57,4.18,45,45,0,73.42,3.85,0,Normal
2026-03-01 11:04:28,0.11,20.77,1.34,60,60,0,101.21,1.28,0,Normal
2026-03-01 11:04:29,0.23,29.86,4.0,42,42,0,67.66,5.09,0,Normal
2026-03-01 11:04:30,0.19,25.61,5.62,52,52,0,87.3,5.73,0,Normal
2026-03-01 11:04:31,0.49,54.61,4.97,49,49,0,79.31,6.22,0,Normal
2026-03-01 11:04:32,0.32,30.01,2.22,58,58,0,96.79,2.94,0,Normal
2026-03-01 11:04:33,0.05,26.61,4.4,57,57,0,96.53,5.08,0,Normal
2026-03-01 11:04:34,1.32,52.34,4.56,54,53,1,88.61,3.15,0,Normal
2026-03-01 11:04:35,0.85,27.34,7.15,42,42,0,72.28,5.44,0,Normal
2026-03-01 11:04:36,0.3,52.56,3.91,44,44,0,74.25,4.94,0,Normal
2026-03-01 11:04:37,0.53,33.88,5.27,47,47,0,77.27,5.54,0,Normal
2026-03-01 11:04:38,0.01,25.46,2.73,44,44,0,75.27,2.76,0,Normal
2026-03-01 11:04:39,0.08,27.48,2.26,48,48,0,81.67,3.11,0,Normal
2026-03-01 11:04:40,0.51,59.36,4.9,42,42,0,72.47,4.38,0,Normal
2026-03-01 11:04:41,0.04,29.64,4.93,56,56,0,95.14,3.12,0,Normal
2026-03-01 11:04:42,0.02,46.58,2.49,59,59,0,99.82,2.01,0,Normal
2026-03-01 11:04:43,0.33,25.14,1.92,60,60,0,99.31,1.59,0,Normal
2026-03-01 11:04:44,0.01,22.96,3.51,49,49,0,83.54,3.54,0,Normal
2026-03-01 11:04:45,0.07,27.26,3.39,47,47,0,78.74,2.05,0,Normal
2026-03-01 11:04:46,0.03,52.19,3.69,52,52,0,88.57,5.13,0,Normal
2026-03-01 11:04:47,0.27,32.09,4.95,51,51,0,89.03,3.21,0,Normal
2026-03-01 11:04:48,0.4,27.77,5.28,48,48,0,82.45,4.15,0,Normal
2026-03-01 11:04:49,0.07,63.21,3.33,60,60,0,101.23,3.79,0,Normal
2026-03-01 11:04:50,0.22,18.71,2.12,45,45,0,75.71,2.93,0,Normal
2026-03-01 11:04:51,0.01,30.6,2.4,57,57,0,95.13,2.42,0,Normal
2026-03-01 11:04:52,0.11,24.19,2.54,42,42,0,67.08,2.22,0,Normal
2026-03-01 11:04:53,0.07,35.84,3.15,50,50,0,84.07,2.3,0,Normal
2026-03-01 11:04:54,0.06,30.92,2.63,60,60,0,100.03,3.48,0,Normal
2026-03-01 11:04:55,0.09,54.59,2.97,55,55,0,92.88,1.9,0,Normal
2026-03-01 11:04:56,0.57,28.82,3.43,44,44,0,73.15,2.25,0,Normal
2026-03-01 11:04:57,1.05,34.47,2.49,50,49,1,82.65,1.62,0,Normal
2026-03-01 11:04:58,0.43,64.41,3.84,45,45,0,77.47,3.73,0,Normal
2026-03-01 11:04:59,0.03,25.29,7.56,50,50,0,84.24,10.16,0,Normal
2026-03-01 11:05:00,0.35,72.52,3.08,43,43,0,70.61,3.22,0,Normal
2026-03-01 11:05:01,0.46,23.0,2.44,46,46,0,76.03,2.16,0,Normal
2026-03-01 11:05:02,0.04,40.41,3.81,56,56,0,95.12,3.01,0,Normal
2026-03-01 11:05:03,0.12,27.39,2.32,47,47,0,80.09,2.35,0,Normal
2026-03-01 11:05:04,0.2,28.16,3.11,60,60,0,99.49,2.96,0,Normal
2026-03-01 11:05:05,0.13,30.34,2.45,42,42,0,70.52,1.65,0,Normal
2026-03-01 11:05:06,0.26,21.48,2.05,50,50,0,85.36,1.24,0,Normal
2026-03-01 11:05:07,0.05,35.93,2.24,42,42,0,73.14,2.41,0,Normal
2026-03-01 11:05:08,0.21,21.85,2.47,60,60,0,101.06,3.17,0,Normal
2026-03-01 11:05:09,0.46,20.49,2.08,49,49,0,82.02,2.26,0,Normal
2026-03-01 11:05:10,0.22,27.0,5.9,48,48,0,80.09,5.08,0,Normal
2026-03-01 11:05:11,0.08,20.32,4.03,52,52,0,87.57,2.91,0,Normal
2026-03-01 11:05:12,0.57,37.37,5.07,42,42,0,72.64,6.04,0,Normal
2026-03-01 11:05:13,0.18,26.62,1.8,52,52,0,87.58,2.09,0,Normal
2026-03-01 11:05:14,0.19,47.35,2.91,42,42,0,71.31,3.72,0,Normal
2026-03-01 11:05:15,0.15,29.2,4.01,47,47,0,76.83,5.56,0,Normal
2026-03-01 11:05:16,0.12,31.32,6.98,45,45,0,77.99,4.82,0,Normal
2026-03-01 11:05:17,0.32,25.47,2.37,51,51,0,87.69,1.92,0,Normal
2026-03-01 11:05:18,0.07,19.86,1.86,47,47,0,78.52,1.63,0,Normal
2026-03-01 11:05:19,0.51,71.65,3.62,42,42,0,70.4,3.73,0,Normal
2026-03-01 11:05:20,0.23,25.11,2.45,48,48,0,82.41,1.58,0,Normal
2026-03-01 11:05:21,0.75,22.15,7.15,56,56,0,98.5,5.87,0,Normal
2026-03-01 11:05:22,0.98,21.62,4.24,51,51,0,83.15,5.23,0,Normal
2026-03-01 11:05:23,0.17,63.13,2.92,58,58,0,96.67,1.86,0,Normal
2026-03-01 11:05:24,0.06,38.08,2.92,53,53,0,88.45,3.67,0,Normal
2026-03-01 11:05:25,0.25,30.77,3.14,53,53,0,90.6,2.35,0,Normal
2026-03-01 11:05:26,0.11,17.63,1.46,52,52,0,87.89,1.23,0,Normal
2026-03-01 11:05:27,0.19,46.83,3.38,48,48,0,79.87,3.97,0,Normal
2026-03-01 11:05:28,0.17,32.63,2.67,48,48,0,78.52,3.23,0,Normal
2026-03-01 11:05:29,0.21,36.36,4.41,48,48,0,82.16,3.39,0,Normal
2026-03-01 11:05:30,0.24,51.73,2.22,56,56,0,93.78,2.05,0,Normal
2026-03-01 11:05:31,0.35,27.66,4.51,42,42,0,68.82,3.58,0,Normal
2026-03-01 11:05:32,0.0,31.41,4.24,60,60,0,99.78,4.28,0,Normal
2026-03-01 11:05:33,0.1,24.83,3.57,46,46,0,76.64,4.0,0,Normal
2026-03-01 11:05:34,0.07,54.79,5.84,44,44,0,73.47,4.76,0,Normal
2026-03-01 11:05:35,0.43,27.86,1.42,49,49,0,80.75,1.38,0,Normal
2026-03-01 11:05:36,0.63,61.17,4.05,51,51,0,84.13,4.17,0,Normal
2026-03-01 11:05:37,0.45,23.43,3.25,58,58,0,100.99,3.04,0,Normal
2026-03-01 11:05:38,1.29,60.32,3.21,48,47,1,79.45,3.25,0,Normal
2026-03-01 11:05:39,0.03,58.92,2.13,42,42,0,69.94,1.53,0,Normal
2026-03-01 11:05:40,0.22,20.99,1.75,51,51,0,86.25,1.11,0,Normal
2026-03-01 11:05:41,0.8,30.07,4.96,51,51,0,85.92,3.23,0,Normal
2026-03-01 11:05:42,0.13,27.82,4.73,49,49,0,80.96,6.52,0,Normal
2026-03-01 11:05:43,0.57,20.13,7.46,49,49,0,79.45,4.92,0,Normal
2026-03-01 11:05:44,0.29,24.88,8.03,55,55,0,91.6,7.3,0,Normal
2026-03-01 11:05:45,1.34,69.09,1.65,55,54,1,90.45,2.04,0,Normal
2026-03-01 11:05:46,20.99,24.15,3.1,49,39,10,65.52,3.97,1,High Packet Loss
2026-03-01 11:05:47,12.9,43.15,3.72,54,47,7,78.96,3.03,1,High Packet Loss
2026-03-01 11:05:48,9.04,26.18,5.12,46,42,4,70.56,5.69,1,High Packet Loss
2026-03-01 11:05:49,15.49,22.71,6.31,55,46,9,77.28,7.44,1,High Packet Loss
2026-03-01 11:05:50,14.46,40.13,2.09,56,48,8,80.64,2.78,1,High Packet Loss
2026-03-01 11:05:51,20.46,56.37,2.6,54,43,11,72.24,3.41,1,High Packet Loss
2026-03-01 11:05:52,14.62,32.35,6.15,53,45,8,75.6,5.83,1,High Packet Loss
2026-03-01 11:05:53,17.96,56.57,1.56,49,40,9,67.2,1.62,1,High Packet Loss
2026-03-01 11:05:54,12.37,64.03,2.05,59,52,7,87.36,2.54,1,High Packet Loss
2026-03-01 11:05:55,7.97,65.05,4.04,47,43,4,72.24,4.36,1,High Packet Loss
2026-03-01 11:05:56,6.78,28.88,8.37,52,48,4,80.64,7.4,1,High Packet Loss
2026-03-01 11:05:57,11.77,17.7,1.56,58,51,7,85.68,2.12,1,High Packet Loss
2026-03-01 11:05:58,1.87,27.88,3.41,50,49,1,81.29,4.77,0,Normal
2026-03-01 11:05:59,0.0,38.38,4.26,46,46,0,78.73,5.74,0,Normal
2026-03-01 11:06:00,0.0,59.44,6.43,49,49,0,83.36,5.64,0,Normal
2026-03-01 11:06:01,0.02,25.74,4.06,54,54,0,89.05,3.22,0,Normal
2026-03-01 11:06:02,1.01,26.63,1.45,49,49,0,81.63,1.44,0,Normal
2026-03-01 11:06:03,0.32,27.04,1.86,58,58,0,97.21,2.29,0,Normal
2026-03-01 11:06:04,0.92,23.2,6.16,50,50,0,83.94,5.02,0,Normal
2026-03-01 11:06:05,0.05,27.75,4.05,54,54,0,90.61,3.75,0,Normal
2026-03-01 11:06:06,0.01,36.66,2.0,49,49,0,83.67,1.44,0,Normal
2026-03-01 11:06:07,0.27,53.49,4.15,55,55,0,92.62,4.81,0,Normal
2026-03-01 11:06:08,0.07,23.47,3.81,51,51,0,85.8,4.54,0,Normal
2026-03-01 11:06:09,0.69,35.66,1.08,49,49,0,81.18,1.08,0,Normal
2026-03-01 11:06:10,0.19,32.57,1.29,58,58,0,97.69,1.54,0,Normal
2026-03-01 11:06:11,0.52,31.8,3.82,58,58,0,97.4,4.26,0,Normal
2026-03-01 11:06:12,0.25,30.59,8.3,42,42,0,69.84,11.15,0,Normal
2026-03-01 11:06:13,0.26,72.59,3.74,58,58,0,95.71,4.0,0,Normal
2026-03-01 11:06:14,0.4,25.57,1.1,42,42,0,72.48,0.98,0,Normal
2026-03-01 11:06:15,0.14,33.0,1.61,60,60,0,103.47,1.9,0,Normal
2026-03-01 11:06:16,1.04,56.43,4.4,48,48,0,81.01,2.84,0,Normal
2026-03-01 11:06:17,0.18,78.0,4.62,52,52,0,89.51,4.53,0,Normal
2026-03-01 11:06:18,0.18,29.84,3.04,43,43,0,72.58,4.18,0,Normal
2026-03-01 11:06:19,0.43,23.26,2.67,53,53,0,86.96,3.11,0,Normal
2026-03-01 11:06:20,0.35,66.28,4.75,52,52,0,87.81,6.64,0,Normal
2026-03-01 11:06:21,1.91,23.47,5.46,46,45,1,75.09,4.99,0,Normal
2026-03-01 11:06:22,0.66,29.47,4.54,58,58,0,98.15,4.15,0,Normal
2026-03-01 11:06:23,0.12,29.97,2.16,48,48,0,83.0,1.4,0,Normal
2026-03-01 11:06:24,0.04,25.11,4.98,47,47,0,78.2,4.42,0,Normal
2026-03-01 11:06:25,0.04,26.56,2.83,42,42,0,71.14,2.02,0,Normal
2026-03-01 11:06:26,0.16,23.92,2.53,51,51,0,86.97,2.32,0,Normal
2026-03-01 11:06:27,0.23,27.89,2.49,45,45,0,77.63,1.5,0,Normal
2026-03-01 11:06:28,0.35,48.83,3.35,42,42,0,72.04,3.19,0,Normal
2026-03-01 11:06:29,0.68,26.66,4.29,42,42,0,68.89,5.8,0,Normal
2026-03-01 11:06:30,1.6,32.49,1.34,47,46,1,75.61,1.62,0,Normal
2026-03-01 11:06:31,0.18,21.18,2.39,42,42,0,71.71,1.89,0,Normal
2026-03-01 11:06:32,0.28,53.46,2.7,48,48,0,80.06,2.2,0,Normal
2026-03-01 11:06:33,0.32,31.11,5.29,50,50,0,82.52,4.49,0,Normal
2026-03-01 11:06:34,0.29,67.5,2.25,44,44,0,75.7,1.52,0,Normal
2026-03-01 11:06:35,0.03,39.13,2.86,48,48,0,80.09,3.99,0,Normal
2026-03-01 11:06:36,0.04,34.27,4.78,55,55,0,94.85,5.42,0,Normal
2026-03-01 11:06:37,0.77,67.11,3.38,56,56,0,93.42,4.02,0,Normal
2026-03-01 11:06:38,0.39,64.41,6.62,47,47,0,77.84,7.65,0,Normal
2026-03-01 11:06:39,0.4,28.18,3.1,49,49,0,82.22,3.02,0,Normal
2026-03-01 11:06:40,0.59,21.28,7.75,50,50,0,85.14,9.71,0,Normal
2026-03-01 11:06:41,0.03,33.77,8.4,48,48,0,81.08,6.64,0,Normal
2026-03-01 11:06:42,0.19,30.36,4.08,47,47,0,81.8,3.72,0,Normal
2026-03-01 11:06:43,0.1,28.74,4.01,59,59,0,99.38,3.45,0,Normal
2026-03-01 11:06:44,0.38,24.58,4.27,44,44,0,73.66,5.82,0,Normal
2026-03-01 11:06:45,0.08,60.07,4.79,47,47,0,81.22,3.03,0,Normal
2026-03-01 11:06:46,0.41,46.54,3.51,55,55,0,93.29,2.32,0,Normal
2026-03-01 11:06:47,0.17,31.62,5.62,42,42,0,69.94,7.67,0,Normal
2026-03-01 11:06:48,0.2,35.2,4.16,55,55,0,92.76,4.78,0,Normal
2026-03-01 11:06:49,0.6,46.68,6.2,53,53,0,89.37,6.87,0,Normal
2026-03-01 11:06:50,0.15,35.71,1.73,49,49,0,82.01,2.17,0,Normal
2026-03-01 11:06:51,0.1,26.41,3.66,46,46,0,77.55,4.88,0,Normal
2026-03-01 11:06:52,0.66,30.01,5.24,55,55,0,90.47,6.91,0,Normal
2026-03-01 11:06:53,0.4,27.06,1.99,46,46,0,76.75,2.61,0,Normal
2026-03-01 11:06:54,0.18,16.73,4.03,54,54,0,91.37,5.12,0,Normal
2026-03-01 11:06:55,0.24,64.46,4.37,57,57,0,94.97,3.04,0,Normal
2026-03-01 11:06:56,0.15,17.05,7.23,54,54,0,89.38,8.01,0,Normal
2026-03-01 11:06:57,0.28,22.2,2.85,43,43,0,72.18,2.83,0,Normal
2026-03-01 11:06:58,0.05,25.28,3.65,42,42,0,69.85,4.47,0,Normal
2026-03-01 11:06:59,0.77,61.81,2.59,45,45,0,73.62,3.53,0,Normal
2026-03-01 11:07:00,0.28,65.73,3.12,53,53,0,87.09,2.78,0,Normal
2026-03-01 11:07:01,0.17,29.47,6.88,60,60,0,101.41,8.28,0,Normal
2026-03-01 11:07:02,0.3,47.14,3.28,42,42,0,70.7,2.52,0,Normal
2026-03-01 11:07:03,0.06,26.42,2.41,45,45,0,76.07,2.26,0,Normal
2026-03-01 11:07:04,0.03,22.51,3.06,47,47,0,78.51,3.6,0,Normal
2026-03-01 11:07:05,0.28,28.28,2.63,44,44,0,71.65,1.76,0,Normal
2026-03-01 11:07:06,0.03,26.05,2.72,51,51,0,84.37,3.51,0,Normal
2026-03-01 11:07:07,0.38,18.15,2.61,56,56,0,93.6,3.47,0,Normal
2026-03-01 11:07:08,0.56,26.79,2.65,54,54,0,91.37,3.44,0,Normal
2026-03-01 11:07:09,1.56,20.55,1.95,60,59,1,96.5,1.17,0,Normal
2026-03-01 11:07:10,0.51,33.39,3.43,42,42,0,67.09,4.26,0,Normal
2026-03-01 11:07:11,1.28,25.65,2.14,51,50,1,86.17,2.82,0,Normal
2026-03-01 11:07:12,0.01,43.13,5.55,51,51,0,86.58,7.7,0,Normal
2026-03-01 11:07:13,0.29,33.8,2.89,45,45,0,74.29,1.81,0,Normal
2026-03-01 11:07:14,0.06,27.22,3.99,42,42,0,70.21,4.19,0,Normal
2026-03-01 11:07:15,0.1,55.93,3.99,54,54,0,90.09,5.21,0,Normal
2026-03-01 11:07:16,0.46,70.65,1.45,52,52,0,87.79,1.72,0,Normal
2026-03-01 11:07:17,0.1,33.77,2.94,42,42,0,69.8,3.78,0,Normal
2026-03-01 11:07:18,0.07,23.08,7.19,47,47,0,77.24,8.34,0,Normal
2026-03-01 11:07:19,0.16,28.54,2.34,42,42,0,71.29,1.45,0,Normal
2026-03-01 11:07:20,0.03,55.05,9.23,55,55,0,95.12,12.02,0,Normal
2026-03-01 11:07:21,0.06,24.27,4.24,56,56,0,94.87,4.64,0,Normal
2026-03-01 11:07:22,0.06,63.11,4.19,43,43,0,72.35,3.34,0,Normal
2026-03-01 11:07:23,0.09,28.46,3.7,55,55,0,92.08,4.23,0,Normal
2026-03-01 11:07:24,0.72,60.98,5.32,42,42,0,69.38,5.38,0,Normal
2026-03-01 11:07:25,0.12,27.99,5.45,46,46,0,76.67,6.4,0,Normal
2026-03-01 11:07:26,0.11,50.54,3.29,42,42,0,71.15,3.22,0,Normal
2026-03-01 11:07:27,0.05,41.99,2.74,52,52,0,89.14,1.87,0,Normal
2026-03-01 11:07:28,0.01,57.32,1.75,45,45,0,77.45,2.33,0,Normal
2026-03-01 11:07:29,0.06,30.63,4.79,42,42,0,70.82,5.49,0,Normal
2026-03-01 11:07:30,0.45,25.96,3.42,42,42,0,70.84,4.0,0,Normal
2026-03-01 11:07:31,1.23,56.92,2.27,42,41,1,68.96,2.76,0,Normal
2026-03-01 11:07:32,0.48,58.25,2.56,54,54,0,91.58,2.58,0,Normal
2026-03-01 11:07:33,0.67,29.74,3.22,58,58,0,97.51,3.77,0,Normal
2026-03-01 11:07:34,0.54,35.81,2.13,42,42,0,70.66,1.64,0,Normal
2026-03-01 11:07:35,0.12,68.71,3.39,56,56,0,92.79,3.31,0,Normal
2026-03-01 11:07:36,0.46,69.31,1.6,48,48,0,79.31,1.85,0,Normal
2026-03-01 11:07:37,0.49,17.4,2.61,51,51,0,84.64,3.25,0,Normal
2026-03-01 11:07:38,0.1,25.24,1.97,53,53,0,89.4,2.71,0,Normal
2026-03-01 11:07:39,0.89,69.33,3.63,42,42,0,70.1,4.68,0,Normal
2026-03-01 11:07:40,1.95,25.6,2.14,42,41,1,72.75,1.35,0,Normal
2026-03-01 11:07:41,0.29,57.07,2.58,53,53,0,89.62,1.91,0,Normal
2026-03-01 11:07:42,0.13,64.0,9.18,54,54,0,93.08,10.5,0,Normal
2026-03-01 11:07:43,0.15,66.54,4.9,42,42,0,72.79,3.26,0,Normal
2026-03-01 11:07:44,0.31,57.77,4.35,60,60,0,101.44,6.07,0,Normal
2026-03-01 11:07:45,0.0,55.77,5.95,42,42,0,70.5,5.82,0,Normal
2026-03-01 11:07:46,0.13,39.09,4.18,59,59,0,97.77,4.8,0,Normal
2026-03-01 11:07:47,0.02,58.38,1.76,58,58,0,96.54,1.13,0,Normal
2026-03-01 11:07:48,0.34,18.26,1.84,60,60,0,102.06,1.73,0,Normal
2026-03-01 11:07:49,0.32,21.64,0.98,47,47,0,79.36,0.78,0,Normal
2026-03-01 11:07:50,0.31,34.89,3.64,58,58,0,96.48,2.49,0,Normal
2026-03-01 11:07:51,0.06,54.66,2.06,42,42,0,70.25,2.34,0,Normal
2026-03-01 11:07:52,1.01,30.6,2.57,53,52,1,87.85,3.55,0,Normal
2026-03-01 11:07:53,0.27,20.58,2.88,48,48,0,80.68,2.43,0,Normal
2026-03-01 11:07:54,0.28,27.68,2.52,50,50,0,83.64,3.39,0,Normal
2026-03-01 11:07:55,0.28,59.39,3.27,50,50,0,83.92,1.97,0,Normal
2026-03-01 11:07:56,0.26,68.19,2.92,47,47,0,75.34,3.3,0,Normal
2026-03-01 11:07:57,0.98,53.73,2.79,49,49,0,82.35,2.86,0,Normal
2026-03-01 11:07:58,0.32,16.65,1.65,54,54,0,89.13,1.48,0,Normal
2026-03-01 11:07:59,0.23,30.63,3.7,44,44,0,74.47,3.46,0,Normal
2026-03-01 11:08:00,0.51,25.6,8.84,56,56,0,94.28,9.55,0,Normal
2026-03-01 11:08:01,0.1,26.46,3.76,45,45,0,76.72,3.93,0,Normal
2026-03-01 11:08:02,0.07,33.11,9.22,52,52,0,88.5,9.28,0,Normal
2026-03-01 11:08:03,0.2,30.59,2.57,42,42,0,73.14,3.56,0,Normal
2026-03-01 11:08:04,0.01,26.09,2.96,56,56,0,91.11,3.6,0,Normal
2026-03-01 11:08:05,0.12,21.3,3.29,47,47,0,78.77,2.44,0,Normal
2026-03-01 11:08:06,0.19,35.97,3.08,48,48,0,77.58,4.1,0,Normal
2026-03-01 11:08:07,0.3,19.96,5.61,56,56,0,94.82,5.57,0,Normal
2026-03-01 11:08:08,0.27,31.78,1.24,48,48,0,80.39,0.76,0,Normal
2026-03-01 11:08:09,0.16,18.42,2.71,52,52,0,86.65,3.32,0,Normal
2026-03-01 11:08:10,0.15,33.51,7.02,57,57,0,96.16,6.19,0,Normal
2026-03-01 11:08:11,0.0,34.06,2.66,50,50,0,82.42,3.71,0,Normal
2026-03-01 11:08:12,0.75,16.52,5.04,55,55,0,95.17,5.22,0,Normal
2026-03-01 11:08:13,0.09,56.93,4.36,60,60,0,100.43,3.56,0,Normal
2026-03-01 11:08:14,0.16,30.2,3.21,45,45,0,75.71,3.86,0,Normal
2026-03-01 11:08:15,0.01,32.22,3.83,42,42,0,70.37,3.15,0,Normal
2026-03-01 11:08:16,1.1,64.31,3.19,42,42,0,71.94,1.98,0,Normal
2026-03-01 11:08:17,0.24,22.23,1.28,42,42,0,68.76,0.86,0,Normal
2026-03-01 11:08:18,0.01,26.7,4.08,47,47,0,80.2,4.6,0,Normal
2026-03-01 11:08:19,0.1,37.99,2.52,46,46,0,76.5,1.94,0,Normal
2026-03-01 11:08:20,0.74,21.35,1.79,60,60,0,100.04,1.41,0,Normal
2026-03-01 11:08:21,0.16,29.94,3.95,46,46,0,78.6,2.84,0,Normal
2026-03-01 11:08:22,0.41,34.91,3.84,53,53,0,88.64,3.09,0,Normal
2026-03-01 11:08:23,0.33,56.18,5.16,58,58,0,98.36,6.24,0,Normal
2026-03-01 11:08:24,0.22,19.5,2.95,53,53,0,89.99,2.98,0,Normal
2026-03-01 11:08:25,0.63,58.98,4.89,42,42,0,70.04,3.78,0,Normal
2026-03-01 11:08:26,0.01,63.76,3.35,60,60,0,101.15,2.68,0,Normal
2026-03-01 11:08:27,0.85,62.04,3.88,47,47,0,78.23,3.5,0,Normal
2026-03-01 11:08:28,0.44,38.62,4.02,50,50,0,83.97,5.62,0,Normal
2026-03-01 11:08:29,0.7,36.23,1.82,55,55,0,93.11,1.35,0,Normal
2026-03-01 11:08:30,0.01,48.24,3.93,44,44,0,72.48,4.89,0,Normal
2026-03-01 11:08:31,0.03,23.33,3.48,42,42,0,71.22,4.5,0,Normal
2026-03-01 11:08:32,0.08,43.45,2.94,47,47,0,79.44,4.01,0,Normal
2026-03-01 11:08:33,0.32,27.59,3.5,58,58,0,95.21,3.79,0,Normal
2026-03-01 11:08:34,0.03,30.72,10.46,57,57,0,94.64,7.11,0,Normal
2026-03-01 11:08:35,0.94,50.11,1.4,42,42,0,69.52,0.87,0,Normal
2026-03-01 11:08:36,0.48,30.38,3.13,47,47,0,78.29,2.99,0,Normal
2026-03-01 11:08:37,0.58,40.2,4.78,44,44,0,72.49,4.21,0,Normal
2026-03-01 11:08:38,0.31,30.73,1.9,51,51,0,87.09,2.44,0,Normal
2026-03-01 11:08:39,0.35,62.02,3.92,52,52,0,88.95,4.23,0,Normal
2026-03-01 11:08:40,0.09,41.73,3.8,44,44,0,72.74,4.85,0,Normal
2026-03-01 11:08:41,0.84,27.25,1.62,52,52,0,85.63,1.72,0,Normal
2026-03-01 11:08:42,0.37,66.9,2.55,47,47,0,78.94,2.0,0,Normal
2026-03-01 11:08:43,0.19,41.94,7.41,60,60,0,102.8,5.63,0,Normal
2026-03-01 11:08:44,0.75,23.6,1.62,55,55,0,95.63,1.49,0,Normal
2026-03-01 11:08:45,0.7,49.63,2.73,47,47,0,77.95,1.7,0,Normal
2026-03-01 11:08:46,0.0,24.69,3.08,49,49,0,78.91,3.08,0,Normal
2026-03-01 11:08:47,0.91,28.99,3.33,48,48,0,78.41,2.72,0,Normal
2026-03-01 11:08:48,0.16,33.59,2.76,55,55,0,89.73,1.75,0,Normal
2026-03-01 11:08:49,0.19,12.11,3.45,46,46,0,77.91,3.38,0,Normal
2026-03-01 11:08:50,0.03,33.56,3.27,43,43,0,72.39,3.64,0,Normal
2026-03-01 11:08:51,0.74,24.67,4.57,42,42,0,70.89,3.11,0,Normal
2026-03-01 11:08:52,0.27,25.52,4.86,53,53,0,90.73,5.28,0,Normal
2026-03-01 11:08:53,0.83,38.29,4.05,59,59,0,101.56,5.48,0,Normal
2026-03-01 11:08:54,0.53,29.28,3.69,44,44,0,75.18,3.33,0,Normal
2026-03-01 11:08:55,0.8,47.04,1.64,49,49,0,83.42,2.28,0,Normal
2026-03-01 11:08:56,1.04,46.8,3.5,42,42,0,68.35,4.29,0,Normal
2026-03-01 11:08:57,0.76,32.58,5.48,52,52,0,86.6,3.33,0,Normal
2026-03-01 11:08:58,0.08,37.71,1.61,47,47,0,81.04,2.18,0,Normal
2026-03-01 11:08:59,0.03,51.09,1.84,51,51,0,84.86,1.85,0,Normal
2026-03-01 11:09:00,0.34,34.51,6.5,47,47,0,80.62,7.02,0,Normal
2026-03-01 11:09:01,0.06,56.31,1.69,50,50,0,84.19,1.84,0,Normal
2026-03-01 11:09:02,0.7,31.01,3.17,49,49,0,83.49,2.89,0,Normal
2026-03-01 11:09:03,1.03,60.1,2.59,60,59,1,97.81,2.47,0,Normal
2026-03-01 11:09:04,0.05,21.09,6.32,51,51,0,86.82,6.42,0,Normal
2026-03-01 11:09:05,0.09,42.17,3.8,52,52,0,86.4,5.22,0,Normal
2026-03-01 11:09:06,0.34,70.54,4.74,60,60,0,101.15,3.67,0,Normal
2026-03-01 11:09:07,0.45,48.44,3.4,51,51,0,85.64,4.53,0,Normal
2026-03-01 11:09:08,0.25,30.34,8.15,43,43,0,74.03,11.25,0,Normal
2026-03-01 11:09:09,0.16,62.0,2.38,56,56,0,95.33,2.23,0,Normal
2026-03-01 11:09:10,0.13,26.09,3.88,60,60,0,98.15,3.09,0,Normal
2026-03-01 11:09:11,0.38,18.35,5.85,50,50,0,82.78,5.67,0,Normal
2026-03-01 11:09:12,0.48,28.01,6.47,50,50,0,83.05,4.41,0,Normal
2026-03-01 11:09:13,0.12,19.08,2.94,42,42,0,71.6,3.7,0,Normal
2026-03-01 11:09:14,0.14,58.35,1.33,54,54,0,89.98,1.14,0,Normal
2026-03-01 11:09:15,0.22,31.78,2.79,55,55,0,90.77,2.36,0,Normal
2026-03-01 11:09:16,0.21,32.67,7.28,53,53,0,86.99,8.29,0,Normal
2026-03-01 11:09:17,0.65,32.67,2.35,51,51,0,86.77,2.47,0,Normal
2026-03-01 11:09:18,0.2,23.84,3.78,42,42,0,67.45,4.04,0,Normal
2026-03-01 11:09:19,1.34,27.21,2.89,51,50,1,85.58,2.86,0,Normal
2026-03-01 11:09:20,0.13,28.66,3.21,57,57,0,93.83,3.09,0,Normal
2026-03-01 11:09:21,0.41,53.77,5.99,55,55,0,91.73,5.11,0,Normal
2026-03-01 11:09:22,0.5,21.06,3.72,44,44,0,72.17,3.08,0,Normal
2026-03-01 11:09:23,0.35,23.63,8.32,42,42,0,69.18,11.61,0,Normal
2026-03-01 11:09:24,0.16,25.82,5.15,49,49,0,81.98,4.75,0,Normal
2026-03-01 11:09:25,0.1,23.96,3.52,46,46,0,77.07,3.54,0,Normal
2026-03-01 11:09:26,0.32,19.25,3.18,44,44,0,71.6,2.92,0,Normal
2026-03-01 11:09:27,0.38,12.0,3.85,50,50,0,83.39,4.55,0,Normal
2026-03-01 11:09:28,0.1,17.04,1.91,42,42,0,70.71,1.41,0,Normal
2026-03-01 11:09:29,0.14,60.38,2.06,49,49,0,83.02,1.32,0,Normal
2026-03-01 11:09:30,0.69,27.95,4.67,55,55,0,89.34,6.44,0,Normal
2026-03-01 11:09:31,0.58,54.51,5.02,42,42,0,69.84,5.16,0,Normal
2026-03-01 11:09:32,0.07,24.5,1.83,45,45,0,72.52,1.9,0,Normal
2026-03-01 11:09:33,0.95,27.41,4.89,50,50,0,83.24,4.76,0,Normal
2026-03-01 11:09:34,0.35,37.68,3.07,46,46,0,76.63,1.96,0,Normal
2026-03-01 11:09:35,0.24,37.32,2.28,49,49,0,83.26,2.61,0,Normal
2026-03-01 11:09:36,0.08,33.65,2.88,59,59,0,100.58,3.03,0,Normal
2026-03-01 11:09:37,0.46,66.16,4.95,50,50,0,82.47,3.54,0,Normal
2026-03-01 11:09:38,0.89,31.11,4.37,42,42,0,71.0,4.45,0,Normal
2026-03-01 11:09:39,0.02,30.22,3.8,56,56,0,95.06,2.99,0,Normal
2026-03-01 11:09:40,0.26,27.0,3.94,42,42,0,69.44,4.38,0,Normal
2026-03-01 11:09:41,0.73,25.57,1.99,55,55,0,93.56,2.25,0,Normal
2026-03-01 11:09:42,1.07,34.73,4.25,53,52,1,87.56,3.56,0,Normal
2026-03-01 11:09:43,0.03,58.36,2.7,42,42,0,70.15,1.83,0,Normal
2026-03-01 11:09:44,0.55,36.92,8.24,42,42,0,70.77,10.21,0,Normal
2026-03-01 11:09:45,0.12,64.1,2.8,42,42,0,68.19,3.1,0,Normal
2026-03-01 11:09:46,0.27,20.12,9.04,54,54,0,90.93,9.79,0,Normal
2026-03-01 11:09:47,0.54,24.73,3.09,42,42,0,69.29,3.33,0,Normal
2026-03-01 11:09:48,0.28,22.75,3.18,46,46,0,77.32,3.74,0,Normal
2026-03-01 11:09:49,0.04,24.55,2.91,42,42,0,69.95,2.28,0,Normal
2026-03-01 11:09:50,0.31,24.44,1.88,56,56,0,94.51,1.74,0,Normal
2026-03-01 11:09:51,0.04,24.2,6.03,55,55,0,94.19,4.69,0,Normal
2026-03-01 11:09:52,0.15,26.15,3.47,55,55,0,92.59,2.28,0,Normal
2026-03-01 11:09:53,0.29,64.53,4.4,42,42,0,72.06,5.83,0,Normal
2026-03-01 11:09:54,1.67,32.58,6.87,47,46,1,75.75,4.38,0,Normal
2026-03-01 11:09:55,0.45,48.11,3.13,42,42,0,72.71,1.99,0,Normal
2026-03-01 11:09:56,0.13,29.96,3.18,54,54,0,89.2,2.73,0,Normal
2026-03-01 11:09:57,0.73,54.37,3.54,46,46,0,75.4,3.03,0,Normal
2026-03-01 11:09:58,0.09,31.24,1.86,42,42,0,70.15,1.18,0,Normal
2026-03-01 11:09:59,0.17,28.28,1.46,46,46,0,76.61,1.77,0,Normal
2026-03-01 11:10:00,0.36,65.69,1.69,58,58,0,95.07,1.17,0,Normal
2026-03-01 11:10:01,0.19,22.49,5.8,60,60,0,99.11,3.89,0,Normal
2026-03-01 11:10:02,0.46,29.26,2.87,60,60,0,95.41,1.92,0,Normal
2026-03-01 11:10:03,0.37,35.64,4.73,52,52,0,85.33,5.27,0,Normal
2026-03-01 11:10:04,0.39,26.63,2.96,56,56,0,93.09,2.17,0,Normal
2026-03-01 11:10:05,0.19,66.58,1.63,50,50,0,86.23,1.73,0,Normal
2026-03-01 11:10:06,0.02,60.02,4.9,47,47,0,80.03,3.73,0,Normal
2026-03-01 11:10:07,0.72,73.27,2.23,52,52,0,87.85,2.82,0,Normal
2026-03-01 11:10:08,0.03,52.24,4.31,49,49,0,85.57,3.23,0,Normal
2026-03-01 11:10:09,0.22,19.34,5.03,42,42,0,67.87,4.75,0,Normal
2026-03-01 11:10:10,0.13,26.53,3.25,60,60,0,100.7,3.39,0,Normal
2026-03-01 11:10:11,0.12,50.4,4.11,55,55,0,95.45,5.36,0,Normal
2026-03-01 11:10:12,0.09,21.51,1.75,45,45,0,74.84,1.35,0,Normal
2026-03-01 11:10:13,0.11,22.73,12.38,53,53,0,87.8,13.58,0,Normal
2026-03-01 11:10:14,1.09,22.31,4.05,58,57,1,96.99,2.53,0,Normal
2026-03-01 11:10:15,1.25,67.13,4.72,50,49,1,81.48,5.76,0,Normal
2026-03-01 11:10:16,0.3,22.27,5.06,58,58,0,99.33,5.16,0,Normal
2026-03-01 11:10:17,0.26,60.31,3.12,44,44,0,75.17,4.23,0,Normal
2026-03-01 11:10:18,0.02,19.95,3.44,42,42,0,70.27,4.2,0,Normal
2026-03-01 11:10:19,0.57,27.17,5.41,46,46,0,78.75,4.98,0,Normal
2026-03-01 11:10:20,0.07,56.61,2.81,56,56,0,93.73,2.62,0,Normal
2026-03-01 11:10:21,0.05,67.15,3.96,58,58,0,97.64,2.4,0,Normal
2026-03-01 11:10:22,0.19,30.26,4.1,48,48,0,81.52,5.21,0,Normal
2026-03-01 11:10:23,0.15,24.16,2.39,42,42,0,69.98,2.97,0,Normal
2026-03-01 11:10:24,0.04,25.18,4.05,49,49,0,84.59,4.28,0,Normal
2026-03-01 11:10:25,0.06,62.17,1.55,44,44,0,74.02,1.39,0,Normal
2026-03-01 11:10:26,1.7,22.48,5.02,54,53,1,89.47,6.24,0,Normal
2026-03-01 11:10:27,0.46,37.4,6.73,42,42,0,68.59,7.32,0,Normal
2026-03-01 11:10:28,0.32,50.35,4.99,52,52,0,86.39,3.75,0,Normal
2026-03-01 11:10:29,0.13,21.18,6.51,42,42,0,70.8,5.17,0,Normal
2026-03-01 11:10:30,0.2,24.68,2.36,55,55,0,93.7,2.56,0,Normal
2026-03-01 11:10:31,0.35,62.97,3.0,49,49,0,84.44,3.43,0,Normal
2026-03-01 11:10:32,0.54,70.23,3.51,51,51,0,84.09,2.43,0,Normal
2026-03-01 11:10:33,1.02,62.51,3.52,54,53,1,87.8,4.47,0,Normal
2026-03-01 11:10:34,0.05,28.38,2.73,49,49,0,80.48,2.73,0,Normal
2026-03-01 11:10:35,0.07,52.93,2.2,59,59,0,99.86,1.67,0,Normal
2026-03-01 11:10:36,0.29,58.15,7.22,45,45,0,77.72,7.6,0,Normal
2026-03-01 11:10:37,0.98,29.5,2.28,47,47,0,78.72,2.97,0,Normal
2026-03-01 11:10:38,0.21,29.86,7.0,46,46,0,77.37,4.51,0,Normal
2026-03-01 11:10:39,0.35,29.93,4.15,42,42,0,70.76,3.22,0,Normal
2026-03-01 11:10:40,0.12,69.27,3.64,47,47,0,78.26,3.82,0,Normal
2026-03-01 11:10:41,0.58,72.55,4.24,58,58,0,95.61,2.55,0,Normal
2026-03-01 11:10:42,0.33,48.47,6.59,42,42,0,72.15,4.9,0,Normal
2026-03-01 11:10:43,0.17,34.69,1.02,51,51,0,85.91,0.8,0,Normal
2026-03-01 11:10:44,0.27,39.49,3.9,60,60,0,99.98,5.1,0,Normal
2026-03-01 11:10:45,0.42,24.01,3.55,42,42,0,75.07,3.62,0,Normal
2026-03-01 11:10:46,0.08,58.79,3.61,44,44,0,73.92,3.99,0,Normal
2026-03-01 11:10:47,0.15,32.89,5.07,58,58,0,94.87,3.05,0,Normal
2026-03-01 11:10:48,0.1,43.69,2.52,52,52,0,88.34,2.29,0,Normal
2026-03-01 11:10:49,1.13,34.64,1.98,50,49,1,79.56,1.89,0,Normal
2026-03-01 11:10:50,0.02,23.51,1.78,49,49,0,83.02,2.26,0,Normal
2026-03-01 11:10:51,0.02,45.17,2.21,60,60,0,101.46,1.67,0,Normal
2026-03-01 11:10:52,0.15,49.8,4.52,50,50,0,86.07,2.95,0,Normal
2026-03-01 11:10:53,0.27,23.25,4.17,42,42,0,69.06,5.25,0,Normal
2026-03-01 11:10:54,0.14,39.61,4.94,42,42,0,70.12,3.8,0,Normal
2026-03-01 11:10:55,0.68,22.78,2.7,46,46,0,77.18,3.11,0,Normal
2026-03-01 11:10:56,0.06,24.27,2.75,56,56,0,95.38,1.85,0,Normal
2026-03-01 11:10:57,0.16,70.9,6.99,44,44,0,74.57,7.95,0,Normal
2026-03-01 11:10:58,0.23,27.85,5.25,52,52,0,88.14,4.93,0,Normal
2026-03-01 11:10:59,0.08,28.22,4.66,49,49,0,84.15,6.25,0,Normal
2026-03-01 11:11:00,0.12,60.12,1.46,60,60,0,100.47,1.11,0,Normal
2026-03-01 11:11:01,1.03,34.69,8.01,53,52,1,89.55,5.24,0,Normal
2026-03-01 11:11:02,0.26,60.15,3.19,54,54,0,90.59,3.27,0,Normal
2026-03-01 11:11:03,0.71,29.71,3.59,52,52,0,88.7,4.79,0,Normal
2026-03-01 11:11:04,0.11,26.26,4.06,55,55,0,91.66,3.1,0,Normal
2026-03-01 11:11:05,0.33,23.49,3.58,46,46,0,78.17,4.53,0,Normal
2026-03-01 11:11:06,0.5,23.47,3.07,43,43,0,73.98,2.68,0,Normal
2026-03-01 11:11:07,0.19,54.0,3.54,49,49,0,80.7,2.41,0,Normal
2026-03-01 11:11:08,0.34,61.32,4.42,42,42,0,71.98,4.74,0,Normal
2026-03-01 11:11:09,0.7,35.74,4.86,60,60,0,101.07,4.95,0,Normal
2026-03-01 11:11:10,0.05,32.99,5.75,52,52,0,90.42,7.3,0,Normal
2026-03-01 11:11:11,0.15,52.83,2.03,42,42,0,70.16,1.38,0,Normal
2026-03-01 11:11:12,0.61,19.53,2.6,54,54,0,91.16,2.9,0,Normal
2026-03-01 11:11:13,0.09,32.93,4.87,50,50,0,83.77,5.34,0,Normal
2026-03-01 11:11:14,0.28,35.86,1.64,48,48,0,81.63,2.29,0,Normal
2026-03-01 11:11:15,0.2,34.21,3.57,44,44,0,70.65,3.08,0,Normal
2026-03-01 11:11:16,0.38,22.19,2.33,52,52,0,85.24,1.48,0,Normal
2026-03-01 11:11:17,0.39,22.81,4.25,44,44,0,74.92,3.95,0,Normal
2026-03-01 11:11:18,0.3,37.94,2.27,50,50,0,84.04,2.21,0,Normal
2026-03-01 11:11:19,1.03,44.07,2.82,45,45,0,72.59,2.53,0,Normal
2026-03-01 11:11:20,0.07,30.87,2.91,44,44,0,72.97,3.22,0,Normal
2026-03-01 11:11:21,0.63,17.33,3.71,60,60,0,100.21,3.01,0,Normal
2026-03-01 11:11:22,0.24,26.2,5.11,49,49,0,81.59,3.81,0,Normal
2026-03-01 11:11:23,0.38,54.09,5.28,54,54,0,92.12,5.08,0,Normal
2026-03-01 11:11:24,0.11,27.82,3.64,54,54,0,92.6,4.3,0,Normal
2026-03-01 11:11:25,0.03,31.14,2.02,60,60,0,97.44,2.65,0,Normal
2026-03-01 11:11:26,0.53,65.3,10.6,60,60,0,100.62,11.99,0,Normal
2026-03-01 11:11:27,0.1,23.08,3.2,45,45,0,75.77,2.88,0,Normal
2026-03-01 11:11:28,0.17,30.89,3.76,51,51,0,83.46,4.5,0,Normal
2026-03-01 11:11:29,0.02,64.04,3.7,60,60,0,102.68,2.78,0,Normal
2026-03-01 11:11:30,0.37,29.32,3.89,60,60,0,101.36,4.68,0,Normal
2026-03-01 11:11:31,0.41,33.68,2.27,53,53,0,90.32,2.23,0,Normal
2026-03-01 11:11:32,0.81,18.06,4.04,56,56,0,93.41,3.3,0,Normal
2026-03-01 11:11:33,0.78,70.04,7.54,60,60,0,99.63,8.69,0,Normal
2026-03-01 11:11:34,0.43,38.94,1.34,42,42,0,69.71,1.25,0,Normal
2026-03-01 11:11:35,0.14,59.96,3.37,48,48,0,80.47,3.69,0,Normal
2026-03-01 11:11:36,0.16,59.95,2.0,46,46,0,76.64,2.27,0,Normal
2026-03-01 11:11:37,0.17,27.07,5.18,45,45,0,76.96,4.74,0,Normal
2026-03-01 11:11:38,0.05,53.45,5.55,42,42,0,74.56,7.71,0,Normal
2026-03-01 11:11:39,1.03,30.57,3.13,55,54,1,91.59,3.03,0,Normal
2026-03-01 11:11:40,0.6,18.9,3.41,44,44,0,71.0,4.73,0,Normal
2026-03-01 11:11:41,0.05,33.97,2.23,42,42,0,70.79,1.76,0,Normal
2026-03-01 11:11:42,1.02,22.8,1.15,54,53,1,87.26,0.84,0,Normal
2026-03-01 11:11:43,0.65,32.56,2.94,46,46,0,76.67,3.25,0,Normal
2026-03-01 11:11:44,0.88,18.3,3.02,53,53,0,88.99,3.13,0,Normal
2026-03-01 11:11:45,0.12,37.59,3.39,58,58,0,97.05,3.49,0,Normal
2026-03-01 11:11:46,0.14,26.35,0.8,47,47,0,77.41,1.12,0,Normal
2026-03-01 11:11:47,0.22,42.48,1.53,60,60,0,101.58,0.92,0,Normal
2026-03-01 11:11:48,0.09,23.87,1.7,46,46,0,74.29,1.64,0,Normal
2026-03-01 11:11:49,0.22,58.6,3.45,50,50,0,84.58,2.91,0,Normal
2026-03-01 11:11:50,0.0,60.97,4.32,46,46,0,75.93,4.07,0,Normal
2026-03-01 11:11:51,0.73,35.91,1.97,53,53,0,89.46,2.66,0,Normal
2026-03-01 11:11:52,0.06,28.42,2.93,42,42,0,68.54,3.66,0,Normal
2026-03-01 11:11:53,0.24,14.97,2.56,47,47,0,79.31,1.95,0,Normal
2026-03-01 11:11:54,0.92,52.04,8.28,60,59,1,101.19,9.64,0,Normal
2026-03-01 11:11:55,0.6,44.55,2.79,57,57,0,94.87,2.97,0,Normal
2026-03-01 11:11:56,0.52,28.81,2.74,50,50,0,83.08,2.54,0,Normal
2026-03-01 11:11:57,0.33,33.7,2.3,49,49,0,82.97,2.01,0,Normal
2026-03-01 11:11:58,0.2,26.15,1.41,54,54,0,91.04,1.52,0,Normal
2026-03-01 11:11:59,0.21,21.97,4.44,47,47,0,76.89,4.33,0,Normal
2026-03-01 11:12:00,0.03,25.11,2.94,49,49,0,83.98,3.06,0,Normal
2026-03-01 11:12:01,0.02,28.77,2.79,54,54,0,91.93,3.4,0,Normal
2026-03-01 11:12:02,0.65,48.5,3.6,44,44,0,75.84,4.95,0,Normal
2026-03-01 11:12:03,0.18,50.19,1.63,55,55,0,93.22,1.52,0,Normal
2026-03-01 11:12:04,0.02,24.3,7.37,48,48,0,83.47,6.93,0,Normal
2026-03-01 11:12:05,0.38,52.86,1.46,50,50,0,81.19,1.86,0,Normal
2026-03-01 11:12:06,0.4,40.72,7.38,44,44,0,76.21,5.2,0,Normal
2026-03-01 11:12:07,0.09,33.59,3.3,54,54,0,90.14,4.09,0,Normal
2026-03-01 11:12:08,0.19,28.18,2.79,48,48,0,79.82,2.55,0,Normal
2026-03-01 11:12:09,0.3,54.8,4.49,49,49,0,81.25,4.19,0,Normal
2026-03-01 11:12:10,0.32,16.6,2.84,52,52,0,88.12,2.38,0,Normal
2026-03-01 11:12:11,0.25,40.12,5.05,60,60,0,102.0,3.53,0,Normal
2026-03-01 11:12:12,0.16,33.21,3.81,60,60,0,100.1,4.56,0,Normal
2026-03-01 11:12:13,0.02,25.36,4.58,45,45,0,76.01,6.04,0,Normal
2026-03-01 11:12:14,0.01,28.36,5.3,48,48,0,84.79,5.31,0,Normal
2026-03-01 11:12:15,0.22,26.64,3.07,48,48,0,79.64,2.31,0,Normal
2026-03-01 11:12:16,0.08,37.77,5.12,53,53,0,88.45,4.35,0,Normal
2026-03-01 11:12:17,0.98,21.77,4.19,53,52,1,89.49,2.8,0,Normal
2026-03-01 11:12:18,0.36,24.28,6.05,48,48,0,78.28,7.65,0,Normal
2026-03-01 11:12:19,0.31,23.7,2.81,51,51,0,86.05,2.86,0,Normal
2026-03-01 11:12:20,0.18,29.86,6.14,50,50,0,80.38,8.49,0,Normal
2026-03-01 11:12:21,0.14,61.0,2.34,54,54,0,88.65,2.86,0,Normal
2026-03-01 11:12:22,0.07,29.2,1.35,47,47,0,77.17,1.59,0,Normal
2026-03-01 11:12:23,0.02,58.76,1.8,53,53,0,87.73,1.71,0,Normal
2026-03-01 11:12:24,0.35,47.6,2.86,45,45,0,73.73,2.51,0,Normal
2026-03-01 11:12:25,0.53,25.28,3.74,59,59,0,99.42,3.07,0,Normal
2026-03-01 11:12:26,0.68,35.13,3.34,42,42,0,72.66,4.65,0,Normal
2026-03-01 11:12:27,0.45,55.7,4.73,53,53,0,92.1,3.71,0,Normal
2026-03-01 11:12:28,0.8,66.52,1.93,59,59,0,97.58,1.39,0,Normal
2026-03-01 11:12:29,1.42,30.05,7.21,48,47,1,80.05,7.05,0,Normal
2026-03-01 11:12:30,1.14,56.88,6.08,48,47,1,80.77,6.17,0,Normal
2026-03-01 11:12:31,0.31,40.19,5.06,60,60,0,100.98,3.75,0,Normal
2026-03-01 11:12:32,0.09,26.32,5.87,58,58,0,98.5,5.16,0,Normal
2026-03-01 11:12:33,0.04,29.49,1.65,44,44,0,74.61,1.38,0,Normal
2026-03-01 11:12:34,1.79,29.36,4.55,48,47,1,79.65,5.43,0,Normal
2026-03-01 11:12:35,0.13,57.28,4.63,48,48,0,79.54,4.59,0,Normal
2026-03-01 11:12:36,0.01,59.02,5.13,42,42,0,67.57,6.27,0,Normal
2026-03-01 11:12:37,0.17,28.56,4.86,56,56,0,93.56,3.27,0,Normal
2026-03-01 11:12:38,0.48,30.89,4.06,55,55,0,91.25,3.46,0,Normal
2026-03-01 11:12:39,0.78,29.28,3.98,42,42,0,70.14,3.34,0,Normal
2026-03-01 11:12:40,0.23,24.37,5.68,56,56,0,95.52,5.49,0,Normal
2026-03-01 11:12:41,0.12,26.39,2.51,47,47,0,81.11,2.31,0,Normal
2026-03-01 11:12:42,0.53,31.33,3.92,48,48,0,80.87,3.17,0,Normal
2026-03-01 11:12:43,0.25,31.31,2.59,52,52,0,85.58,3.25,0,Normal
2026-03-01 11:12:44,0.03,35.47,3.1,47,47,0,78.38,4.11,0,Normal
2026-03-01 11:12:45,0.77,67.97,1.0,43,43,0,71.08,1.22,0,Normal
2026-03-01 11:12:46,0.37,56.68,2.24,42,42,0,70.75,2.6,0,Normal
2026-03-01 11:12:47,0.01,28.81,2.73,60,60,0,100.1,2.92,0,Normal
2026-03-01 11:12:48,0.0,26.84,2.74,60,60,0,102.15,2.38,0,Normal
2026-03-01 11:12:49,0.03,21.36,2.86,46,46,0,76.01,3.81,0,Normal
2026-03-01 11:12:50,0.6,31.39,1.95,54,54,0,94.0,2.18,0,Normal
2026-03-01 11:12:51,0.23,67.17,2.86,60,60,0,98.59,3.75,0,Normal
2026-03-01 11:12:52,0.14,21.54,5.41,54,54,0,91.18,5.21,0,Normal
2026-03-01 11:12:53,0.1,25.75,2.9,42,42,0,68.14,2.7,0,Normal
2026-03-01 11:12:54,0.25,25.17,5.95,50,50,0,85.57,3.94,0,Normal
2026-03-01 11:12:55,0.03,55.37,5.78,43,43,0,72.31,5.03,0,Normal
2026-03-01 11:12:56,0.34,27.78,2.55,48,48,0,80.95,2.32,0,Normal
2026-03-01 11:12:57,0.17,21.13,4.29,42,42,0,69.21,4.27,0,Normal
2026-03-01 11:12:58,0.68,71.95,1.84,54,54,0,92.35,1.8,0,Normal
2026-03-01 11:12:59,0.49,29.61,2.07,53,53,0,90.0,2.76,0,Normal
2026-03-01 11:13:00,0.01,30.36,3.49,60,60,0,99.98,3.51,0,Normal
2026-03-01 11:13:01,0.06,30.65,4.17,42,42,0,70.54,5.33,0,Normal
2026-03-01 11:13:02,0.22,64.02,6.86,42,42,0,69.22,4.82,0,Normal
2026-03-01 11:13:03,0.38,50.06,3.09,48,48,0,79.19,3.26,0,Normal
2026-03-01 11:13:04,0.44,23.45,3.59,42,42,0,69.64,3.7,0,Normal
2026-03-01 11:13:05,0.59,31.93,3.47,47,47,0,78.55,2.51,0,Normal
2026-03-01 11:13:06,0.02,27.21,7.44,48,48,0,80.64,5.92,0,Normal
2026-03-01 11:13:07,0.01,34.75,6.07,60,60,0,100.73,6.08,0,Normal
2026-03-01 11:13:08,0.32,31.37,3.95,42,42,0,69.26,4.01,0,Normal
2026-03-01 11:13:09,0.45,39.51,4.75,50,50,0,85.14,6.26,0,Normal
2026-03-01 11:13:10,0.54,27.45,3.89,43,43,0,73.87,2.84,0,Normal
2026-03-01 11:13:11,0.06,56.62,5.39,60,60,0,102.17,4.54,0,Normal
2026-03-01 11:13:12,1.21,30.04,4.89,57,56,1,95.14,3.88,0,Normal
2026-03-01 11:13:13,0.09,27.57,2.9,42,42,0,66.81,3.55,0,Normal
2026-03-01 11:13:14,0.1,31.21,3.47,52,52,0,85.86,2.68,0,Normal
2026-03-01 11:13:15,0.06,31.98,3.57,53,53,0,86.81,4.71,0,Normal
2026-03-01 11:13:16,0.02,24.79,3.55,42,42,0,67.9,4.78,0,Normal
2026-03-01 11:13:17,0.58,21.95,2.64,60,60,0,102.52,1.82,0,Normal
2026-03-01 11:13:18,0.0,60.25,3.86,52,52,0,89.9,2.99,0,Normal
2026-03-01 11:13:19,0.22,51.18,2.64,49,49,0,82.33,2.4,0,Normal
2026-03-01 11:13:20,0.03,28.48,2.55,47,47,0,79.67,3.3,0,Normal
2026-03-01 11:13:21,0.02,25.56,3.15,50,50,0,83.46,2.2,0,Normal
2026-03-01 11:13:22,0.95,33.17,3.75,51,51,0,87.43,3.28,0,Normal
2026-03-01 11:13:23,0.61,59.48,5.76,47,47,0,79.38,6.69,0,Normal
2026-03-01 11:13:24,0.18,28.04,4.57,45,45,0,74.82,5.39,0,Normal
2026-03-01 11:13:25,0.21,37.46,5.47,51,51,0,86.52,4.84,0,Normal
2026-03-01 11:13:26,0.71,52.98,7.37,42,42,0,70.29,10.1,0,Normal
2026-03-01 11:13:27,0.56,65.44,2.55,58,58,0,97.73,2.25,0,Normal
2026-03-01 11:13:28,0.41,60.65,4.57,60,60,0,101.84,4.99,0,Normal
2026-03-01 11:13:29,0.27,65.07,4.66,44,44,0,79.56,5.09,0,Normal
2026-03-01 11:13:30,0.33,29.0,3.73,47,47,0,81.64,4.62,0,Normal
2026-03-01 11:13:31,0.17,47.53,4.96,46,46,0,77.51,4.39,0,Normal
2026-03-01 11:13:32,0.26,21.53,3.45,45,45,0,74.19,3.21,0,Normal
2026-03-01 11:13:33,0.27,53.18,4.49,54,54,0,87.34,4.2,0,Normal
2026-03-01 11:13:34,0.7,12.0,1.76,42,42,0,72.49,1.14,0,Normal
2026-03-01 11:13:35,0.09,26.0,3.32,45,45,0,77.28,3.94,0,Normal
2026-03-01 11:13:36,0.1,25.38,4.57,50,50,0,83.06,5.55,0,Normal
2026-03-01 11:13:37,0.08,36.41,5.27,42,42,0,70.43,6.63,0,Normal
2026-03-01 11:13:38,0.3,24.38,2.25,60,60,0,101.11,2.64,0,Normal
2026-03-01 11:13:39,0.42,26.4,3.2,46,46,0,78.17,3.44,0,Normal
2026-03-01 11:13:40,0.1,27.52,2.06,42,42,0,73.04,2.16,0,Normal
2026-03-01 11:13:41,0.4,24.46,2.79,53,53,0,87.09,3.11,0,Normal
2026-03-01 11:13:42,0.35,32.32,3.83,51,51,0,86.69,2.32,0,Normal
2026-03-01 11:13:43,0.14,16.05,5.29,57,57,0,96.09,5.07,0,Normal
2026-03-01 11:13:44,0.09,34.82,4.99,42,42,0,69.79,3.15,0,Normal
2026-03-01 11:13:45,0.75,52.22,3.67,44,44,0,75.13,3.64,0,Normal
2026-03-01 11:13:46,0.3,35.81,2.48,43,43,0,72.07,1.78,0,Normal
2026-03-01 11:13:47,0.43,12.0,3.12,50,50,0,83.88,1.89,0,Normal
2026-03-01 11:13:48,0.91,13.38,10.4,55,55,0,92.87,12.32,0,Normal
2026-03-01 11:13:49,0.08,58.32,1.77,58,58,0,96.75,2.06,0,Normal
2026-03-01 11:13:50,0.15,31.04,1.93,60,60,0,101.78,1.75,0,Normal
2026-03-01 11:13:51,0.2,24.67,3.59,57,57,0,95.16,2.34,0,Normal
2026-03-01 11:13:52,0.09,64.54,4.56,43,43,0,74.78,6.3,0,Normal
2026-03-01 11:13:53,0.64,63.62,4.9,51,51,0,86.02,3.53,0,Normal
2026-03-01 11:13:54,0.03,49.68,3.78,42,42,0,69.55,3.74,0,Normal
2026-03-01 11:13:55,0.1,28.62,1.68,51,51,0,86.14,1.37,0,Normal
2026-03-01 11:13:56,0.07,65.39,3.01,59,59,0,100.6,2.12,0,Normal
2026-03-01 11:13:57,1.07,24.31,1.5,48,47,1,76.6,1.52,0,Normal
2026-03-01 11:13:58,0.35,61.94,3.97,48,48,0,82.54,3.0,0,Normal
2026-03-01 11:13:59,0.44,64.72,4.08,53,53,0,89.55,3.62,0,Normal
2026-03-01 11:14:00,0.04,44.87,3.14,50,50,0,83.95,3.4,0,Normal
2026-03-01 11:14:01,0.08,31.09,1.95,59,59,0,98.09,1.77,0,Normal
2026-03-01 11:14:02,0.58,64.52,2.3,53,53,0,89.56,2.33,0,Normal
2026-03-01 11:14:03,0.29,23.57,1.6,46,46,0,75.95,1.26,0,Normal
2026-03-01 11:14:04,0.02,30.7,3.24,50,50,0,81.02,3.75,0,Normal
2026-03-01 11:14:05,0.29,30.28,13.81,42,42,0,69.49,15.3,0,Normal
2026-03-01 11:14:06,0.23,26.71,3.17,47,47,0,78.55,3.66,0,Normal
2026-03-01 11:14:07,0.06,27.11,2.75,46,46,0,78.2,2.4,0,Normal
2026-03-01 11:14:08,0.31,30.5,3.66,55,55,0,92.07,4.95,0,Normal
2026-03-01 11:14:09,0.07,33.81,1.98,50,50,0,82.28,2.17,0,Normal
2026-03-01 11:14:10,0.58,29.21,2.01,54,54,0,89.73,1.41,0,Normal
2026-03-01 11:14:11,0.34,54.36,2.51,51,51,0,85.71,3.47,0,Normal
2026-03-01 11:14:12,0.72,55.32,4.94,59,59,0,100.09,5.22,0,Normal
2026-03-01 11:14:13,0.19,25.56,3.86,60,60,0,102.02,4.47,0,Normal
2026-03-01 11:14:14,0.25,53.72,3.09,57,57,0,93.72,2.77,0,Normal
2026-03-01 11:14:15,0.5,30.99,4.65,46,46,0,77.36,4.44,0,Normal
2026-03-01 11:14:16,0.28,56.24,7.16,42,42,0,71.72,8.49,0,Normal
2026-03-01 11:14:17,0.3,32.36,4.62,59,59,0,97.81,5.98,0,Normal
2026-03-01 11:14:18,0.28,63.46,2.1,42,42,0,73.26,2.87,0,Normal
2026-03-01 11:14:19,0.24,58.24,1.42,42,42,0,69.82,1.98,0,Normal
2026-03-01 11:14:20,0.57,27.96,1.51,53,53,0,90.57,1.63,0,Normal
2026-03-01 11:14:21,0.23,29.84,4.91,42,42,0,71.6,3.29,0,Normal
2026-03-01 11:14:22,0.81,28.78,2.36,48,48,0,79.61,2.51,0,Normal
2026-03-01 11:14:23,0.58,27.92,4.8,60,60,0,100.82,3.66,0,Normal
2026-03-01 11:14:24,0.41,27.2,2.71,42,42,0,72.61,3.03,0,Normal
2026-03-01 11:14:25,0.8,34.64,3.95,48,48,0,79.83,3.43,0,Normal
2026-03-01 11:14:26,0.27,22.83,4.55,52,52,0,87.63,4.63,0,Normal
2026-03-01 11:14:27,0.6,26.96,2.33,55,55,0,90.14,2.63,0,Normal
2026-03-01 11:14:28,0.1,65.04,4.81,53,53,0,89.58,6.38,0,Normal
2026-03-01 11:14:29,0.03,71.19,2.47,59,59,0,98.51,3.05,0,Normal
2026-03-01 11:14:30,0.4,23.44,2.42,60,60,0,101.59,1.49,0,Normal
2026-03-01 11:14:31,0.13,32.4,4.8,50,50,0,82.73,3.47,0,Normal
2026-03-01 11:14:32,0.35,19.46,4.41,46,46,0,77.76,5.71,0,Normal
2026-03-01 11:14:33,0.03,31.96,4.08,56,56,0,93.55,4.88,0,Normal
2026-03-01 11:14:34,1.09,25.06,2.02,55,54,1,86.76,1.45,0,Normal
2026-03-01 11:14:35,0.25,53.16,2.79,46,46,0,77.41,2.99,0,Normal
2026-03-01 11:14:36,0.0,39.5,4.53,60,60,0,102.69,4.84,0,Normal
2026-03-01 11:14:37,0.23,35.11,9.28,58,58,0,95.8,11.32,0,Normal
2026-03-01 11:14:38,0.55,20.7,7.5,44,44,0,72.95,9.38,0,Normal
2026-03-01 11:14:39,0.7,41.14,2.69,49,49,0,84.31,3.06,0,Normal
2026-03-01 11:14:40,0.22,55.81,2.47,48,48,0,81.47,2.89,0,Normal
2026-03-01 11:14:41,0.05,71.21,7.23,42,42,0,70.07,8.2,0,Normal
2026-03-01 11:14:42,0.83,27.57,4.35,52,52,0,87.8,3.14,0,Normal
2026-03-01 11:14:43,1.39,39.71,2.69,50,49,1,81.38,3.09,0,Normal
2026-03-01 11:14:44,0.02,23.09,3.51,52,52,0,91.07,3.43,0,Normal
2026-03-01 11:14:45,0.03,25.34,1.89,58,58,0,98.77,2.62,0,Normal
2026-03-01 11:14:46,0.29,56.8,5.23,57,57,0,98.32,6.1,0,Normal
2026-03-01 11:14:47,0.27,19.44,6.23,43,43,0,72.38,5.61,0,Normal
2026-03-01 11:14:48,0.31,64.72,6.64,43,43,0,70.33,8.82,0,Normal
2026-03-01 11:14:49,0.13,30.97,5.51,42,42,0,71.32,4.32,0,Normal
2026-03-01 11:14:50,0.02,70.29,2.87,42,42,0,72.44,2.8,0,Normal
2026-03-01 11:14:51,0.3,31.13,4.96,57,57,0,97.71,3.23,0,Normal
2026-03-01 11:14:52,0.06,29.02,6.41,46,46,0,74.75,7.07,0,Normal
2026-03-01 11:14:53,0.15,18.92,5.08,55,55,0,92.72,5.32,0,Normal
2026-03-01 11:14:54,0.31,33.81,4.87,47,47,0,76.56,4.89,0,Normal
2026-03-01 11:14:55,0.08,63.42,3.62,60,60,0,99.92,2.77,0,Normal
2026-03-01 11:14:56,0.27,32.63,2.21,56,56,0,94.96,2.2,0,Normal
2026-03-01 11:14:57,0.44,60.27,7.65,46,46,0,79.28,7.4,0,Normal
2026-03-01 11:14:58,0.02,25.27,3.27,54,54,0,91.05,2.02,0,Normal
2026-03-01 11:14:59,0.34,21.37,5.73,56,56,0,92.36,4.19,0,Normal
2026-03-01 11:15:00,0.25,51.5,10.13,45,45,0,76.5,13.38,0,Normal
2026-03-01 11:15:01,0.04,53.18,5.0,52,52,0,86.08,6.15,0,Normal
2026-03-01 11:15:02,0.43,35.25,5.63,60,60,0,100.36,3.92,0,Normal
2026-03-01 11:15:03,0.13,51.51,2.18,49,49,0,82.46,3.0,0,Normal
2026-03-01 11:15:04,0.07,37.85,2.39,48,48,0,79.64,2.33,0,Normal
2026-03-01 11:15:05,0.12,29.69,5.87,60,60,0,101.75,7.04,0,Normal
2026-03-01 11:15:06,0.28,57.4,2.59,42,42,0,71.69,2.68,0,Normal
2026-03-01 11:15:07,0.3,26.22,1.82,56,56,0,95.62,2.2,0,Normal
2026-03-01 11:15:08,0.07,25.78,1.57,47,47,0,81.1,1.78,0,Normal
2026-03-01 11:15:09,0.97,29.49,3.01,55,54,1,90.51,1.96,0,Normal
2026-03-01 11:15:10,0.14,30.62,2.99,51,51,0,83.84,3.99,0,Normal
2026-03-01 11:15:11,0.11,35.39,5.2,56,56,0,92.38,6.32,0,Normal
2026-03-01 11:15:12,0.07,28.12,2.13,42,42,0,73.16,1.65,0,Normal
2026-03-01 11:15:13,0.04,40.8,6.17,50,50,0,86.42,4.82,0,Normal
2026-03-01 11:15:14,1.41,25.56,1.92,51,50,1,86.01,2.21,0,Normal
2026-03-01 11:15:15,0.39,37.34,1.95,50,50,0,83.12,2.26,0,Normal
2026-03-01 11:15:16,0.54,57.84,3.53,51,51,0,88.21,2.37,0,Normal
2026-03-01 11:15:17,0.18,32.43,3.4,45,45,0,75.35,4.5,0,Normal
2026-03-01 11:15:18,0.19,63.34,4.31,43,43,0,72.75,5.16,0,Normal
2026-03-01 11:15:19,1.52,56.04,1.96,60,59,1,100.36,2.71,0,Normal
2026-03-01 11:15:20,0.08,35.76,3.89,60,60,0,102.69,3.68,0,Normal
2026-03-01 11:15:21,0.14,37.37,1.56,50,50,0,84.81,1.04,0,Normal
2026-03-01 11:15:22,0.08,30.04,1.24,47,47,0,81.02,1.64,0,Normal
2026-03-01 11:15:23,0.12,26.42,7.56,60,60,0,100.82,9.45,0,Normal
2026-03-01 11:15:24,0.38,20.22,5.32,46,46,0,76.98,3.19,0,Normal
2026-03-01 11:15:25,0.13,27.41,3.31,49,49,0,81.84,3.39,0,Normal
2026-03-01 11:15:26,0.73,20.01,1.34,49,49,0,80.6,0.81,0,Normal
2026-03-01 11:15:27,0.02,26.14,2.7,54,54,0,86.52,2.38,0,Normal
2026-03-01 11:15:28,0.15,27.62,4.06,50,50,0,85.56,5.26,0,Normal
2026-03-01 11:15:29,0.69,13.84,2.7,42,42,0,70.21,3.07,0,Normal
2026-03-01 11:15:30,0.34,63.8,6.7,44,44,0,75.03,8.58,0,Normal
2026-03-01 11:15:31,0.52,20.57,4.41,60,60,0,101.7,4.61,0,Normal
2026-03-01 11:15:32,0.14,26.88,2.19,43,43,0,72.48,2.67,0,Normal
2026-03-01 11:15:33,0.16,31.2,1.62,48,48,0,82.06,1.6,0,Normal
2026-03-01 11:15:34,0.77,35.85,4.92,49,49,0,83.93,4.93,0,Normal
2026-03-01 11:15:35,0.48,23.25,4.85,51,51,0,84.25,5.23,0,Normal
2026-03-01 11:15:36,0.17,12.94,4.67,42,42,0,72.86,3.32,0,Normal
2026-03-01 11:15:37,0.08,34.47,7.09,44,44,0,75.22,7.9,0,Normal
2026-03-01 11:15:38,0.04,49.19,4.08,46,46,0,75.97,5.24,0,Normal
2026-03-01 11:15:39,0.69,30.16,3.46,55,55,0,91.43,2.52,0,Normal
2026-03-01 11:15:40,0.42,30.53,4.68,59,59,0,97.26,4.22,0,Normal
2026-03-01 11:15:41,0.33,12.0,5.79,60,60,0,101.74,7.73,0,Normal
2026-03-01 11:15:42,0.52,18.31,4.52,48,48,0,80.37,3.84,0,Normal
2026-03-01 11:15:43,0.86,25.24,3.37,42,42,0,66.82,4.38,0,Normal
2026-03-01 11:15:44,0.5,12.5,5.13,46,46,0,76.45,5.71,0,Normal
2026-03-01 11:15:45,0.19,63.24,3.47,42,42,0,69.99,4.42,0,Normal
2026-03-01 11:15:46,0.07,28.74,2.67,45,45,0,75.76,1.9,0,Normal
2026-03-01 11:15:47,0.44,27.47,3.51,47,47,0,76.65,4.31,0,Normal
2026-03-01 11:15:48,0.1,29.82,2.88,44,44,0,74.09,1.79,0,Normal
2026-03-01 11:15:49,0.53,66.37,3.19,60,60,0,103.05,2.92,0,Normal
2026-03-01 11:15:50,0.14,17.91,2.27,50,50,0,84.28,1.87,0,Normal
2026-03-01 11:15:51,0.06,20.29,5.2,57,57,0,96.64,5.79,0,Normal
2026-03-01 11:15:52,0.1,51.86,3.66,48,48,0,82.99,4.43,0,Normal
2026-03-01 11:15:53,0.11,54.06,4.57,48,48,0,80.5,4.0,0,Normal
2026-03-01 11:15:54,0.17,22.2,4.12,42,42,0,70.37,5.24,0,Normal
2026-03-01 11:15:55,0.1,29.55,2.21,53,53,0,89.56,2.3,0,Normal
2026-03-01 11:15:56,0.09,32.84,6.02,47,47,0,77.63,7.24,0,Normal
2026-03-01 11:15:57,0.17,29.43,3.0,51,51,0,84.64,3.54,0,Normal
2026-03-01 11:15:58,0.71,26.51,2.82,54,54,0,87.66,2.01,0,Normal
2026-03-01 11:15:59,0.03,51.53,3.66,58,58,0,100.87,4.33,0,Normal
2026-03-01 11:16:00,0.12,53.15,3.69,44,44,0,75.17,4.65,0,Normal
2026-03-01 11:16:01,0.29,28.58,10.7,60,60,0,99.38,6.72,0,Normal
2026-03-01 11:16:02,0.73,53.13,4.34,48,48,0,82.18,3.17,0,Normal
2026-03-01 11:16:03,0.12,64.59,2.67,55,55,0,91.19,2.71,0,Normal
2026-03-01 11:16:04,0.15,52.14,7.8,52,52,0,87.46,5.05,0,Normal
2026-03-01 11:16:05,0.56,61.02,1.59,60,60,0,100.89,1.42,0,Normal
2026-03-01 11:16:06,0.16,26.07,2.67,57,57,0,95.09,3.4,0,Normal
2026-03-01 11:16:07,0.67,25.96,2.59,47,47,0,77.74,1.76,0,Normal
2026-03-01 11:16:08,0.21,29.9,3.31,42,42,0,72.37,2.36,0,Normal
2026-03-01 11:16:09,0.29,22.51,3.88,50,50,0,84.13,2.7,0,Normal
2026-03-01 11:16:10,0.29,20.77,4.04,45,45,0,78.12,4.18,0,Normal
2026-03-01 11:16:11,0.04,31.02,4.01,60,60,0,99.24,3.38,0,Normal
2026-03-01 11:16:12,0.15,24.81,4.41,42,42,0,69.85,5.52,0,Normal
2026-03-01 11:16:13,0.1,25.93,3.23,52,52,0,87.29,3.44,0,Normal
2026-03-01 11:16:14,0.4,16.43,5.93,60,60,0,102.45,6.74,0,Normal
2026-03-01 11:16:15,0.95,33.78,1.61,52,52,0,86.18,1.36,0,Normal
2026-03-01 11:16:16,0.08,31.14,1.05,60,60,0,101.66,1.05,0,Normal
2026-03-01 11:16:17,0.03,32.25,4.63,60,60,0,101.31,4.15,0,Normal
2026-03-01 11:16:18,0.25,30.32,2.86,54,54,0,92.86,2.85,0,Normal
2026-03-01 11:16:19,0.17,46.94,7.19,55,55,0,93.15,8.27,0,Normal
2026-03-01 11:16:20,0.01,29.37,5.31,47,47,0,76.27,5.1,0,Normal
2026-03-01 11:16:21,0.89,24.35,4.33,42,42,0,69.04,2.83,0,Normal
2026-03-01 11:16:22,0.99,22.22,2.67,46,46,0,75.84,2.39,0,Normal
2026-03-01 11:16:23,0.66,31.0,4.5,47,47,0,78.28,5.9,0,Normal
2026-03-01 11:16:24,0.12,37.95,2.78,42,42,0,72.55,3.5,0,Normal
2026-03-01 11:16:25,0.05,36.96,3.41,58,58,0,97.04,4.32,0,Normal
2026-03-01 11:16:26,0.31,50.51,2.87,56,56,0,94.13,2.14,0,Normal
2026-03-01 11:16:27,0.12,57.45,3.73,51,51,0,85.34,2.48,0,Normal
2026-03-01 11:16:28,0.08,26.71,2.97,47,47,0,79.77,3.71,0,Normal
2026-03-01 11:16:29,0.36,22.57,5.21,55,55,0,91.32,5.9,0,Normal
2026-03-01 11:16:30,0.49,26.38,4.07,55,55,0,92.14,4.1,0,Normal
2026-03-01 11:16:31,0.26,33.45,2.64,42,42,0,70.29,3.04,0,Normal
2026-03-01 11:16:32,0.13,55.4,2.71,51,51,0,85.57,3.65,0,Normal
2026-03-01 11:16:33,0.25,23.1,1.87,56,56,0,93.23,1.32,0,Normal
2026-03-01 11:16:34,0.32,16.03,1.38,42,42,0,68.56,1.01,0,Normal
2026-03-01 11:16:35,0.02,24.81,5.05,46,46,0,78.68,5.42,0,Normal
2026-03-01 11:16:36,0.21,33.42,2.83,55,55,0,92.23,3.3,0,Normal
2026-03-01 11:16:37,0.32,64.44,1.92,43,43,0,73.93,2.14,0,Normal
2026-03-01 11:16:38,0.05,35.86,4.06,51,51,0,86.4,3.26,0,Normal
2026-03-01 11:16:39,0.21,35.71,2.4,60,60,0,101.57,2.63,0,Normal
2026-03-01 11:16:40,0.15,22.9,3.22,54,54,0,92.42,3.37,0,Normal
2026-03-01 11:16:41,0.71,23.07,1.86,42,42,0,74.46,1.15,0,Normal
2026-03-01 11:16:42,0.24,20.06,4.45,55,55,0,94.36,4.88,0,Normal
2026-03-01 11:16:43,0.19,24.01,3.45,52,52,0,88.69,3.32,0,Normal
2026-03-01 11:16:44,0.1,33.48,4.16,56,56,0,94.52,5.33,0,Normal
2026-03-01 11:16:45,1.11,37.75,2.74,45,45,0,77.49,3.08,0,Normal
2026-03-01 11:16:46,1.14,30.07,3.71,43,43,0,71.12,3.85,0,Normal
2026-03-01 11:16:47,0.16,26.47,1.72,43,43,0,73.12,2.27,0,Normal
2026-03-01 11:16:48,0.93,21.6,9.24,54,53,1,90.96,10.45,0,Normal
2026-03-01 11:16:49,0.34,27.32,4.0,48,48,0,82.07,3.2,0,Normal
2026-03-01 11:16:50,0.53,42.27,7.16,60,60,0,100.69,6.97,0,Normal
2026-03-01 11:16:51,0.03,19.22,2.95,48,48,0,81.32,3.35,0,Normal
2026-03-01 11:16:52,0.01,33.53,2.07,43,43,0,71.75,2.6,0,Normal
2026-03-01 11:16:53,0.25,53.22,2.66,48,48,0,79.49,2.2,0,Normal
2026-03-01 11:16:54,0.03,33.17,3.26,51,51,0,87.86,3.85,0,Normal
2026-03-01 11:16:55,0.78,47.62,3.15,42,42,0,69.91,3.61,0,Normal
2026-03-01 11:16:56,0.6,59.43,7.67,52,52,0,86.7,5.51,0,Normal
2026-03-01 11:16:57,0.44,23.79,2.26,46,46,0,76.65,1.63,0,Normal
2026-03-01 11:16:58,0.01,78.0,2.53,54,54,0,89.68,2.53,0,Normal
2026-03-01 11:16:59,0.21,31.85,4.58,51,51,0,84.59,4.25,0,Normal
2026-03-01 11:17:00,0.03,27.21,1.63,49,49,0,79.73,1.15,0,Normal
2026-03-01 11:17:01,0.92,60.81,3.26,59,58,1,95.11,2.18,0,Normal
2026-03-01 11:17:02,0.33,28.67,3.54,60,60,0,100.51,4.66,0,Normal
2026-03-01 11:17:03,0.06,30.31,4.04,52,52,0,88.04,3.04,0,Normal
2026-03-01 11:17:04,0.29,57.57,3.88,49,49,0,79.81,3.47,0,Normal
2026-03-01 11:17:05,0.04,51.97,8.12,42,42,0,70.83,7.9,0,Normal
2026-03-01 11:17:06,0.06,27.61,2.23,59,59,0,101.04,1.49,0,Normal
2026-03-01 11:17:07,0.03,58.87,2.48,53,53,0,88.33,1.77,0,Normal
2026-03-01 11:17:08,0.72,26.63,4.37,43,43,0,70.76,4.46,0,Normal
2026-03-01 11:17:09,0.28,24.86,3.68,54,54,0,90.63,4.26,0,Normal
2026-03-01 11:17:10,0.14,31.04,3.89,58,58,0,98.22,4.96,0,Normal
2026-03-01 11:17:11,0.0,34.25,1.76,52,52,0,86.52,2.28,0,Normal
2026-03-01 11:17:12,0.22,35.44,8.86,42,42,0,71.99,9.18,0,Normal
2026-03-01 11:17:13,0.25,25.53,4.07,49,49,0,83.02,3.37,0,Normal
2026-03-01 11:17:14,0.14,24.93,1.63,58,58,0,100.04,1.73,0,Normal
2026-03-01 11:17:15,0.23,25.48,4.37,42,42,0,68.04,4.8,0,Normal
2026-03-01 11:17:16,0.04,67.32,2.02,42,42,0,68.44,1.68,0,Normal
2026-03-01 11:17:17,0.89,20.78,5.04,55,55,0,91.77,5.72,0,Normal
2026-03-01 11:17:18,0.1,27.79,1.84,53,53,0,87.03,1.36,0,Normal
2026-03-01 11:17:19,1.04,66.12,5.22,45,45,0,77.96,4.37,0,Normal
2026-03-01 11:17:20,0.24,30.95,1.92,54,54,0,91.07,2.58,0,Normal
2026-03-01 11:17:21,0.68,62.81,2.14,46,46,0,76.79,2.16,0,Normal
2026-03-01 11:17:22,0.3,25.05,3.53,48,48,0,82.97,2.54,0,Normal
2026-03-01 11:17:23,0.65,26.38,2.52,42,42,0,71.0,2.86,0,Normal
2026-03-01 11:17:24,0.0,25.71,2.59,46,46,0,76.97,2.03,0,Normal
2026-03-01 11:17:25,0.07,32.13,1.67,49,49,0,81.15,1.05,0,Normal
2026-03-01 11:17:26,0.15,20.15,2.86,48,48,0,81.47,3.71,0,Normal
2026-03-01 11:17:27,0.12,21.1,4.94,60,60,0,101.58,4.68,0,Normal
2026-03-01 11:17:28,1.03,53.21,7.73,51,50,1,85.02,9.45,0,Normal
2026-03-01 11:17:29,0.18,19.81,4.82,50,50,0,85.21,6.18,0,Normal
2026-03-01 11:17:30,1.25,16.6,4.52,45,44,1,76.1,4.78,0,Normal
2026-03-01 11:17:31,0.37,55.45,1.55,42,42,0,69.32,1.05,0,Normal
2026-03-01 11:17:32,0.63,26.54,3.28,56,56,0,97.44,2.81,0,Normal
2026-03-01 11:17:33,0.18,73.83,2.48,50,50,0,86.7,1.99,0,Normal
2026-03-01 11:17:34,0.07,31.91,1.68,50,50,0,86.58,1.82,0,Normal
2026-03-01 11:17:35,0.02,37.53,1.87,48,48,0,80.33,1.74,0,Normal
2026-03-01 11:17:36,0.37,28.61,4.48,51,51,0,84.61,4.17,0,Normal
2026-03-01 11:17:37,1.25,29.42,2.58,55,54,1,90.88,2.9,0,Normal
2026-03-01 11:17:38,0.04,26.5,1.71,48,48,0,81.07,1.07,0,Normal
2026-03-01 11:17:39,0.52,64.55,2.49,51,51,0,86.97,1.76,0,Normal
2026-03-01 11:17:40,0.16,40.48,3.78,60,60,0,100.55,4.96,0,Normal
2026-03-01 11:17:41,1.76,29.57,2.45,60,59,1,100.5,3.11,0,Normal
2026-03-01 11:17:42,0.71,30.09,1.93,60,60,0,100.28,2.61,0,Normal
2026-03-01 11:17:43,0.09,21.13,2.19,42,42,0,70.63,1.68,0,Normal
2026-03-01 11:17:44,0.51,30.46,4.94,43,43,0,73.32,4.31,0,Normal
2026-03-01 11:17:45,0.46,31.95,1.3,53,53,0,89.22,0.9,0,Normal
2026-03-01 11:17:46,0.5,34.66,2.94,60,60,0,99.79,3.27,0,Normal
2026-03-01 11:17:47,0.03,31.78,3.15,46,46,0,75.93,3.86,0,Normal
2026-03-01 11:17:48,0.58,55.97,2.36,48,48,0,82.24,2.59,0,Normal
2026-03-01 11:17:49,0.11,26.98,2.16,56,56,0,94.82,2.32,0,Normal
2026-03-01 11:17:50,0.31,27.57,5.17,54,54,0,92.8,6.42,0,Normal
2026-03-01 11:17:51,0.04,53.15,5.16,48,48,0,82.36,3.46,0,Normal
2026-03-01 11:17:52,0.29,56.17,3.48,46,46,0,76.86,4.16,0,Normal
2026-03-01 11:17:53,0.83,34.44,2.6,42,42,0,72.07,3.42,0,Normal
2026-03-01 11:17:54,0.07,55.3,3.49,45,45,0,76.13,3.9,0,Normal
2026-03-01 11:17:55,0.68,40.18,3.98,51,51,0,85.51,4.57,0,Normal
2026-03-01 11:17:56,0.2,12.06,3.16,48,48,0,84.61,3.52,0,Normal
2026-03-01 11:17:57,0.14,53.58,4.03,60,60,0,104.32,5.08,0,Normal
2026-03-01 11:17:58,0.02,60.73,2.83,42,42,0,71.54,2.6,0,Normal
2026-03-01 11:17:59,0.26,23.97,0.8,50,50,0,82.73,1.03,0,Normal
2026-03-01 11:18:00,0.08,22.42,3.04,52,52,0,86.64,2.48,0,Normal
2026-03-01 11:18:01,0.99,17.7,4.52,55,54,1,89.91,3.13,0,Normal
2026-03-01 11:18:02,0.1,26.13,3.37,59,59,0,100.34,2.19,0,Normal
2026-03-01 11:18:03,0.31,68.74,3.88,60,60,0,101.38,2.63,0,Normal
2026-03-01 11:18:04,0.29,32.64,2.94,50,50,0,83.53,2.84,0,Normal
2026-03-01 11:18:05,0.14,23.49,3.04,44,44,0,77.02,3.28,0,Normal
2026-03-01 11:18:06,0.67,29.32,3.59,53,53,0,88.4,3.97,0,Normal
2026-03-01 11:18:07,0.07,77.8,7.96,52,52,0,90.16,8.37,0,Normal
2026-03-01 11:18:08,0.59,18.88,4.85,60,60,0,102.56,3.71,0,Normal
2026-03-01 11:18:09,0.08,27.05,4.57,51,51,0,86.65,5.91,0,Normal
2026-03-01 11:18:10,0.01,49.57,3.64,47,47,0,77.79,2.8,0,Normal
2026-03-01 11:18:11,1.01,28.06,1.82,50,49,1,84.73,2.3,0,Normal
2026-03-01 11:18:12,0.35,61.11,5.76,60,60,0,103.76,6.75,0,Normal
2026-03-01 11:18:13,0.35,19.01,4.99,49,49,0,82.67,4.42,0,Normal
2026-03-01 11:18:14,0.11,21.97,3.91,45,45,0,77.47,3.67,0,Normal
2026-03-01 11:18:15,0.05,32.09,3.26,60,60,0,100.95,4.07,0,Normal
2026-03-01 11:18:16,0.43,17.79,4.24,58,58,0,99.7,5.89,0,Normal
2026-03-01 11:18:17,0.26,32.87,2.99,46,46,0,75.86,2.38,0,Normal
2026-03-01 11:18:18,0.13,30.7,4.61,50,50,0,85.48,5.3,0,Normal
2026-03-01 11:18:19,0.13,32.45,2.28,42,42,0,66.78,1.5,0,Normal
2026-03-01 11:18:20,0.77,25.18,1.41,54,54,0,88.97,0.93,0,Normal
2026-03-01 11:18:21,0.77,31.06,1.93,42,42,0,68.97,1.86,0,Normal
2026-03-01 11:18:22,0.11,20.97,3.54,48,48,0,80.66,2.17,0,Normal
2026-03-01 11:18:23,0.55,25.51,2.9,42,42,0,69.23,3.85,0,Normal
2026-03-01 11:18:24,0.09,28.22,3.11,45,45,0,74.29,2.82,0,Normal
2026-03-01 11:18:25,0.58,22.61,1.85,56,56,0,93.81,1.68,0,Normal
2026-03-01 11:18:26,0.05,29.31,3.8,47,47,0,78.77,3.27,0,Normal
2026-03-01 11:18:27,0.5,21.13,2.08,53,53,0,87.31,1.75,0,Normal
2026-03-01 11:18:28,0.28,29.61,4.15,54,54,0,88.71,2.8,0,Normal
2026-03-01 11:18:29,0.04,38.45,1.76,47,47,0,77.68,1.91,0,Normal
2026-03-01 11:18:30,0.33,20.46,2.28,45,45,0,77.1,1.83,0,Normal
2026-03-01 11:18:31,0.07,46.13,2.14,42,42,0,74.52,1.88,0,Normal
2026-03-01 11:18:32,0.08,18.29,4.3,50,50,0,86.19,3.73,0,Normal
2026-03-01 11:18:33,0.21,23.0,2.7,60,60,0,100.26,2.35,0,Normal
2026-03-01 11:18:34,1.17,32.21,4.02,55,54,1,91.34,5.24,0,Normal
2026-03-01 11:18:35,0.78,59.63,5.55,52,52,0,87.36,5.42,0,Normal
2026-03-01 11:18:36,0.61,32.45,7.4,52,52,0,87.15,7.46,0,Normal
2026-03-01 11:18:37,0.67,30.14,3.68,42,42,0,70.72,4.52,0,Normal
2026-03-01 11:18:38,0.24,56.46,2.02,54,54,0,91.14,1.71,0,Normal
2026-03-01 11:18:39,0.16,21.82,5.83,42,42,0,67.94,7.05,0,Normal
2026-03-01 11:18:40,0.75,32.11,6.55,45,45,0,74.67,4.88,0,Normal
2026-03-01 11:18:41,0.03,29.82,3.23,60,60,0,100.74,3.77,0,Normal
2026-03-01 11:18:42,1.94,18.83,6.01,44,43,1,75.82,4.3,0,Normal
2026-03-01 11:18:43,0.28,22.21,3.86,42,42,0,71.52,4.44,0,Normal
2026-03-01 11:18:44,0.27,12.0,1.57,42,42,0,72.21,1.53,0,Normal
2026-03-01 11:18:45,0.12,64.58,2.5,46,46,0,77.11,1.63,0,Normal
2026-03-01 11:18:46,0.07,26.12,2.65,59,59,0,101.28,2.86,0,Normal
2026-03-01 11:18:47,0.4,56.2,2.82,51,51,0,86.11,3.25,0,Normal
2026-03-01 11:18:48,0.16,51.52,2.18,54,54,0,91.96,1.66,0,Normal
2026-03-01 11:18:49,0.13,36.34,2.15,46,46,0,77.54,2.9,0,Normal
2026-03-01 11:18:50,0.06,34.17,6.08,47,47,0,79.79,4.76,0,Normal
2026-03-01 11:18:51,0.27,23.83,1.52,52,52,0,86.65,1.29,0,Normal
2026-03-01 11:18:52,0.31,32.76,2.4,42,42,0,73.3,2.85,0,Normal
2026-03-01 11:18:53,0.2,35.29,4.39,60,60,0,100.08,3.34,0,Normal
2026-03-01 11:18:54,0.0,31.71,2.58,45,45,0,74.18,3.45,0,Normal
2026-03-01 11:18:55,0.24,59.73,3.98,44,44,0,74.16,4.42,0,Normal
2026-03-01 11:18:56,0.11,34.59,2.77,57,57,0,98.57,3.32,0,Normal
2026-03-01 11:18:57,0.05,32.62,4.04,55,55,0,91.38,2.81,0,Normal
2026-03-01 11:18:58,0.3,60.28,2.08,47,47,0,78.69,2.62,0,Normal
2026-03-01 11:18:59,0.39,26.87,1.44,42,42,0,70.94,1.52,0,Normal
2026-03-01 11:19:00,0.26,24.69,2.77,49,49,0,80.33,3.37,0,Normal
2026-03-01 11:19:01,0.33,34.91,1.48,45,45,0,73.54,0.98,0,Normal
2026-03-01 11:19:02,0.33,24.52,3.22,50,50,0,85.69,3.5,0,Normal
2026-03-01 11:19:03,0.05,23.49,1.99,50,50,0,84.11,2.29,0,Normal
2026-03-01 11:19:04,0.09,46.05,2.0,52,52,0,85.77,1.99,0,Normal
2026-03-01 11:19:05,0.0,29.56,6.44,48,48,0,80.17,8.17,0,Normal
2026-03-01 11:19:06,1.4,40.67,3.76,50,49,1,81.48,5.08,0,Normal
2026-03-01 11:19:07,0.08,22.83,1.66,42,42,0,70.57,1.29,0,Normal
2026-03-01 11:19:08,0.59,24.89,3.25,55,55,0,92.69,2.11,0,Normal
2026-03-01 11:19:09,0.53,34.73,3.11,53,53,0,85.82,3.79,0,Normal
2026-03-01 11:19:10,0.43,20.33,1.31,46,46,0,79.28,1.29,0,Normal
2026-03-01 11:19:11,0.21,35.92,3.88,51,51,0,85.79,2.51,0,Normal
2026-03-01 11:19:12,0.31,20.76,5.1,42,42,0,69.6,3.42,0,Normal
2026-03-01 11:19:13,0.07,31.66,2.74,60,60,0,102.13,2.15,0,Normal
2026-03-01 11:19:14,0.04,69.41,2.91,58,58,0,95.89,1.76,0,Normal
2026-03-01 11:19:15,0.15,28.27,2.58,47,47,0,78.49,2.52,0,Normal
2026-03-01 11:19:16,0.61,19.78,3.95,48,48,0,78.82,3.54,0,Normal
2026-03-01 11:19:17,0.29,39.56,2.97,51,51,0,86.8,1.89,0,Normal
2026-03-01 11:19:18,0.51,21.57,3.02,42,42,0,72.35,2.4,0,Normal
2026-03-01 11:19:19,0.77,58.63,2.31,42,42,0,71.14,2.75,0,Normal
2026-03-01 11:19:20,0.29,31.21,8.32,49,49,0,82.04,10.37,0,Normal
2026-03-01 11:19:21,0.16,61.82,2.95,55,55,0,90.49,1.78,0,Normal
2026-03-01 11:19:22,0.68,45.07,4.55,47,47,0,78.27,3.12,0,Normal
2026-03-01 11:19:23,0.09,23.73,3.74,50,50,0,84.35,5.23,0,Normal
2026-03-01 11:19:24,0.01,67.72,1.05,60,60,0,99.94,1.17,0,Normal
2026-03-01 11:19:25,0.02,62.58,2.81,54,54,0,90.04,3.23,0,Normal
2026-03-01 11:19:26,0.31,20.7,1.98,48,48,0,78.96,1.79,0,Normal
2026-03-01 11:19:27,0.78,30.38,5.15,42,42,0,69.44,5.17,0,Normal
2026-03-01 11:19:28,0.29,33.26,1.88,47,47,0,76.76,1.89,0,Normal
2026-03-01 11:19:29,0.18,31.32,4.15,52,52,0,87.77,3.64,0,Normal
2026-03-01 11:19:30,0.3,31.86,5.2,46,46,0,77.35,5.99,0,Normal
2026-03-01 11:19:31,0.39,16.45,3.77,46,46,0,77.42,3.99,0,Normal
2026-03-01 11:19:32,0.5,25.23,3.33,51,51,0,85.14,4.51,0,Normal
2026-03-01 11:19:33,0.15,26.64,2.78,42,42,0,69.67,1.68,0,Normal
2026-03-01 11:19:34,0.17,57.65,3.14,44,44,0,73.47,4.11,0,Normal
2026-03-01 11:19:35,0.01,24.51,1.82,56,56,0,93.44,2.47,0,Normal
2026-03-01 11:19:36,0.37,14.19,3.6,55,55,0,92.63,2.58,0,Normal
2026-03-01 11:19:37,0.52,21.98,5.33,52,52,0,90.11,4.14,0,Normal
2026-03-01 11:19:38,0.25,24.03,2.24,60,60,0,100.52,1.44,0,Normal
2026-03-01 11:19:39,0.17,69.01,3.35,43,43,0,71.35,2.64,0,Normal
2026-03-01 11:19:40,0.14,33.81,3.17,54,54,0,90.35,3.52,0,Normal
2026-03-01 11:19:41,0.36,56.78,3.82,46,46,0,76.54,2.96,0,Normal
2026-03-01 11:19:42,0.14,30.68,2.61,50,50,0,83.26,3.34,0,Normal
2026-03-01 11:19:43,0.32,61.94,1.68,51,51,0,84.8,2.24,0,Normal
2026-03-01 11:19:44,0.92,64.62,2.01,44,44,0,74.95,1.25,0,Normal
2026-03-01 11:19:45,0.14,58.69,1.17,60,60,0,101.81,1.18,0,Normal
2026-03-01 11:19:46,0.02,25.13,4.71,49,49,0,83.67,2.88,0,Normal
2026-03-01 11:19:47,0.73,31.17,3.97,55,55,0,94.07,4.35,0,Normal
2026-03-01 11:19:48,0.11,21.96,3.3,60,60,0,100.25,2.9,0,Normal
2026-03-01 11:19:49,1.56,31.45,2.43,45,44,1,71.57,3.1,0,Normal
2026-03-01 11:19:50,0.64,25.11,3.09,48,48,0,83.59,4.12,0,Normal
2026-03-01 11:19:51,0.19,24.43,3.28,48,48,0,77.25,3.27,0,Normal
2026-03-01 11:19:52,0.35,69.35,2.63,49,49,0,81.81,3.58,0,Normal
2026-03-01 11:19:53,0.11,21.46,2.67,57,57,0,93.62,3.46,0,Normal
2026-03-01 11:19:54,0.03,55.85,5.99,42,42,0,71.16,4.05,0,Normal
2026-03-01 11:19:55,0.26,30.04,1.89,56,56,0,92.64,1.67,0,Normal
2026-03-01 11:19:56,0.19,14.15,5.19,54,54,0,92.42,4.53,0,Normal
2026-03-01 11:19:57,1.23,34.55,1.61,44,43,1,72.59,1.35,0,Normal
2026-03-01 11:19:58,0.32,32.9,6.84,42,42,0,72.83,8.47,0,Normal
2026-03-01 11:19:59,0.48,16.87,1.13,43,43,0,72.39,0.95,0,Normal
2026-03-01 11:20:00,0.05,46.48,4.09,50,50,0,85.74,3.7,0,Normal
2026-03-01 11:20:01,0.45,33.05,2.47,54,54,0,89.09,1.65,0,Normal
2026-03-01 11:20:02,0.02,54.84,3.08,55,55,0,93.88,3.13,0,Normal
2026-03-01 11:20:03,0.33,65.25,3.12,53,53,0,88.84,2.17,0,Normal
2026-03-01 11:20:04,0.64,19.44,4.36,48,48,0,81.0,5.65,0,Normal
2026-03-01 11:20:05,0.23,43.25,1.37,60,60,0,102.19,1.7,0,Normal
2026-03-01 11:20:06,0.08,54.13,3.27,60,60,0,101.38,2.76,0,Normal
2026-03-01 11:20:07,0.21,53.75,3.61,46,46,0,76.09,2.18,0,Normal
2026-03-01 11:20:08,0.64,57.88,2.47,53,53,0,88.31,1.62,0,Normal
2026-03-01 11:20:09,0.44,70.06,3.16,53,53,0,87.45,2.45,0,Normal
2026-03-01 11:20:10,0.33,28.75,2.46,60,60,0,101.87,2.46,0,Normal
2026-03-01 11:20:11,0.41,30.5,4.26,50,50,0,83.48,5.05,0,Normal
2026-03-01 11:20:12,0.63,47.92,3.91,51,51,0,85.01,2.66,0,Normal
2026-03-01 11:20:13,0.06,52.05,3.66,46,46,0,77.58,4.27,0,Normal
2026-03-01 11:20:14,0.65,14.09,4.47,42,42,0,70.2,4.64,0,Normal
2026-03-01 11:20:15,0.58,28.2,5.82,52,52,0,89.11,6.38,0,Normal
2026-03-01 11:20:16,0.23,19.53,2.13,54,54,0,91.9,2.85,0,Normal
2026-03-01 11:20:17,0.18,30.1,9.02,45,45,0,76.68,12.29,0,Normal
2026-03-01 11:20:18,0.94,28.89,3.96,46,46,0,76.66,4.72,0,Normal
2026-03-01 11:20:19,0.6,28.75,2.65,58,58,0,98.5,3.06,0,Normal
2026-03-01 11:20:20,1.57,58.38,9.34,42,41,1,69.64,11.31,0,Normal
2026-03-01 11:20:21,0.36,34.22,2.75,44,44,0,72.1,3.14,0,Normal
2026-03-01 11:20:22,0.01,30.85,1.93,56,56,0,93.71,1.17,0,Normal
2026-03-01 11:20:23,0.06,62.35,2.64,57,57,0,95.5,3.69,0,Normal
2026-03-01 11:20:24,0.6,59.14,2.58,50,50,0,86.24,2.87,0,Normal
2026-03-01 11:20:25,0.36,26.74,5.41,53,53,0,88.41,5.36,0,Normal
2026-03-01 11:20:26,0.08,19.99,3.16,60,60,0,101.52,3.04,0,Normal
2026-03-01 11:20:27,0.0,23.45,3.47,50,50,0,85.95,2.73,0,Normal
2026-03-01 11:20:28,0.11,61.07,3.42,42,42,0,69.18,3.35,0,Normal
2026-03-01 11:20:29,0.05,36.16,5.61,44,44,0,74.34,6.66,0,Normal
2026-03-01 11:20:30,0.73,34.48,2.87,45,45,0,78.65,2.31,0,Normal
2026-03-01 11:20:31,0.75,68.73,3.03,49,49,0,79.97,3.86,0,Normal
2026-03-01 11:20:32,0.65,58.09,2.44,44,44,0,73.01,1.87,0,Normal
2026-03-01 11:20:33,0.03,35.49,2.75,52,52,0,87.77,3.54,0,Normal
2026-03-01 11:20:34,0.05,26.55,4.21,54,54,0,91.27,4.49,0,Normal
2026-03-01 11:20:35,0.05,30.54,4.61,47,47,0,79.2,5.85,0,Normal
2026-03-01 11:20:36,0.1,23.13,7.13,49,49,0,83.14,6.66,0,Normal
2026-03-01 11:20:37,0.03,27.08,3.17,49,49,0,84.21,2.72,0,Normal
2026-03-01 11:20:38,1.4,30.7,2.95,42,41,1,68.96,3.41,0,Normal
2026-03-01 11:20:39,0.68,12.0,3.97,48,48,0,80.53,3.53,0,Normal
2026-03-01 11:20:40,0.03,24.28,2.69,59,59,0,100.01,3.66,0,Normal
2026-03-01 11:20:41,0.05,57.61,2.49,46,46,0,80.26,2.97,0,Normal
2026-03-01 11:20:42,0.11,27.53,3.84,60,60,0,101.7,3.62,0,Normal
2026-03-01 11:20:43,0.52,25.29,2.78,50,50,0,85.56,2.06,0,Normal
2026-03-01 11:20:44,0.44,49.22,2.91,43,43,0,69.88,3.05,0,Normal
2026-03-01 11:20:45,0.35,23.75,4.36,54,54,0,90.45,4.69,0,Normal
2026-03-01 11:20:46,0.85,58.55,3.82,53,53,0,87.22,5.25,0,Normal
2026-03-01 11:20:47,0.01,35.1,8.17,47,47,0,78.98,9.76,0,Normal
2026-03-01 11:20:48,0.06,34.26,5.03,51,51,0,87.82,4.04,0,Normal
2026-03-01 11:20:49,0.07,24.41,2.35,42,42,0,68.62,1.9,0,Normal
2026-03-01 11:20:50,0.02,27.59,2.77,50,50,0,86.61,2.95,0,Normal
2026-03-01 11:20:51,0.34,33.08,1.79,59,59,0,99.11,1.24,0,Normal
2026-03-01 11:20:52,0.08,28.26,2.14,56,56,0,95.42,2.48,0,Normal
2026-03-01 11:20:53,0.23,31.18,5.86,52,52,0,88.9,3.89,0,Normal
2026-03-01 11:20:54,0.4,30.85,2.93,44,44,0,76.91,3.1,0,Normal
2026-03-01 11:20:55,0.32,26.08,1.78,44,44,0,74.79,2.47,0,Normal
2026-03-01 11:20:56,0.12,31.1,1.38,58,58,0,96.13,1.79,0,Normal
2026-03-01 11:20:57,0.19,22.21,1.71,56,56,0,95.6,2.18,0,Normal
2026-03-01 11:20:58,0.15,58.63,2.31,44,44,0,69.91,2.78,0,Normal
2026-03-01 11:20:59,0.67,27.56,3.33,52,52,0,86.0,4.47,0,Normal
2026-03-01 11:21:00,0.19,50.86,2.78,53,53,0,88.17,3.73,0,Normal
2026-03-01 11:21:01,0.02,20.52,4.55,44,44,0,70.76,3.32,0,Normal
2026-03-01 11:21:02,0.34,28.79,2.18,55,55,0,94.93,1.71,0,Normal
2026-03-01 11:21:03,0.08,28.23,5.77,58,58,0,99.43,7.72,0,Normal
2026-03-01 11:21:04,0.14,52.4,3.12,45,45,0,76.28,2.56,0,Normal
2026-03-01 11:21:05,0.14,72.63,4.08,58,58,0,98.91,3.69,0,Normal
2026-03-01 11:21:06,0.03,59.48,2.63,45,45,0,76.15,1.66,0,Normal
2026-03-01 11:21:07,1.06,26.48,5.25,60,59,1,100.42,6.92,0,Normal
2026-03-01 11:21:08,0.28,54.91,1.83,52,52,0,89.25,1.2,0,Normal
2026-03-01 11:21:09,0.06,39.1,1.91,50,50,0,81.83,1.95,0,Normal
2026-03-01 11:21:10,0.28,27.73,2.15,57,57,0,97.13,1.66,0,Normal
2026-03-01 11:21:11,0.21,18.25,5.64,58,58,0,99.13,3.51,0,Normal
2026-03-01 11:21:12,0.15,26.76,2.98,58,58,0,96.55,2.48,0,Normal
2026-03-01 11:21:13,0.22,54.43,2.17,49,49,0,81.97,2.45,0,Normal
2026-03-01 11:21:14,0.39,23.9,3.04,51,51,0,84.52,2.04,0,Normal
2026-03-01 11:21:15,0.08,34.71,3.59,50,50,0,84.47,4.6,0,Normal
2026-03-01 11:21:16,0.27,29.05,2.04,42,42,0,71.15,2.36,0,Normal
2026-03-01 11:21:17,0.59,57.36,3.57,52,52,0,87.65,2.31,0,Normal
2026-03-01 11:21:18,0.09,39.15,3.12,49,49,0,81.17,2.88,0,Normal
2026-03-01 11:21:19,0.25,16.98,2.64,48,48,0,82.7,3.3,0,Normal
2026-03-01 11:21:20,1.18,33.38,1.88,56,55,1,91.53,2.53,0,Normal
2026-03-01 11:21:21,0.56,47.33,4.95,45,45,0,76.43,5.46,0,Normal
2026-03-01 11:21:22,0.31,54.1,2.69,58,58,0,98.62,3.08,0,Normal
2026-03-01 11:21:23,0.48,27.4,0.89,44,44,0,71.35,1.15,0,Normal
2026-03-01 11:21:24,0.26,38.15,3.9,53,53,0,89.54,3.76,0,Normal
2026-03-01 11:21:25,1.51,62.34,3.94,44,43,1,74.12,4.59,0,Normal
2026-03-01 11:21:26,0.06,58.3,5.05,60,60,0,100.78,5.37,0,Normal
2026-03-01 11:21:27,0.45,23.38,4.0,48,48,0,81.99,4.62,0,Normal
2026-03-01 11:21:28,0.0,33.66,3.53,56,56,0,93.06,4.61,0,Normal
2026-03-01 11:21:29,0.05,64.66,2.67,50,50,0,85.58,3.29,0,Normal
2026-03-01 11:21:30,0.45,27.89,2.67,46,46,0,75.57,1.87,0,Normal
2026-03-01 11:21:31,0.5,18.59,4.5,54,54,0,90.69,6.06,0,Normal
2026-03-01 11:21:32,0.01,23.53,3.09,59,59,0,100.97,1.98,0,Normal
2026-03-01 11:21:33,0.14,19.85,1.74,58,58,0,99.21,2.1,0,Normal
2026-03-01 11:21:34,0.04,18.08,2.84,53,53,0,87.09,2.36,0,Normal
2026-03-01 11:21:35,0.77,47.33,3.24,52,52,0,87.04,3.97,0,Normal
2026-03-01 11:21:36,0.21,22.43,1.36,47,47,0,78.06,0.83,0,Normal
2026-03-01 11:21:37,0.2,57.88,4.65,51,51,0,87.45,3.61,0,Normal
2026-03-01 11:21:38,0.61,60.39,3.32,46,46,0,77.17,2.21,0,Normal
2026-03-01 11:21:39,0.42,34.12,1.8,47,47,0,79.18,2.16,0,Normal
2026-03-01 11:21:40,0.89,48.38,2.9,56,55,1,93.12,2.19,0,Normal
2026-03-01 11:21:41,0.98,36.56,3.17,52,51,1,83.86,4.26,0,Normal
2026-03-01 11:21:42,0.13,25.1,5.08,47,47,0,79.41,4.72,0,Normal
2026-03-01 11:21:43,0.37,30.64,5.02,44,44,0,72.4,5.9,0,Normal
2026-03-01 11:21:44,0.27,30.83,5.39,42,42,0,69.83,6.8,0,Normal
2026-03-01 11:21:45,0.32,22.61,3.93,52,52,0,86.69,5.36,0,Normal
2026-03-01 11:21:46,0.34,26.03,2.47,44,44,0,74.65,2.4,0,Normal
2026-03-01 11:21:47,0.02,24.98,2.21,56,56,0,92.89,2.51,0,Normal
2026-03-01 11:21:48,0.79,30.23,2.42,57,57,0,95.05,2.16,0,Normal
2026-03-01 11:21:49,0.05,66.12,3.22,56,56,0,94.57,2.67,0,Normal
2026-03-01 11:21:50,0.19,70.33,3.28,49,49,0,84.4,3.77,0,Normal
2026-03-01 11:21:51,0.12,28.71,5.28,59,59,0,99.78,4.87,0,Normal
2026-03-01 11:21:52,0.28,30.04,2.96,48,48,0,82.34,3.13,0,Normal
2026-03-01 11:21:53,1.14,39.1,1.34,60,59,1,95.93,1.01,0,Normal
2026-03-01 11:21:54,0.19,28.41,1.94,45,45,0,77.75,2.27,0,Normal
2026-03-01 11:21:55,0.32,53.06,2.14,45,45,0,74.31,2.94,0,Normal
2026-03-01 11:21:56,0.05,32.1,2.14,60,60,0,99.89,2.2,0,Normal
2026-03-01 11:21:57,0.22,22.3,0.94,49,49,0,85.23,0.95,0,Normal
2026-03-01 11:21:58,0.87,17.65,6.73,48,48,0,80.9,8.63,0,Normal
2026-03-01 11:21:59,0.94,26.13,1.24,42,42,0,69.44,0.9,0,Normal
2026-03-01 11:22:00,0.28,34.43,2.56,60,60,0,99.88,2.35,0,Normal
2026-03-01 11:22:01,0.51,60.53,4.47,42,42,0,68.49,3.3,0,Normal
2026-03-01 11:22:02,0.0,16.72,4.33,57,57,0,95.78,4.49,0,Normal
2026-03-01 11:22:03,0.27,55.02,1.71,49,49,0,81.82,1.87,0,Normal
2026-03-01 11:22:04,0.46,14.89,5.71,52,52,0,88.36,7.61,0,Normal
2026-03-01 11:22:05,0.14,30.76,5.35,46,46,0,79.86,6.77,0,Normal
2026-03-01 11:22:06,0.81,30.4,3.06,51,51,0,83.8,3.42,0,Normal
2026-03-01 11:22:07,0.53,17.66,3.36,46,46,0,78.17,4.1,0,Normal
2026-03-01 11:22:08,0.51,58.25,2.2,53,53,0,86.74,2.43,0,Normal
2026-03-01 11:22:09,0.01,54.98,3.72,60,60,0,101.45,3.93,0,Normal
2026-03-01 11:22:10,0.07,63.54,3.68,60,60,0,99.04,2.35,0,Normal
2026-03-01 11:22:11,0.44,28.85,2.67,47,47,0,76.94,1.65,0,Normal
2026-03-01 11:22:12,0.29,52.2,4.44,45,45,0,79.43,5.69,0,Normal
2026-03-01 11:22:13,0.3,21.24,3.85,42,42,0,73.78,3.18,0,Normal
2026-03-01 11:22:14,0.01,21.39,14.1,58,58,0,96.38,12.42,0,Normal
2026-03-01 11:22:15,0.2,22.96,2.21,55,55,0,95.25,2.12,0,Normal
2026-03-01 11:22:16,0.54,28.22,6.05,60,60,0,100.74,3.83,0,Normal
2026-03-01 11:22:17,0.38,57.44,2.26,48,48,0,78.58,3.1,0,Normal
2026-03-01 11:22:18,0.3,24.68,4.21,60,60,0,101.77,2.87,0,Normal
2026-03-01 11:22:19,0.42,26.2,1.03,54,54,0,92.14,1.42,0,Normal
2026-03-01 11:22:20,0.67,24.76,2.64,44,44,0,75.05,3.07,0,Normal
2026-03-01 11:22:21,0.66,25.05,4.11,52,52,0,84.83,5.56,0,Normal
2026-03-01 11:22:22,0.21,23.39,3.7,53,53,0,87.33,2.37,0,Normal
2026-03-01 11:22:23,0.13,23.44,1.35,60,60,0,102.21,1.29,0,Normal
2026-03-01 11:22:24,0.16,62.74,2.76,48,48,0,78.91,3.76,0,Normal
2026-03-01 11:22:25,0.26,26.66,6.45,52,52,0,88.89,7.21,0,Normal
2026-03-01 11:22:26,0.03,71.98,5.28,60,60,0,100.26,5.47,0,Normal
2026-03-01 11:22:27,0.31,32.5,5.12,50,50,0,81.53,5.82,0,Normal
2026-03-01 11:22:28,0.21,24.64,9.57,42,42,0,68.58,7.17,0,Normal
2026-03-01 11:22:29,0.5,27.28,1.51,60,60,0,101.48,1.81,0,Normal
2026-03-01 11:22:30,0.11,52.13,2.78,49,49,0,83.07,2.28,0,Normal
2026-03-01 11:22:31,0.02,26.54,3.37,52,52,0,89.7,2.78,0,Normal
2026-03-01 11:22:32,0.79,35.58,2.39,46,46,0,77.31,2.58,0,Normal
2026-03-01 11:22:33,0.02,61.1,3.51,42,42,0,70.26,2.17,0,Normal
2026-03-01 11:22:34,0.92,18.26,5.96,43,43,0,74.94,3.84,0,Normal
2026-03-01 11:22:35,0.24,67.36,3.49,45,45,0,74.34,2.14,0,Normal
2026-03-01 11:22:36,0.02,25.02,1.23,44,44,0,73.5,1.49,0,Normal
2026-03-01 11:22:37,0.05,51.51,4.5,42,42,0,71.27,2.8,0,Normal
2026-03-01 11:22:38,0.27,32.3,3.3,50,50,0,82.66,2.23,0,Normal
2026-03-01 11:22:39,0.01,21.36,1.25,53,53,0,89.71,1.35,0,Normal
2026-03-01 11:22:40,0.86,31.62,2.52,53,53,0,89.05,2.47,0,Normal
2026-03-01 11:22:41,0.56,21.87,1.52,42,42,0,72.26,1.36,0,Normal
2026-03-01 11:22:42,0.25,66.89,2.92,48,48,0,80.01,2.58,0,Normal
2026-03-01 11:22:43,0.91,73.32,2.65,50,50,0,83.04,3.41,0,Normal
2026-03-01 11:22:44,0.11,28.79,1.67,47,47,0,81.84,1.11,0,Normal
2026-03-01 11:22:45,0.67,27.87,3.72,45,45,0,76.88,4.98,0,Normal
2026-03-01 11:22:46,0.57,21.38,2.04,50,50,0,85.63,1.61,0,Normal
2026-03-01 11:22:47,0.31,19.85,6.02,48,48,0,81.89,5.97,0,Normal
2026-03-01 11:22:48,0.13,32.5,3.58,43,43,0,71.23,4.89,0,Normal
2026-03-01 11:22:49,0.29,25.28,2.95,49,49,0,80.88,3.28,0,Normal
2026-03-01 11:22:50,1.1,34.07,5.84,52,51,1,84.26,4.68,0,Normal
2026-03-01 11:22:51,0.03,24.74,3.73,43,43,0,71.38,5.17,0,Normal
2026-03-01 11:22:52,0.08,35.81,3.88,58,58,0,99.24,4.86,0,Normal
2026-03-01 11:22:53,0.36,22.31,3.22,59,59,0,99.08,2.74,0,Normal
2026-03-01 11:22:54,0.4,36.84,2.88,58,58,0,98.85,3.11,0,Normal
2026-03-01 11:22:55,0.06,29.05,3.98,47,47,0,80.19,4.16,0,Normal
2026-03-01 11:22:56,0.57,56.99,6.59,56,56,0,96.48,7.21,0,Normal
2026-03-01 11:22:57,0.92,21.98,0.8,60,59,1,100.32,0.56,0,Normal
2026-03-01 11:22:58,0.03,32.38,7.7,42,42,0,70.88,8.59,0,Normal
2026-03-01 11:22:59,1.28,67.9,2.11,48,47,1,77.01,1.63,0,Normal
2026-03-01 11:23:00,0.12,26.05,3.62,52,52,0,90.27,3.1,0,Normal
2026-03-01 11:23:01,0.13,15.2,1.53,49,49,0,83.92,1.59,0,Normal
2026-03-01 11:23:02,0.02,21.32,6.5,42,42,0,71.2,5.0,0,Normal
2026-03-01 11:23:03,0.24,21.32,1.78,48,48,0,80.96,2.34,0,Normal
2026-03-01 11:23:04,1.08,30.7,5.5,53,52,1,84.69,5.14,0,Normal
2026-03-01 11:23:05,0.06,25.21,2.98,43,43,0,72.87,2.18,0,Normal
2026-03-01 11:23:06,0.3,50.2,3.09,42,42,0,69.76,2.0,0,Normal
2026-03-01 11:23:07,0.11,24.6,1.88,52,52,0,84.9,2.31,0,Normal
2026-03-01 11:23:08,0.01,36.82,5.75,46,46,0,76.55,7.26,0,Normal
2026-03-01 11:23:09,1.52,47.23,3.11,45,44,1,74.28,2.06,0,Normal
2026-03-01 11:23:10,0.44,29.19,4.59,42,42,0,71.12,4.74,0,Normal
2026-03-01 11:23:11,0.47,24.28,1.31,57,57,0,93.99,1.47,0,Normal
2026-03-01 11:23:12,0.38,27.82,2.22,60,60,0,98.76,2.95,0,Normal
2026-03-01 11:23:13,0.05,22.15,3.72,44,44,0,73.47,2.37,0,Normal
2026-03-01 11:23:14,0.08,67.5,1.63,48,48,0,81.5,1.43,0,Normal
2026-03-01 11:23:15,0.17,60.74,3.91,48,48,0,79.45,2.72,0,Normal
2026-03-01 11:23:16,1.89,32.47,2.46,42,41,1,68.21,2.32,0,Normal
2026-03-01 11:23:17,0.39,59.79,2.34,53,53,0,89.32,2.1,0,Normal
2026-03-01 11:23:18,0.2,33.69,4.18,60,60,0,99.57,4.5,0,Normal
2026-03-01 11:23:19,0.23,39.44,3.59,52,52,0,84.35,4.09,0,Normal
2026-03-01 11:23:20,0.89,28.01,2.0,56,55,1,92.87,2.75,0,Normal
2026-03-01 11:23:21,0.08,35.87,5.5,51,51,0,83.06,4.02,0,Normal
2026-03-01 11:23:22,0.14,32.51,4.17,48,48,0,81.14,5.17,0,Normal
2026-03-01 11:23:23,0.16,19.4,1.34,48,48,0,80.31,1.71,0,Normal
2026-03-01 11:23:24,0.8,28.67,2.9,42,42,0,70.22,3.05,0,Normal
2026-03-01 11:23:25,0.52,52.24,3.93,42,42,0,68.91,4.83,0,Normal
2026-03-01 11:23:26,0.31,40.66,3.16,51,51,0,85.18,2.78,0,Normal
2026-03-01 11:23:27,0.13,29.07,0.8,52,52,0,86.04,0.5,0,Normal
2026-03-01 11:23:28,0.08,28.99,3.42,54,54,0,94.99,2.46,0,Normal
2026-03-01 11:23:29,0.14,28.03,4.67,47,47,0,77.75,3.43,0,Normal
2026-03-01 11:23:30,0.93,53.8,3.2,55,54,1,92.28,4.16,0,Normal
2026-03-01 11:23:31,0.84,55.09,3.4,60,59,1,98.27,4.65,0,Normal
2026-03-01 11:23:32,0.19,26.58,5.25,56,56,0,94.44,4.84,0,Normal
2026-03-01 11:23:33,0.14,19.28,1.63,50,50,0,84.01,1.83,0,Normal
2026-03-01 11:23:34,0.76,25.01,4.62,58,58,0,97.19,3.9,0,Normal
2026-03-01 11:23:35,0.21,24.46,3.87,46,46,0,76.98,3.7,0,Normal
2026-03-01 11:23:36,0.01,24.07,1.6,49,49,0,82.69,1.75,0,Normal
2026-03-01 11:23:37,0.15,21.69,4.54,47,47,0,81.02,5.84,0,Normal
2026-03-01 11:23:38,0.33,29.62,7.48,59,59,0,97.42,7.05,0,Normal
2026-03-01 11:23:39,1.01,26.09,3.86,51,50,1,81.35,4.47,0,Normal
2026-03-01 11:23:40,0.19,25.48,4.26,50,50,0,82.75,3.4,0,Normal
2026-03-01 11:23:41,0.1,53.66,2.06,42,42,0,70.75,1.77,0,Normal
2026-03-01 11:23:42,0.17,26.21,2.51,48,48,0,80.2,1.95,0,Normal
2026-03-01 11:23:43,0.02,60.89,2.1,58,58,0,99.75,2.71,0,Normal
2026-03-01 11:23:44,0.8,34.96,3.97,48,48,0,82.77,2.76,0,Normal
2026-03-01 11:23:45,0.01,30.24,2.63,58,58,0,96.76,3.2,0,Normal
2026-03-01 11:23:46,0.0,26.23,2.56,47,47,0,81.28,2.83,0,Normal
2026-03-01 11:23:47,0.33,64.49,4.56,60,60,0,101.43,5.1,0,Normal
2026-03-01 11:23:48,0.06,24.0,7.04,48,48,0,79.55,9.16,0,Normal
2026-03-01 11:23:49,0.12,26.2,3.19,49,49,0,82.14,3.27,0,Normal
2026-03-01 11:23:50,0.24,23.54,1.63,50,50,0,83.71,1.08,0,Normal
2026-03-01 11:23:51,0.55,33.45,3.38,52,52,0,86.26,4.55,0,Normal
2026-03-01 11:23:52,0.17,32.68,3.62,48,48,0,79.69,3.15,0,Normal
2026-03-01 11:23:53,1.1,67.73,4.83,57,56,1,94.76,3.01,0,Normal
2026-03-01 11:23:54,0.21,55.23,2.87,58,58,0,96.84,2.95,0,Normal
2026-03-01 11:23:55,0.88,63.27,4.94,42,42,0,70.14,4.38,0,Normal
2026-03-01 11:23:56,0.21,53.77,4.61,59,59,0,98.81,6.12,0,Normal
2026-03-01 11:23:57,0.25,29.49,2.9,46,46,0,77.03,2.93,0,Normal
2026-03-01 11:23:58,1.11,20.43,4.8,42,42,0,71.94,3.09,0,Normal
2026-03-01 11:23:59,0.39,22.63,5.05,43,43,0,71.0,3.99,0,Normal
2026-03-01 11:24:00,0.06,27.67,2.03,42,42,0,70.91,1.58,0,Normal
2026-03-01 11:24:01,0.32,37.34,5.11,52,52,0,85.09,6.2,0,Normal
2026-03-01 11:24:02,0.09,31.54,3.15,47,47,0,78.18,2.05,0,Normal
2026-03-01 11:24:03,0.13,61.75,2.97,55,55,0,90.44,2.56,0,Normal
2026-03-01 11:24:04,0.64,61.58,3.16,42,42,0,72.99,3.59,0,Normal
2026-03-01 11:24:05,0.4,28.53,5.8,44,44,0,74.12,6.33,0,Normal
2026-03-01 11:24:06,0.12,28.77,5.8,55,55,0,91.76,6.48,0,Normal
2026-03-01 11:24:07,0.0,28.1,4.11,44,44,0,71.31,4.31,0,Normal
2026-03-01 11:24:08,0.27,19.58,3.75,60,60,0,98.79,2.78,0,Normal
2026-03-01 11:24:09,0.1,14.43,3.17,53,53,0,90.32,3.61,0,Normal
2026-03-01 11:24:10,0.01,22.35,11.18,42,42,0,71.09,15.22,0,Normal
2026-03-01 11:24:11,0.02,24.81,2.44,52,52,0,85.2,1.54,0,Normal
2026-03-01 11:24:12,0.39,58.16,2.71,58,58,0,95.29,2.41,0,Normal
2026-03-01 11:24:13,0.19,27.67,3.8,47,47,0,81.73,3.17,0,Normal
2026-03-01 11:24:14,0.11,34.54,2.21,48,48,0,82.67,1.59,0,Normal
2026-03-01 11:24:15,0.74,47.83,5.32,45,45,0,76.04,4.32,0,Normal
2026-03-01 11:24:16,0.61,30.8,1.71,49,49,0,82.49,1.06,0,Normal
2026-03-01 11:24:17,0.22,33.91,2.41,45,45,0,75.35,2.68,0,Normal
2026-03-01 11:24:18,0.11,53.76,2.77,50,50,0,82.11,3.02,0,Normal
2026-03-01 11:24:19,0.25,60.37,2.11,58,58,0,98.73,2.12,0,Normal
2026-03-01 11:24:20,0.49,68.1,5.3,54,54,0,90.43,4.51,0,Normal
2026-03-01 11:24:21,0.0,25.15,1.84,45,45,0,76.7,2.54,0,Normal
2026-03-01 11:24:22,0.33,25.48,2.15,60,60,0,100.19,2.36,0,Normal
2026-03-01 11:24:23,0.43,39.17,2.45,48,48,0,81.18,3.21,0,Normal
2026-03-01 11:24:24,0.59,52.32,4.85,56,56,0,93.36,4.1,0,Normal
2026-03-01 11:24:25,0.09,38.58,6.38,51,51,0,85.78,7.69,0,Normal
2026-03-01 11:24:26,0.08,17.06,4.2,51,51,0,86.88,2.54,0,Normal
2026-03-01 11:24:27,0.09,48.08,1.84,49,49,0,81.52,2.1,0,Normal
2026-03-01 11:24:28,0.94,34.76,2.51,42,42,0,73.59,3.01,0,Normal
2026-03-01 11:24:29,0.05,28.56,6.74,42,42,0,69.69,5.5,0,Normal
2026-03-01 11:24:30,0.51,15.67,3.36,57,57,0,95.96,4.7,0,Normal
2026-03-01 11:24:31,1.51,26.62,1.73,58,57,1,97.83,1.73,0,Normal
2026-03-01 11:24:32,1.02,61.04,8.91,60,59,1,101.3,7.98,0,Normal
2026-03-01 11:24:33,0.18,29.48,2.57,56,56,0,94.78,1.92,0,Normal
2026-03-01 11:24:34,0.64,31.63,3.21,60,60,0,101.2,2.33,0,Normal
2026-03-01 11:24:35,0.39,24.14,2.44,49,49,0,82.42,1.87,0,Normal
2026-03-01 11:24:36,0.71,67.83,2.16,46,46,0,79.31,2.22,0,Normal
2026-03-01 11:24:37,0.06,27.93,5.95,49,49,0,83.76,6.12,0,Normal
2026-03-01 11:24:38,0.51,57.27,3.63,45,45,0,77.23,3.72,0,Normal
2026-03-01 11:24:39,0.31,34.52,3.83,59,59,0,101.57,4.93,0,Normal
2026-03-01 11:24:40,0.27,30.45,1.87,46,46,0,77.97,1.12,0,Normal
2026-03-01 11:24:41,0.46,47.9,2.9,48,48,0,80.03,2.36,0,Normal
2026-03-01 11:24:42,0.11,17.93,2.51,60,60,0,101.33,3.28,0,Normal
2026-03-01 11:24:43,0.03,17.72,2.29,45,45,0,75.68,1.56,0,Normal
2026-03-01 11:24:44,0.24,28.49,4.1,50,50,0,83.72,3.1,0,Normal
2026-03-01 11:24:45,0.13,33.25,2.85,52,52,0,86.75,2.46,0,Normal
2026-03-01 11:24:46,0.1,58.41,4.53,58,58,0,98.26,5.67,0,Normal
2026-03-01 11:24:47,1.95,47.03,4.59,47,46,1,78.24,4.9,0,Normal
2026-03-01 11:24:48,0.08,18.94,2.73,49,49,0,81.28,2.85,0,Normal
2026-03-01 11:24:49,0.09,33.6,4.07,47,47,0,79.43,5.46,0,Normal
2026-03-01 11:24:50,0.14,23.11,2.7,60,60,0,103.23,2.67,0,Normal
2026-03-01 11:24:51,0.24,67.49,2.33,53,53,0,87.92,3.16,0,Normal
2026-03-01 11:24:52,0.71,25.04,2.06,42,42,0,72.61,1.46,0,Normal
2026-03-01 11:24:53,0.07,63.75,3.45,52,52,0,86.05,3.17,0,Normal
2026-03-01 11:24:54,0.33,35.92,2.38,47,47,0,79.5,2.99,0,Normal
2026-03-01 11:24:55,0.16,56.19,6.17,60,60,0,98.13,4.45,0,Normal
2026-03-01 11:24:56,0.56,54.9,6.9,42,42,0,71.52,5.11,0,Normal
2026-03-01 11:24:57,0.32,36.39,4.11,54,54,0,90.39,3.72,0,Normal
2026-03-01 11:24:58,0.55,66.9,3.7,50,50,0,81.38,4.98,0,Normal
2026-03-01 11:24:59,0.68,34.37,3.35,44,44,0,73.21,2.5,0,Normal
2026-03-01 11:25:00,0.85,35.96,9.66,52,52,0,90.01,13.18,0,Normal
2026-03-01 11:25:01,1.91,26.42,8.03,55,54,1,91.57,9.13,0,Normal
2026-03-01 11:25:02,0.34,31.43,3.03,60,60,0,100.97,2.96,0,Normal
2026-03-01 11:25:03,0.36,25.56,3.04,54,54,0,91.52,1.86,0,Normal
2026-03-01 11:25:04,0.05,33.58,3.85,50,50,0,85.51,3.92,0,Normal
2026-03-01 11:25:05,0.04,28.54,1.95,51,51,0,87.97,1.82,0,Normal
2026-03-01 11:25:06,0.23,33.76,1.48,60,60,0,100.36,1.82,0,Normal
2026-03-01 11:25:07,0.41,37.15,1.82,49,49,0,83.21,1.9,0,Normal
2026-03-01 11:25:08,0.1,31.28,2.9,49,49,0,83.03,4.0,0,Normal
2026-03-01 11:25:09,0.14,27.44,2.17,42,42,0,70.72,1.5,0,Normal
2026-03-01 11:25:10,0.42,27.54,6.39,49,49,0,82.04,8.51,0,Normal
2026-03-01 11:25:11,0.08,69.15,1.71,49,49,0,84.73,1.55,0,Normal
2026-03-01 11:25:12,0.26,23.72,1.82,60,60,0,101.19,1.83,0,Normal
2026-03-01 11:25:13,0.27,33.6,1.45,59,59,0,97.29,1.87,0,Normal
2026-03-01 11:25:14,0.87,33.82,2.48,52,52,0,83.0,2.85,0,Normal
2026-03-01 11:25:15,0.18,23.59,2.78,60,60,0,102.23,3.77,0,Normal
2026-03-01 11:25:16,0.08,28.99,3.2,60,60,0,100.15,4.45,0,Normal
2026-03-01 11:25:17,0.07,26.86,3.27,43,43,0,72.01,3.64,0,Normal
2026-03-01 11:25:18,0.12,32.14,2.51,46,46,0,77.89,2.63,0,Normal
2026-03-01 11:25:19,0.11,41.25,2.07,56,56,0,97.77,1.66,0,Normal
2026-03-01 11:25:20,0.49,32.25,4.01,57,57,0,97.79,3.29,0,Normal
2026-03-01 11:25:21,0.32,23.98,2.21,51,51,0,85.34,1.78,0,Normal
2026-03-01 11:25:22,0.4,27.53,4.72,45,45,0,76.7,5.79,0,Normal
2026-03-01 11:25:23,0.35,36.41,1.7,60,60,0,99.9,1.86,0,Normal
2026-03-01 11:25:24,0.23,19.55,2.37,50,50,0,85.16,2.82,0,Normal
2026-03-01 11:25:25,0.92,24.31,8.32,60,59,1,97.89,10.43,0,Normal
2026-03-01 11:25:26,0.6,32.26,8.85,45,45,0,75.87,11.63,0,Normal
2026-03-01 11:25:27,0.08,64.23,1.8,48,48,0,80.96,1.29,0,Normal
2026-03-01 11:25:28,0.19,48.03,5.72,42,42,0,68.98,7.43,0,Normal
2026-03-01 11:25:29,0.12,24.36,6.86,59,59,0,98.24,7.66,0,Normal
2026-03-01 11:25:30,0.48,31.22,5.36,53,53,0,85.78,7.15,0,Normal
2026-03-01 11:25:31,0.15,30.49,3.22,42,42,0,69.99,4.33,0,Normal
2026-03-01 11:25:32,0.36,30.1,1.39,60,60,0,102.47,1.31,0,Normal
2026-03-01 11:25:33,0.12,27.42,3.45,60,60,0,103.8,4.04,0,Normal
2026-03-01 11:25:34,0.07,28.32,4.0,46,46,0,79.52,5.04,0,Normal
2026-03-01 11:25:35,0.0,22.56,3.7,56,56,0,93.5,2.98,0,Normal
2026-03-01 11:25:36,1.83,42.88,4.11,60,59,1,99.11,4.07,0,Normal
2026-03-01 11:25:37,0.09,28.94,2.3,60,60,0,100.69,1.86,0,Normal
2026-03-01 11:25:38,0.62,31.29,2.67,60,60,0,100.49,1.79,0,Normal
2026-03-01 11:25:39,0.6,59.25,1.13,58,58,0,98.9,1.31,0,Normal
2026-03-01 11:25:40,0.09,33.07,4.96,44,44,0,73.09,5.24,0,Normal
2026-03-01 11:25:41,0.19,20.21,2.22,57,57,0,97.94,2.04,0,Normal
2026-03-01 11:25:42,0.63,17.53,2.97,44,44,0,74.13,2.29,0,Normal
2026-03-01 11:25:43,0.41,27.82,3.72,58,58,0,95.69,2.8,0,Normal
2026-03-01 11:25:44,0.16,40.32,2.58,51,51,0,85.53,2.12,0,Normal
2026-03-01 11:25:45,1.04,35.25,2.05,56,55,1,93.12,2.84,0,Normal
2026-03-01 11:25:46,0.15,23.15,3.73,49,49,0,83.79,5.1,0,Normal
2026-03-01 11:25:47,0.08,59.61,1.49,55,55,0,93.53,1.9,0,Normal
2026-03-01 11:25:48,0.06,24.18,4.69,50,50,0,83.53,3.07,0,Normal
2026-03-01 11:25:49,0.42,30.56,4.47,54,54,0,89.94,5.66,0,Normal
2026-03-01 11:25:50,0.01,58.49,2.59,51,51,0,88.28,3.12,0,Normal
2026-03-01 11:25:51,0.65,33.56,2.66,60,60,0,100.84,3.59,0,Normal
2026-03-01 11:25:52,0.13,48.39,2.13,44,44,0,72.22,2.07,0,Normal
2026-03-01 11:25:53,0.16,73.67,2.8,60,60,0,99.92,2.83,0,Normal
2026-03-01 11:25:54,0.57,27.55,3.03,48,48,0,77.7,3.2,0,Normal
2026-03-01 11:25:55,0.59,21.81,2.88,42,42,0,68.12,2.98,0,Normal
2026-03-01 11:25:56,0.18,59.57,6.37,53,53,0,88.25,5.42,0,Normal
2026-03-01 11:25:57,0.28,54.04,1.51,53,53,0,87.85,1.1,0,Normal
2026-03-01 11:25:58,0.4,22.5,2.21,47,47,0,77.93,2.58,0,Normal
2026-03-01 11:25:59,0.41,41.55,4.61,42,42,0,71.72,6.14,0,Normal
2026-03-01 11:26:00,0.27,24.8,8.37,57,57,0,97.07,9.48,0,Normal
2026-03-01 11:26:01,0.65,57.04,2.25,57,57,0,94.01,2.84,0,Normal
2026-03-01 11:26:02,0.64,29.79,5.24,55,55,0,95.24,5.32,0,Normal
2026-03-01 11:26:03,0.66,54.41,1.98,43,43,0,72.39,1.99,0,Normal
2026-03-01 11:26:04,0.11,55.62,2.79,57,57,0,95.77,3.87,0,Normal
2026-03-01 11:26:05,0.1,48.93,3.34,46,46,0,76.09,4.65,0,Normal
2026-03-01 11:26:06,0.05,25.9,2.43,59,59,0,98.67,2.65,0,Normal
2026-03-01 11:26:07,0.61,29.64,2.75,60,60,0,103.84,2.47,0,Normal
2026-03-01 11:26:08,0.02,30.57,1.8,60,60,0,99.18,1.61,0,Normal
2026-03-01 11:26:09,0.05,36.61,4.5,55,55,0,92.8,5.12,0,Normal
2026-03-01 11:26:10,0.91,43.0,2.22,53,53,0,88.23,1.73,0,Normal
2026-03-01 11:26:11,0.05,21.63,2.46,45,45,0,72.89,3.41,0,Normal
2026-03-01 11:26:12,0.05,20.22,2.34,45,45,0,73.3,2.73,0,Normal
2026-03-01 11:26:13,0.84,28.62,2.39,60,59,1,100.04,1.74,0,Normal
2026-03-01 11:26:14,0.13,60.75,3.54,42,42,0,67.98,3.16,0,Normal
2026-03-01 11:26:15,0.75,31.9,3.42,60,60,0,98.95,2.66,0,Normal
2026-03-01 11:26:16,0.17,28.68,10.31,58,58,0,98.67,6.9,0,Normal
2026-03-01 11:26:17,0.16,30.2,2.97,54,54,0,91.77,3.32,0,Normal
2026-03-01 11:26:18,0.05,52.64,3.17,54,54,0,90.81,2.17,0,Normal
2026-03-01 11:26:19,0.88,58.85,6.06,56,56,0,92.31,5.56,0,Normal
2026-03-01 11:26:20,0.5,30.83,3.67,49,49,0,80.55,4.17,0,Normal
2026-03-01 11:26:21,0.09,29.2,3.18,58,58,0,95.45,2.32,0,Normal
2026-03-01 11:26:22,0.46,57.98,3.13,49,49,0,82.12,4.09,0,Normal
2026-03-01 11:26:23,0.04,29.03,3.62,56,56,0,95.04,2.71,0,Normal
2026-03-01 11:26:24,0.26,39.12,5.15,56,56,0,93.44,5.6,0,Normal
2026-03-01 11:26:25,0.1,29.45,6.08,43,43,0,73.57,8.14,0,Normal
2026-03-01 11:26:26,0.67,28.82,5.28,60,60,0,103.22,3.57,0,Normal
2026-03-01 11:26:27,0.25,37.36,4.1,42,42,0,71.15,2.8,0,Normal
2026-03-01 11:26:28,0.89,23.53,3.65,53,53,0,87.16,2.56,0,Normal
2026-03-01 11:26:29,0.31,33.34,8.31,58,58,0,97.57,7.36,0,Normal
2026-03-01 11:26:30,0.25,24.82,2.68,43,43,0,74.27,3.05,0,Normal
2026-03-01 11:26:31,0.41,34.52,4.55,53,53,0,88.09,4.69,0,Normal
2026-03-01 11:26:32,0.54,32.79,5.63,47,47,0,77.97,4.72,0,Normal
2026-03-01 11:26:33,0.01,25.53,5.31,50,50,0,85.71,5.81,0,Normal
2026-03-01 11:26:34,0.26,26.4,2.36,58,58,0,95.29,2.26,0,Normal
2026-03-01 11:26:35,0.52,33.87,11.78,48,48,0,80.94,10.4,0,Normal
2026-03-01 11:26:36,0.18,16.87,7.04,45,45,0,74.67,6.38,0,Normal
2026-03-01 11:26:37,0.02,25.35,5.35,46,46,0,76.63,4.75,0,Normal
2026-03-01 11:26:38,0.01,31.72,2.11,44,44,0,76.48,2.13,0,Normal
2026-03-01 11:26:39,0.55,26.15,5.16,45,45,0,74.88,4.67,0,Normal
2026-03-01 11:26:40,0.08,28.81,1.17,50,50,0,84.18,1.0,0,Normal
2026-03-01 11:26:41,0.07,15.75,2.99,56,56,0,95.63,2.56,0,Normal
2026-03-01 11:26:42,0.12,22.87,3.48,54,54,0,88.8,2.7,0,Normal
2026-03-01 11:26:43,0.04,32.08,2.71,59,59,0,100.37,2.08,0,Normal
2026-03-01 11:26:44,0.02,23.49,6.77,48,48,0,79.97,5.61,0,Normal
2026-03-01 11:26:45,0.72,55.76,3.48,60,60,0,98.88,4.79,0,Normal
2026-03-01 11:26:46,0.13,64.41,2.15,51,51,0,84.94,1.64,0,Normal
2026-03-01 11:26:47,0.31,60.41,4.66,51,51,0,85.77,4.45,0,Normal
2026-03-01 11:26:48,0.68,21.47,3.97,52,52,0,87.72,5.27,0,Normal
2026-03-01 11:26:49,1.33,28.83,1.51,60,59,1,98.0,0.92,0,Normal
2026-03-01 11:26:50,0.41,60.08,6.06,58,58,0,97.12,6.57,0,Normal
2026-03-01 11:26:51,1.05,27.09,3.47,49,48,1,78.55,4.5,0,Normal
2026-03-01 11:26:52,0.19,29.06,5.17,45,45,0,74.54,3.8,0,Normal
2026-03-01 11:26:53,0.55,23.15,3.99,52,52,0,85.32,4.99,0,Normal
2026-03-01 11:26:54,0.97,51.84,2.85,53,52,1,87.24,3.19,0,Normal
2026-03-01 11:26:55,0.02,33.38,4.02,46,46,0,76.02,5.05,0,Normal
2026-03-01 11:26:56,0.13,29.58,3.17,42,42,0,73.67,2.08,0,Normal
2026-03-01 11:26:57,0.47,30.48,3.78,42,42,0,71.13,2.49,0,Normal
2026-03-01 11:26:58,0.13,19.28,4.35,44,44,0,71.48,3.11,0,Normal
2026-03-01 11:26:59,0.01,55.76,3.55,44,44,0,72.8,4.91,0,Normal
2026-03-01 11:27:00,0.58,27.45,4.09,42,42,0,71.61,5.34,0,Normal
2026-03-01 11:27:01,0.06,22.39,2.81,60,60,0,101.17,2.97,0,Normal
2026-03-01 11:27:02,0.14,28.88,2.57,46,46,0,74.92,2.63,0,Normal
2026-03-01 11:27:03,0.85,53.61,4.71,46,46,0,76.1,3.78,0,Normal
2026-03-01 11:27:04,0.08,64.28,6.38,49,49,0,83.28,4.91,0,Normal
2026-03-01 11:27:05,0.79,49.85,2.63,54,54,0,91.28,2.07,0,Normal
2026-03-01 11:27:06,0.19,62.4,3.83,43,43,0,73.1,4.53,0,Normal
2026-03-01 11:27:07,0.88,27.64,1.76,60,59,1,98.7,1.95,0,Normal
2026-03-01 11:27:08,0.73,58.2,7.48,56,56,0,92.8,7.49,0,Normal
2026-03-01 11:27:09,0.19,23.19,5.56,49,49,0,80.41,7.04,0,Normal
2026-03-01 11:27:10,0.89,61.33,2.55,54,54,0,92.14,1.65,0,Normal
2026-03-01 11:27:11,0.35,29.1,2.83,48,48,0,83.56,1.78,0,Normal
2026-03-01 11:27:12,0.23,35.13,5.72,42,42,0,70.98,7.19,0,Normal
2026-03-01 11:27:13,0.26,18.79,3.59,53,53,0,90.44,3.35,0,Normal
2026-03-01 11:27:14,0.02,19.59,4.41,42,42,0,69.36,5.0,0,Normal
2026-03-01 11:27:15,0.58,26.56,2.13,60,60,0,100.77,1.97,0,Normal
2026-03-01 11:27:16,0.12,36.81,4.3,53,53,0,88.95,4.09,0,Normal
2026-03-01 11:27:17,0.11,39.78,3.11,48,48,0,81.22,1.92,0,Normal
2026-03-01 11:27:18,0.44,44.54,3.8,45,45,0,75.72,3.89,0,Normal
2026-03-01 11:27:19,0.16,72.44,2.78,48,48,0,84.81,1.74,0,Normal
2026-03-01 11:27:20,0.25,70.4,3.02,50,50,0,85.2,2.66,0,Normal
2026-03-01 11:27:21,0.19,53.43,3.48,47,47,0,80.91,2.47,0,Normal
2026-03-01 11:27:22,0.25,33.31,2.55,43,43,0,72.65,1.98,0,Normal
2026-03-01 11:27:23,0.09,21.31,9.21,60,60,0,97.61,12.22,0,Normal
2026-03-01 11:27:24,0.76,28.39,2.07,49,49,0,82.99,2.84,0,Normal
2026-03-01 11:27:25,0.33,57.37,4.16,54,54,0,92.36,2.6,0,Normal
2026-03-01 11:27:26,0.09,63.01,3.8,42,42,0,72.65,5.06,0,Normal
2026-03-01 11:27:27,0.03,64.38,4.68,56,56,0,93.98,5.99,0,Normal
2026-03-01 11:27:28,0.27,63.14,1.08,42,42,0,68.41,1.09,0,Normal
2026-03-01 11:27:29,0.22,30.0,1.55,52,52,0,86.93,1.53,0,Normal
2026-03-01 11:27:30,0.94,25.78,2.59,48,48,0,78.47,2.36,0,Normal
2026-03-01 11:27:31,0.09,77.23,5.02,54,54,0,92.65,5.64,0,Normal
2026-03-01 11:27:32,0.75,22.64,2.95,44,44,0,74.6,2.2,0,Normal
2026-03-01 11:27:33,0.51,41.34,2.89,51,51,0,84.91,1.91,0,Normal
2026-03-01 11:27:34,0.23,33.13,3.34,42,42,0,71.67,4.63,0,Normal
2026-03-01 11:27:35,0.72,35.73,2.27,55,55,0,94.6,2.86,0,Normal
2026-03-01 11:27:36,0.69,66.1,4.1,52,52,0,88.54,3.71,0,Normal
2026-03-01 11:27:37,0.44,38.73,3.62,49,49,0,85.32,2.36,0,Normal
2026-03-01 11:27:38,0.04,20.72,4.16,59,59,0,97.79,5.68,0,Normal
2026-03-01 11:27:39,0.06,26.74,6.57,60,60,0,102.26,4.21,0,Normal
2026-03-01 11:27:40,0.31,35.83,2.99,42,42,0,68.37,1.8,0,Normal
2026-03-01 11:27:41,0.1,49.72,3.49,48,48,0,83.48,2.9,0,Normal
2026-03-01 11:27:42,0.28,20.57,2.13,42,42,0,71.65,2.55,0,Normal
2026-03-01 11:27:43,0.29,34.81,1.89,42,42,0,70.0,2.41,0,Normal
2026-03-01 11:27:44,0.31,30.04,3.31,46,46,0,75.55,3.53,0,Normal
2026-03-01 11:27:45,0.3,56.74,3.48,50,50,0,83.19,3.37,0,Normal
2026-03-01 11:27:46,0.17,18.75,4.53,46,46,0,76.89,2.77,0,Normal
2026-03-01 11:27:47,0.08,56.39,4.3,46,46,0,77.6,3.78,0,Normal
2026-03-01 11:27:48,0.26,27.02,3.72,49,49,0,82.29,2.48,0,Normal
2026-03-01 11:27:49,0.24,28.94,7.09,57,57,0,94.81,5.5,0,Normal
2026-03-01 11:27:50,0.11,46.61,2.89,59,59,0,100.86,1.89,0,Normal
2026-03-01 11:27:51,0.02,25.49,3.05,55,55,0,89.85,4.02,0,Normal
2026-03-01 11:27:52,0.08,30.88,3.77,59,59,0,99.98,4.4,0,Normal
2026-03-01 11:27:53,0.28,39.26,1.95,43,43,0,72.52,1.88,0,Normal
2026-03-01 11:27:54,0.27,26.77,4.52,54,54,0,90.71,6.09,0,Normal
2026-03-01 11:27:55,0.05,36.66,3.43,42,42,0,71.51,2.63,0,Normal
2026-03-01 11:27:56,0.33,32.72,3.46,48,48,0,79.64,4.71,0,Normal
2026-03-01 11:27:57,0.19,29.4,4.24,54,54,0,89.57,2.79,0,Normal
2026-03-01 11:27:58,0.37,21.93,3.93,52,52,0,86.93,4.87,0,Normal
2026-03-01 11:27:59,0.77,59.41,3.99,60,60,0,100.01,3.45,0,Normal
2026-03-01 11:28:00,0.13,31.71,2.79,46,46,0,76.92,1.97,0,Normal
2026-03-01 11:28:01,0.15,24.84,6.73,58,58,0,98.52,7.6,0,Normal
2026-03-01 11:28:02,0.4,24.31,1.72,49,49,0,82.49,1.91,0,Normal
2026-03-01 11:28:03,1.04,26.92,2.44,42,42,0,70.6,3.29,0,Normal
2026-03-01 11:28:04,0.23,27.02,2.59,49,49,0,82.67,2.13,0,Normal
2026-03-01 11:28:05,0.06,47.21,2.4,55,55,0,91.9,2.91,0,Normal
2026-03-01 11:28:06,0.96,38.67,1.51,55,54,1,92.08,2.02,0,Normal
2026-03-01 11:28:07,0.22,32.81,6.96,54,54,0,91.57,6.71,0,Normal
2026-03-01 11:28:08,0.22,30.64,4.43,46,46,0,77.29,4.14,0,Normal
2026-03-01 11:28:09,0.27,17.96,2.5,58,58,0,95.74,2.24,0,Normal
2026-03-01 11:28:10,0.1,57.34,4.54,50,50,0,85.96,6.3,0,Normal
2026-03-01 11:28:11,0.54,12.0,3.09,60,60,0,101.8,3.36,0,Normal
2026-03-01 11:28:12,0.36,22.63,2.91,43,43,0,73.09,3.9,0,Normal
2026-03-01 11:28:13,1.08,30.78,2.16,56,55,1,94.95,2.07,0,Normal
2026-03-01 11:28:14,0.08,27.94,3.35,42,42,0,71.6,4.37,0,Normal
2026-03-01 11:28:15,0.34,17.39,2.5,44,44,0,73.85,2.42,0,Normal
2026-03-01 11:28:16,0.25,73.0,2.14,47,47,0,78.19,1.56,0,Normal
2026-03-01 11:28:17,0.79,12.35,5.1,42,42,0,69.74,5.51,0,Normal
2026-03-01 11:28:18,0.01,19.94,2.29,60,60,0,101.21,2.97,0,Normal
2026-03-01 11:28:19,0.5,31.47,6.25,48,48,0,82.09,3.92,0,Normal
2026-03-01 11:28:20,0.34,24.66,2.41,42,42,0,72.03,1.99,0,Normal
2026-03-01 11:28:21,0.33,29.02,1.69,50,50,0,81.93,2.29,0,Normal
2026-03-01 11:28:22,0.73,61.52,4.21,53,53,0,90.43,3.43,0,Normal
2026-03-01 11:28:23,0.31,28.2,2.72,53,53,0,88.6,2.49,0,Normal
2026-03-01 11:28:24,0.44,34.14,1.63,51,51,0,84.8,1.41,0,Normal
2026-03-01 11:28:25,0.36,54.08,3.72,43,43,0,72.79,3.01,0,Normal
2026-03-01 11:28:26,0.03,33.46,1.84,45,45,0,76.78,1.69,0,Normal
2026-03-01 11:28:27,0.04,13.14,1.36,52,52,0,85.51,1.74,0,Normal
2026-03-01 11:28:28,0.14,34.67,4.5,46,46,0,77.61,3.89,0,Normal
2026-03-01 11:28:29,0.39,45.67,6.49,55,55,0,89.97,7.54,0,Normal
2026-03-01 11:28:30,0.01,21.56,2.78,42,42,0,71.75,2.21,0,Normal
2026-03-01 11:28:31,0.52,23.77,5.73,60,60,0,99.14,4.27,0,Normal
2026-03-01 11:28:32,0.08,34.5,4.76,46,46,0,77.57,5.93,0,Normal
2026-03-01 11:28:33,0.29,22.66,4.48,57,57,0,95.21,3.15,0,Normal
2026-03-01 11:28:34,0.08,66.9,3.08,46,46,0,76.42,3.75,0,Normal
2026-03-01 11:28:35,0.07,22.23,2.54,49,49,0,79.32,2.82,0,Normal
2026-03-01 11:28:36,0.14,52.53,3.88,50,50,0,81.9,3.99,0,Normal
2026-03-01 11:28:37,0.89,32.46,4.44,57,56,1,93.97,4.3,0,Normal
2026-03-01 11:28:38,0.1,38.23,1.88,42,42,0,69.16,1.94,0,Normal
2026-03-01 11:28:39,0.02,72.83,2.87,42,42,0,70.08,2.01,0,Normal
2026-03-01 11:28:40,0.75,31.9,3.05,60,60,0,99.62,2.43,0,Normal
2026-03-01 11:28:41,0.2,30.19,2.92,51,51,0,85.26,1.8,0,Normal
2026-03-01 11:28:42,0.34,20.7,2.45,52,52,0,85.56,2.84,0,Normal
2026-03-01 11:28:43,0.76,39.46,1.82,44,44,0,73.21,2.26,0,Normal
2026-03-01 11:28:44,0.49,29.29,2.9,56,56,0,93.68,3.33,0,Normal
2026-03-01 11:28:45,0.56,57.58,2.93,42,42,0,70.6,3.42,0,Normal
2026-03-01 11:28:46,0.23,77.12,2.68,47,47,0,76.22,3.46,0,Normal
2026-03-01 11:28:47,0.41,55.95,4.45,54,54,0,90.8,5.17,0,Normal
2026-03-01 11:28:48,1.16,56.34,1.79,50,49,1,80.65,1.58,0,Normal
2026-03-01 11:28:49,0.77,31.43,3.77,48,48,0,78.59,2.98,0,Normal
2026-03-01 11:28:50,0.33,36.05,1.48,44,44,0,75.77,1.38,0,Normal
2026-03-01 11:28:51,0.03,31.34,3.22,50,50,0,85.09,3.13,0,Normal
2026-03-01 11:28:52,1.36,53.15,1.2,54,53,1,89.87,0.98,0,Normal
2026-03-01 11:28:53,0.09,28.08,2.22,42,42,0,70.23,1.86,0,Normal
2026-03-01 11:28:54,0.16,29.03,3.29,43,43,0,71.37,3.84,0,Normal
2026-03-01 11:28:55,0.05,28.85,1.75,51,51,0,87.91,1.34,0,Normal
2026-03-01 11:28:56,0.06,27.64,1.75,46,46,0,77.48,2.13,0,Normal
2026-03-01 11:28:57,0.56,28.15,5.16,58,58,0,96.09,4.16,0,Normal
2026-03-01 11:28:58,0.05,37.33,1.62,43,43,0,70.75,1.5,0,Normal
2026-03-01 11:28:59,0.07,59.44,3.15,60,60,0,101.27,2.58,0,Normal
2026-03-01 11:29:00,0.07,28.63,6.45,45,45,0,75.08,8.11,0,Normal
2026-03-01 11:29:01,0.16,57.18,3.54,55,55,0,93.95,3.24,0,Normal
2026-03-01 11:29:02,0.42,31.96,3.36,51,51,0,85.79,4.65,0,Normal
2026-03-01 11:29:03,0.36,58.36,2.41,47,47,0,77.16,2.6,0,Normal
2026-03-01 11:29:04,0.45,23.46,2.41,49,49,0,85.11,1.48,0,Normal
2026-03-01 11:29:05,0.45,53.95,3.08,51,51,0,84.15,3.85,0,Normal
2026-03-01 11:29:06,0.0,23.12,1.35,54,54,0,88.89,1.56,0,Normal
2026-03-01 11:29:07,0.4,32.6,5.24,51,51,0,85.55,4.22,0,Normal
2026-03-01 11:29:08,0.4,57.2,3.65,42,42,0,71.26,2.97,0,Normal
2026-03-01 11:29:09,0.02,20.36,1.51,51,51,0,84.33,1.5,0,Normal
2026-03-01 11:29:10,0.19,30.35,5.27,43,43,0,73.28,5.97,0,Normal
2026-03-01 11:29:11,0.03,36.23,4.51,53,53,0,88.3,5.95,0,Normal
2026-03-01 11:29:12,0.07,26.59,4.05,42,42,0,74.23,2.97,0,Normal
2026-03-01 11:29:13,0.24,29.88,9.08,42,42,0,71.06,6.67,0,Normal
2026-03-01 11:29:14,0.0,32.38,3.47,51,51,0,84.05,4.01,0,Normal
2026-03-01 11:29:15,0.03,20.08,6.61,58,58,0,96.38,5.65,0,Normal
2026-03-01 11:29:16,0.03,28.91,3.36,50,50,0,84.74,2.63,0,Normal
2026-03-01 11:29:17,0.05,73.7,4.07,55,55,0,91.18,4.68,0,Normal
2026-03-01 11:29:18,0.02,24.44,2.59,58,58,0,97.33,1.68,0,Normal
2026-03-01 11:29:19,0.33,32.99,1.42,53,53,0,91.99,1.46,0,Normal
2026-03-01 11:29:20,0.07,28.16,1.46,58,58,0,98.4,1.62,0,Normal
2026-03-01 11:29:21,0.69,23.95,3.2,51,51,0,86.57,2.9,0,Normal
2026-03-01 11:29:22,0.76,27.42,2.98,42,42,0,73.54,2.09,0,Normal
2026-03-01 11:29:23,0.41,24.84,1.95,59,59,0,97.98,1.71,0,Normal
2026-03-01 11:29:24,0.02,55.15,2.93,60,60,0,100.78,2.77,0,Normal
2026-03-01 11:29:25,0.78,58.12,4.07,60,60,0,100.35,2.96,0,Normal
2026-03-01 11:29:26,0.19,28.41,5.94,55,55,0,91.46,5.88,0,Normal
2026-03-01 11:29:27,0.07,27.0,2.43,42,42,0,70.18,2.12,0,Normal
2026-03-01 11:29:28,0.53,26.41,3.96,57,57,0,95.08,5.23,0,Normal
2026-03-01 11:29:29,0.15,59.88,7.26,50,50,0,83.01,4.73,0,Normal
2026-03-01 11:29:30,0.25,53.76,4.65,42,42,0,70.12,5.29,0,Normal
2026-03-01 11:29:31,0.48,21.14,2.35,46,46,0,76.3,2.77,0,Normal
2026-03-01 11:29:32,0.04,26.49,3.48,51,51,0,86.17,3.78,0,Normal
2026-03-01 11:29:33,0.07,16.16,3.61,60,60,0,99.37,3.67,0,Normal
2026-03-01 11:29:34,1.21,27.03,4.42,50,49,1,83.85,3.06,0,Normal
2026-03-01 11:29:35,0.44,28.9,3.38,46,46,0,78.37,3.67,0,Normal
2026-03-01 11:29:36,0.09,31.42,4.13,51,51,0,86.35,4.35,0,Normal
2026-03-01 11:29:37,0.3,28.92,5.25,46,46,0,76.59,6.99,0,Normal
2026-03-01 11:29:38,0.07,31.29,2.07,49,49,0,82.39,2.68,0,Normal
2026-03-01 11:29:39,0.7,28.39,1.83,54,54,0,90.53,1.13,0,Normal
2026-03-01 11:29:40,0.21,60.93,4.37,50,50,0,84.04,6.06,0,Normal
2026-03-01 11:29:41,0.58,21.3,3.1,60,60,0,98.79,3.26,0,Normal
2026-03-01 11:29:42,1.25,26.42,4.9,59,58,1,97.6,6.53,0,Normal
2026-03-01 11:29:43,1.38,55.13,5.42,60,59,1,99.61,3.9,0,Normal
2026-03-01 11:29:44,0.05,27.28,1.44,54,54,0,92.89,1.67,0,Normal
2026-03-01 11:29:45,1.01,25.05,2.28,42,42,0,69.05,2.2,0,Normal
2026-03-01 11:29:46,0.11,30.51,3.14,53,53,0,87.26,2.22,0,Normal
2026-03-01 11:29:47,0.16,28.29,2.09,55,55,0,93.88,1.29,0,Normal
2026-03-01 11:29:48,0.02,30.68,2.68,56,56,0,91.81,2.07,0,Normal
2026-03-01 11:29:49,0.36,58.54,1.87,45,45,0,77.78,1.15,0,Normal
2026-03-01 11:29:50,0.36,26.92,2.73,55,55,0,94.17,2.94,0,Normal
2026-03-01 11:29:51,0.53,27.29,2.15,51,51,0,86.55,1.81,0,Normal
2026-03-01 11:29:52,1.02,53.63,3.88,46,46,0,75.0,5.28,0,Normal
2026-03-01 11:29:53,0.2,42.68,4.98,49,49,0,82.08,5.51,0,Normal
2026-03-01 11:29:54,0.18,22.07,3.99,42,42,0,70.48,4.83,0,Normal
2026-03-01 11:29:55,0.36,28.25,10.69,52,52,0,87.79,10.12,0,Normal
2026-03-01 11:29:56,0.39,20.83,5.07,55,55,0,93.23,4.12,0,Normal
2026-03-01 11:29:57,0.21,27.87,4.98,54,54,0,89.6,6.05,0,Normal
2026-03-01 11:29:58,0.88,62.23,3.2,55,55,0,93.99,3.12,0,Normal
2026-03-01 11:29:59,0.02,27.28,2.89,45,45,0,76.38,4.05,0,Normal
2026-03-01 11:30:00,0.49,28.93,5.89,46,46,0,78.05,6.32,0,Normal
2026-03-01 11:30:01,0.08,59.81,2.96,58,58,0,97.1,3.78,0,Normal
2026-03-01 11:30:02,0.24,17.3,3.37,58,58,0,98.02,2.8,0,Normal
2026-03-01 11:30:03,0.67,36.55,3.07,60,60,0,97.59,2.89,0,Normal
2026-03-01 11:30:04,0.14,51.4,4.23,53,53,0,89.64,3.35,0,Normal
2026-03-01 11:30:05,0.8,55.47,4.96,42,42,0,73.05,6.05,0,Normal
2026-03-01 11:30:06,0.21,22.63,5.36,42,42,0,71.73,6.46,0,Normal
2026-03-01 11:30:07,0.42,59.21,2.9,52,52,0,88.36,3.11,0,Normal
2026-03-01 11:30:08,0.45,30.17,3.6,43,43,0,73.4,4.27,0,Normal
2026-03-01 11:30:09,0.11,57.65,3.85,43,43,0,74.05,3.42,0,Normal
2026-03-01 11:30:10,0.81,75.34,6.42,52,52,0,87.06,8.36,0,Normal
2026-03-01 11:30:11,0.05,34.3,1.49,52,52,0,88.84,1.99,0,Normal
2026-03-01 11:30:12,0.31,17.55,3.34,48,48,0,81.33,3.78,0,Normal
2026-03-01 11:30:13,0.93,26.17,2.49,42,42,0,70.66,2.23,0,Normal
2026-03-01 11:30:14,0.01,57.42,2.61,51,51,0,87.71,3.33,0,Normal
2026-03-01 11:30:15,0.27,57.5,2.26,49,49,0,81.29,3.13,0,Normal
2026-03-01 11:30:16,0.1,35.32,4.23,55,55,0,91.43,4.5,0,Normal
2026-03-01 11:30:17,0.07,68.23,1.1,59,59,0,95.58,1.24,0,Normal
2026-03-01 11:30:18,0.09,73.66,3.12,60,60,0,99.41,3.99,0,Normal
2026-03-01 11:30:19,0.82,65.26,1.46,54,54,0,90.06,1.66,0,Normal
2026-03-01 11:30:20,0.19,69.39,2.43,51,51,0,85.6,1.84,0,Normal
2026-03-01 11:30:21,0.09,29.69,3.02,51,51,0,86.35,2.83,0,Normal
2026-03-01 11:30:22,0.92,19.92,2.77,51,51,0,87.0,3.01,0,Normal
2026-03-01 11:30:23,0.14,57.17,4.51,49,49,0,80.33,4.38,0,Normal
2026-03-01 11:30:24,0.45,76.85,5.83,42,42,0,70.72,6.66,0,Normal
2026-03-01 11:30:25,0.27,28.37,8.01,58,58,0,95.97,6.61,0,Normal
2026-03-01 11:30:26,0.4,25.65,3.31,55,55,0,90.4,2.41,0,Normal
2026-03-01 11:30:27,0.07,55.26,5.6,48,48,0,81.13,3.49,0,Normal
2026-03-01 11:30:28,0.4,59.27,6.42,42,42,0,70.71,4.05,0,Normal
2026-03-01 11:30:29,0.83,23.74,2.68,52,52,0,88.1,2.37,0,Normal
2026-03-01 11:30:30,0.04,28.89,5.78,49,49,0,83.19,3.57,0,Normal
2026-03-01 11:30:31,0.14,37.56,1.25,42,42,0,69.84,1.02,0,Normal
2026-03-01 11:30:32,1.26,55.61,3.8,53,52,1,89.0,3.84,0,Normal
2026-03-01 11:30:33,0.09,70.35,6.84,49,49,0,80.94,8.17,0,Normal
2026-03-01 11:30:34,0.02,63.77,3.47,51,51,0,84.1,3.72,0,Normal
2026-03-01 11:30:35,0.02,32.02,3.05,60,60,0,101.4,3.13,0,Normal
2026-03-01 11:30:36,0.11,47.28,3.04,43,43,0,72.56,2.41,0,Normal
2026-03-01 11:30:37,0.24,53.22,6.43,42,42,0,69.35,3.94,0,Normal
2026-03-01 11:30:38,0.11,21.51,1.62,53,53,0,87.79,1.14,0,Normal
2026-03-01 11:30:39,0.12,65.01,2.78,52,52,0,87.93,3.86,0,Normal
2026-03-01 11:30:40,0.62,62.83,4.85,52,52,0,87.74,6.51,0,Normal
2026-03-01 11:30:41,0.51,49.53,3.83,52,52,0,85.8,3.25,0,Normal
2026-03-01 11:30:42,0.13,30.03,5.66,53,53,0,88.08,4.85,0,Normal
2026-03-01 11:30:43,0.15,29.59,4.51,55,55,0,91.03,5.93,0,Normal
2026-03-01 11:30:44,1.22,16.39,2.68,50,49,1,79.14,1.78,0,Normal
2026-03-01 11:30:45,1.05,21.47,4.31,46,46,0,79.33,3.18,0,Normal
2026-03-01 11:30:46,1.27,34.26,1.83,57,56,1,94.44,1.27,0,Normal
2026-03-01 11:30:47,0.98,32.18,1.34,47,47,0,80.7,1.74,0,Normal
2026-03-01 11:30:48,0.35,22.9,2.52,42,42,0,70.1,1.53,0,Normal
2026-03-01 11:30:49,0.13,64.8,3.44,58,58,0,95.98,2.1,0,Normal
2026-03-01 11:30:50,1.22,13.3,2.3,53,52,1,86.05,2.88,0,Normal
2026-03-01 11:30:51,0.48,36.83,3.59,50,50,0,82.69,3.98,0,Normal
2026-03-01 11:30:52,0.43,28.25,3.41,58,58,0,96.66,3.58,0,Normal
2026-03-01 11:30:53,0.56,39.3,1.44,55,55,0,90.08,1.92,0,Normal
2026-03-01 11:30:54,0.32,50.82,2.6,45,45,0,75.02,2.57,0,Normal
2026-03-01 11:30:55,0.31,29.7,5.07,60,60,0,99.94,4.94,0,Normal
2026-03-01 11:30:56,0.16,33.35,4.13,44,44,0,75.23,3.87,0,Normal
2026-03-01 11:30:57,0.06,37.83,2.43,58,58,0,98.25,2.72,0,Normal
2026-03-01 11:30:58,0.2,31.01,4.39,60,60,0,100.23,3.77,0,Normal
2026-03-01 11:30:59,0.25,28.01,7.31,42,42,0,71.27,8.3,0,Normal
2026-03-01 11:31:00,0.74,28.17,2.74,53,53,0,87.4,3.19,0,Normal
2026-03-01 11:31:01,0.18,21.72,4.64,56,56,0,92.19,3.57,0,Normal
2026-03-01 11:31:02,0.75,25.71,4.32,50,50,0,83.86,4.65,0,Normal
2026-03-01 11:31:03,0.13,47.68,2.68,42,42,0,70.71,3.16,0,Normal
2026-03-01 11:31:04,1.01,36.29,1.99,42,42,0,70.35,2.73,0,Normal
2026-03-01 11:31:05,0.01,25.42,6.98,42,42,0,72.59,9.43,0,Normal
2026-03-01 11:31:06,0.26,34.38,5.42,60,60,0,101.83,4.14,0,Normal
2026-03-01 11:31:07,0.14,27.51,2.93,43,43,0,73.79,3.11,0,Normal
2026-03-01 11:31:08,0.12,35.46,5.73,49,49,0,81.49,5.59,0,Normal
2026-03-01 11:31:09,0.03,32.06,4.26,54,54,0,91.22,3.75,0,Normal
2026-03-01 11:31:10,0.4,31.66,5.71,47,47,0,77.39,4.99,0,Normal
2026-03-01 11:31:11,0.17,33.87,1.48,42,42,0,69.46,2.04,0,Normal
2026-03-01 11:31:12,1.04,33.0,2.76,56,55,1,92.9,1.74,0,Normal
2026-03-01 11:31:13,0.44,34.38,6.74,54,54,0,89.39,8.64,0,Normal
2026-03-01 11:31:14,0.2,54.52,10.95,53,53,0,87.85,10.54,0,Normal
2026-03-01 11:31:15,0.35,37.7,2.79,42,42,0,71.21,2.93,0,Normal
2026-03-01 11:31:16,0.02,30.8,2.76,53,53,0,87.89,3.29,0,Normal
2026-03-01 11:31:17,0.31,48.83,4.51,60,60,0,102.24,4.36,0,Normal
2026-03-01 11:31:18,0.38,30.2,3.88,45,45,0,75.28,5.39,0,Normal
2026-03-01 11:31:19,0.04,16.44,4.22,50,50,0,83.74,5.46,0,Normal
2026-03-01 11:31:20,0.4,32.97,1.25,47,47,0,79.34,0.97,0,Normal
2026-03-01 11:31:21,0.22,21.64,2.98,60,60,0,100.6,3.39,0,Normal
2026-03-01 11:31:22,0.23,34.73,4.77,56,56,0,94.5,4.68,0,Normal
2026-03-01 11:31:23,0.45,73.75,1.15,60,60,0,99.42,1.02,0,Normal
2026-03-01 11:31:24,0.21,19.29,1.6,49,49,0,78.24,1.41,0,Normal
2026-03-01 11:31:25,0.09,27.7,1.49,56,56,0,91.96,1.09,0,Normal
2026-03-01 11:31:26,0.12,21.61,4.45,58,58,0,96.76,4.3,0,Normal
2026-03-01 11:31:27,0.47,17.63,2.19,56,56,0,94.82,2.35,0,Normal
2026-03-01 11:31:28,0.03,27.36,1.93,45,45,0,78.84,2.4,0,Normal
2026-03-01 11:31:29,0.64,31.81,3.4,49,49,0,81.43,2.83,0,Normal
2026-03-01 11:31:30,0.31,32.53,1.9,51,51,0,84.7,2.32,0,Normal
2026-03-01 11:31:31,0.45,28.92,4.07,42,42,0,71.07,4.24,0,Normal
2026-03-01 11:31:32,0.15,52.29,9.84,48,48,0,80.97,7.93,0,Normal
2026-03-01 11:31:33,0.09,28.74,2.81,53,53,0,89.42,3.46,0,Normal
2026-03-01 11:31:34,0.57,19.04,1.38,54,54,0,90.34,1.5,0,Normal
2026-03-01 11:31:35,0.04,19.44,2.71,49,49,0,79.35,3.69,0,Normal
2026-03-01 11:31:36,0.06,22.02,4.14,51,51,0,85.98,3.44,0,Normal
2026-03-01 11:31:37,0.12,34.3,3.96,46,46,0,77.21,5.45,0,Normal
2026-03-01 11:31:38,0.15,58.01,4.84,44,44,0,71.54,5.06,0,Normal
2026-03-01 11:31:39,0.08,29.94,2.54,48,48,0,81.51,2.45,0,Normal
2026-03-01 11:31:40,0.85,22.82,2.93,45,45,0,76.69,3.8,0,Normal
2026-03-01 11:31:41,0.01,46.5,1.1,42,42,0,71.4,0.8,0,Normal
2026-03-01 11:31:42,0.57,19.78,4.38,42,42,0,69.95,4.24,0,Normal
2026-03-01 11:31:43,0.19,48.74,1.84,55,55,0,92.73,1.29,0,Normal
2026-03-01 11:31:44,0.63,41.18,3.63,47,47,0,77.61,3.96,0,Normal
2026-03-01 11:31:45,0.56,31.34,2.24,58,58,0,95.36,1.42,0,Normal
2026-03-01 11:31:46,0.05,45.65,3.19,42,42,0,70.41,4.42,0,Normal
2026-03-01 11:31:47,0.38,57.0,5.11,60,60,0,98.55,3.1,0,Normal
2026-03-01 11:31:48,0.17,18.28,2.73,50,50,0,83.8,3.67,0,Normal
2026-03-01 11:31:49,0.6,22.94,2.38,48,48,0,80.56,2.65,0,Normal
2026-03-01 11:31:50,0.67,25.21,3.32,54,54,0,89.49,4.18,0,Normal
2026-03-01 11:31:51,0.07,25.69,2.49,43,43,0,75.15,2.2,0,Normal
2026-03-01 11:31:52,0.23,66.54,2.17,47,47,0,78.06,1.73,0,Normal
2026-03-01 11:31:53,0.32,28.29,7.69,55,55,0,92.72,5.68,0,Normal
2026-03-01 11:31:54,0.27,22.9,1.44,52,52,0,87.07,1.48,0,Normal
2026-03-01 11:31:55,0.1,62.82,4.46,54,54,0,92.13,3.62,0,Normal
2026-03-01 11:31:56,0.11,55.01,3.12,54,54,0,90.22,4.07,0,Normal
2026-03-01 11:31:57,0.68,33.32,2.29,45,45,0,73.7,1.43,0,Normal
2026-03-01 11:31:58,0.01,52.63,3.88,60,60,0,101.42,2.59,0,Normal
2026-03-01 11:31:59,0.11,30.78,3.37,54,54,0,88.47,2.61,0,Normal
2026-03-01 11:32:00,0.09,43.6,6.01,52,52,0,86.09,4.01,0,Normal
2026-03-01 11:32:01,0.16,28.94,1.99,49,49,0,81.55,2.52,0,Normal
2026-03-01 11:32:02,0.41,55.35,2.63,42,42,0,69.85,1.59,0,Normal
2026-03-01 11:32:03,0.27,26.01,5.23,42,42,0,70.04,5.87,0,Normal
2026-03-01 11:32:04,0.27,29.01,3.03,46,46,0,76.64,2.92,0,Normal
2026-03-01 11:32:05,0.46,28.64,4.25,52,52,0,87.55,5.17,0,Normal
2026-03-01 11:32:06,0.59,61.63,5.74,42,42,0,69.54,5.32,0,Normal
2026-03-01 11:32:07,0.06,63.19,4.28,47,47,0,79.61,4.77,0,Normal
2026-03-01 11:32:08,0.04,13.04,2.52,46,46,0,76.02,2.8,0,Normal
2026-03-01 11:32:09,0.13,26.5,2.84,50,50,0,82.1,2.53,0,Normal
2026-03-01 11:32:10,0.62,22.47,5.76,55,55,0,90.7,3.98,0,Normal
2026-03-01 11:32:11,0.27,29.09,3.56,46,46,0,76.66,3.37,0,Normal
2026-03-01 11:32:12,0.05,34.1,3.03,54,54,0,92.18,3.94,0,Normal
2026-03-01 11:32:13,0.06,19.56,3.95,48,48,0,80.6,4.88,0,Normal
2026-03-01 11:32:14,0.8,42.12,1.86,48,48,0,79.95,1.67,0,Normal
2026-03-01 11:32:15,0.16,29.21,2.98,49,49,0,82.26,3.86,0,Normal
2026-03-01 11:32:16,0.1,53.75,3.2,48,48,0,78.83,3.05,0,Normal
2026-03-01 11:32:17,0.41,19.36,3.18,42,42,0,68.0,2.41,0,Normal
2026-03-01 11:32:18,0.69,27.72,2.78,42,42,0,69.08,3.59,0,Normal
2026-03-01 11:32:19,0.2,33.83,2.89,52,52,0,85.79,2.87,0,Normal
2026-03-01 11:32:20,0.55,29.26,3.15,42,42,0,74.16,2.99,0,Normal
2026-03-01 11:32:21,0.2,28.84,6.41,50,50,0,86.88,5.05,0,Normal
2026-03-01 11:32:22,0.41,27.69,1.23,53,53,0,91.91,1.49,0,Normal
2026-03-01 11:32:23,0.3,19.73,4.55,50,50,0,82.18,4.73,0,Normal
2026-03-01 11:32:24,0.79,19.7,3.19,50,50,0,86.63,2.45,0,Normal
2026-03-01 11:32:25,0.14,35.02,3.23,49,49,0,81.25,2.61,0,Normal
2026-03-01 11:32:26,0.52,33.29,2.77,52,52,0,89.83,2.51,0,Normal
2026-03-01 11:32:27,0.4,34.18,4.16,49,49,0,82.98,4.28,0,Normal
2026-03-01 11:32:28,0.64,23.06,5.09,49,49,0,80.83,6.33,0,Normal
2026-03-01 11:32:29,0.33,27.05,1.41,54,54,0,93.2,1.08,0,Normal
2026-03-01 11:32:30,0.22,35.39,8.52,60,60,0,103.22,10.14,0,Normal
2026-03-01 11:32:31,0.02,20.63,3.54,51,51,0,84.09,4.72,0,Normal
2026-03-01 11:32:32,0.64,64.56,3.49,60,60,0,101.29,3.2,0,Normal
2026-03-01 11:32:33,0.84,60.88,1.77,42,42,0,67.65,1.58,0,Normal
2026-03-01 11:32:34,0.21,22.87,2.57,53,53,0,88.45,2.52,0,Normal
2026-03-01 11:32:35,0.09,27.81,6.12,59,59,0,98.54,7.67,0,Normal
2026-03-01 11:32:36,0.36,21.3,3.42,60,60,0,100.19,2.31,0,Normal
2026-03-01 11:32:37,0.05,16.62,4.0,53,53,0,91.46,3.64,0,Normal
2026-03-01 11:32:38,0.01,28.46,2.7,42,42,0,68.56,1.68,0,Normal
2026-03-01 11:32:39,0.12,31.21,8.06,42,42,0,70.22,8.17,0,Normal
2026-03-01 11:32:40,0.4,57.61,3.1,51,51,0,86.81,4.2,0,Normal
2026-03-01 11:32:41,0.59,31.64,5.52,59,59,0,97.15,4.02,0,Normal
2026-03-01 11:32:42,0.06,50.5,3.1,54,54,0,89.39,2.49,0,Normal
2026-03-01 11:32:43,1.02,36.17,3.88,46,46,0,78.95,4.5,0,Normal
2026-03-01 11:32:44,0.28,32.43,3.89,47,47,0,80.98,4.48,0,Normal
2026-03-01 11:32:45,0.91,30.81,5.03,52,52,0,86.71,5.42,0,Normal
2026-03-01 11:32:46,0.06,35.38,4.63,57,57,0,97.05,3.67,0,Normal
2026-03-01 11:32:47,0.21,66.67,2.68,54,54,0,93.06,1.75,0,Normal
2026-03-01 11:32:48,0.2,25.12,5.59,55,55,0,91.79,4.35,0,Normal
2026-03-01 11:32:49,0.19,16.85,2.13,49,49,0,83.51,2.36,0,Normal
2026-03-01 11:32:50,0.93,31.98,1.95,55,54,1,90.09,1.63,0,Normal
2026-03-01 11:32:51,0.66,23.54,2.91,50,50,0,81.97,3.71,0,Normal
2026-03-01 11:32:52,0.55,46.12,3.96,56,56,0,94.09,4.33,0,Normal
2026-03-01 11:32:53,0.12,24.89,2.1,50,50,0,83.63,1.34,0,Normal
2026-03-01 11:32:54,0.14,28.64,3.21,55,55,0,91.01,2.15,0,Normal
2026-03-01 11:32:55,0.11,50.85,1.78,42,42,0,70.05,1.47,0,Normal
2026-03-01 11:32:56,0.55,25.07,2.94,56,56,0,93.74,3.11,0,Normal
2026-03-01 11:32:57,0.17,20.52,5.14,54,54,0,91.14,6.94,0,Normal
2026-03-01 11:32:58,1.35,20.32,2.27,60,59,1,100.68,1.55,0,Normal
2026-03-01 11:32:59,0.16,51.43,1.92,52,52,0,88.92,2.42,0,Normal
2026-03-01 11:33:00,0.07,31.27,3.94,51,51,0,85.55,4.17,0,Normal
2026-03-01 11:33:01,0.93,50.08,2.33,52,52,0,86.54,2.08,0,Normal
2026-03-01 11:33:02,0.53,39.6,9.88,52,52,0,89.37,11.01,0,Normal
2026-03-01 11:33:03,0.31,20.54,3.62,60,60,0,100.65,4.45,0,Normal
2026-03-01 11:33:04,0.68,36.86,5.27,42,42,0,69.66,4.67,0,Normal
2026-03-01 11:33:05,1.04,51.62,1.84,44,44,0,74.18,2.45,0,Normal
2026-03-01 11:33:06,0.69,35.66,4.08,49,49,0,79.58,4.25,0,Normal
2026-03-01 11:33:07,0.82,29.41,2.11,60,60,0,100.1,1.53,0,Normal
2026-03-01 11:33:08,0.11,25.97,3.06,44,44,0,73.11,3.18,0,Normal
2026-03-01 11:33:09,0.25,35.66,2.37,53,53,0,87.86,2.87,0,Normal
2026-03-01 11:33:10,0.56,23.25,5.3,43,43,0,72.81,5.67,0,Normal
2026-03-01 11:33:11,0.26,58.64,3.84,60,60,0,102.42,4.09,0,Normal
2026-03-01 11:33:12,0.36,43.95,3.5,43,43,0,74.78,2.18,0,Normal
2026-03-01 11:33:13,0.9,49.94,6.13,52,52,0,86.62,5.95,0,Normal
2026-03-01 11:33:14,0.12,29.67,3.34,60,60,0,100.38,2.98,0,Normal
2026-03-01 11:33:15,0.27,32.45,5.28,49,49,0,81.3,3.35,0,Normal
2026-03-01 11:33:16,0.29,22.42,7.47,53,53,0,89.85,8.55,0,Normal
2026-03-01 11:33:17,0.16,30.76,3.54,48,48,0,77.84,2.64,0,Normal
2026-03-01 11:33:18,0.16,44.63,3.73,44,44,0,73.34,3.28,0,Normal
2026-03-01 11:33:19,0.51,21.71,5.1,54,54,0,91.16,5.42,0,Normal
2026-03-01 11:33:20,0.93,55.45,6.34,56,55,1,91.47,6.04,0,Normal
2026-03-01 11:33:21,0.35,53.23,3.52,56,56,0,93.44,4.09,0,Normal
2026-03-01 11:33:22,0.23,33.22,2.49,49,49,0,83.81,3.18,0,Normal
2026-03-01 11:33:23,0.49,28.5,4.9,53,53,0,88.95,3.61,0,Normal
2026-03-01 11:33:24,1.95,31.4,4.29,53,52,1,89.15,3.53,0,Normal
2026-03-01 11:33:25,0.03,27.04,4.88,51,51,0,88.14,3.66,0,Normal
2026-03-01 11:33:26,0.37,30.43,4.55,51,51,0,86.48,4.54,0,Normal
2026-03-01 11:33:27,0.28,55.29,3.64,47,47,0,78.52,2.42,0,Normal
2026-03-01 11:33:28,0.33,24.95,3.74,57,57,0,98.13,4.46,0,Normal
2026-03-01 11:33:29,0.01,25.87,4.55,60,60,0,97.01,3.2,0,Normal
2026-03-01 11:33:30,1.09,57.96,1.73,55,54,1,88.39,2.35,0,Normal
2026-03-01 11:33:31,0.03,54.07,6.04,50,50,0,85.16,7.68,0,Normal
2026-03-01 11:33:32,0.13,49.0,4.07,46,46,0,80.99,5.59,0,Normal
2026-03-01 11:33:33,0.12,21.23,2.27,50,50,0,85.02,1.43,0,Normal
2026-03-01 11:33:34,0.46,21.25,3.61,42,42,0,70.84,2.76,0,Normal
2026-03-01 11:33:35,0.39,24.79,6.01,60,60,0,100.1,8.23,0,Normal
2026-03-01 11:33:36,0.02,28.59,3.78,50,50,0,84.83,5.25,0,Normal
2026-03-01 11:33:37,0.06,28.29,2.39,48,48,0,82.38,1.97,0,Normal
2026-03-01 11:33:38,0.13,35.44,1.87,55,55,0,93.52,2.02,0,Normal
2026-03-01 11:33:39,0.43,53.61,10.07,55,55,0,92.49,7.71,0,Normal
2026-03-01 11:33:40,0.93,28.03,1.52,55,54,1,92.27,2.0,0,Normal
2026-03-01 11:33:41,0.13,26.63,3.86,42,42,0,71.02,2.74,0,Normal
2026-03-01 11:33:42,0.26,31.1,2.55,60,60,0,101.57,2.93,0,Normal
2026-03-01 11:33:43,0.16,34.38,5.31,57,57,0,97.22,4.42,0,Normal
2026-03-01 11:33:44,0.3,31.31,1.92,49,49,0,80.92,1.73,0,Normal
2026-03-01 11:33:45,0.35,25.41,6.85,52,52,0,87.33,7.11,0,Normal
2026-03-01 11:33:46,0.26,57.81,3.14,48,48,0,80.81,2.96,0,Normal
2026-03-01 11:33:47,0.17,21.34,3.01,49,49,0,80.52,3.06,0,Normal
2026-03-01 11:33:48,0.74,29.16,2.88,44,44,0,72.29,3.3,0,Normal
2026-03-01 11:33:49,0.57,31.74,2.54,55,55,0,91.46,2.13,0,Normal
2026-03-01 11:33:50,1.95,32.41,2.81,56,55,1,93.96,3.35,0,Normal
2026-03-01 11:33:51,0.19,54.77,4.59,60,60,0,100.51,4.28,0,Normal
2026-03-01 11:33:52,0.01,36.88,1.53,46,46,0,77.47,0.94,0,Normal
2026-03-01 11:33:53,0.37,19.75,2.37,43,43,0,72.7,3.03,0,Normal
2026-03-01 11:33:54,0.54,30.43,6.51,59,59,0,100.07,5.37,0,Normal
2026-03-01 11:33:55,0.97,57.37,3.19,48,48,0,81.39,4.11,0,Normal
2026-03-01 11:33:56,0.0,27.56,2.57,58,58,0,97.54,3.07,0,Normal
2026-03-01 11:33:57,0.74,23.03,1.87,60,60,0,100.59,1.73,0,Normal
2026-03-01 11:33:58,0.25,36.67,1.96,50,50,0,85.64,2.2,0,Normal
2026-03-01 11:33:59,0.16,46.96,5.17,44,44,0,73.18,7.2,0,Normal
2026-03-01 11:34:00,0.09,49.68,2.29,49,49,0,84.36,1.94,0,Normal
2026-03-01 11:34:01,0.59,28.12,4.77,50,50,0,83.14,4.58,0,Normal
2026-03-01 11:34:02,0.16,54.86,2.14,48,48,0,80.21,1.54,0,Normal
2026-03-01 11:34:03,0.32,39.15,3.14,48,48,0,81.7,4.07,0,Normal
2026-03-01 11:34:04,0.25,30.94,3.22,59,59,0,102.67,3.35,0,Normal
2026-03-01 11:34:05,0.11,26.17,2.37,52,52,0,84.46,1.61,0,Normal
2026-03-01 11:34:06,0.54,64.17,3.44,55,55,0,93.7,3.71,0,Normal
2026-03-01 11:34:07,0.12,26.75,1.28,42,42,0,71.27,1.25,0,Normal
2026-03-01 11:34:08,0.54,71.39,3.19,42,42,0,69.88,2.7,0,Normal
2026-03-01 11:34:09,0.18,32.05,4.06,42,42,0,71.1,2.49,0,Normal
2026-03-01 11:34:10,0.01,62.07,2.28,53,53,0,87.24,1.76,0,Normal
2026-03-01 11:34:11,0.51,26.53,3.65,47,47,0,77.77,2.79,0,Normal
2026-03-01 11:34:12,0.8,27.86,3.56,49,49,0,82.96,4.17,0,Normal
2026-03-01 11:34:13,0.04,21.35,3.62,60,60,0,99.29,2.92,0,Normal
2026-03-01 11:34:14,0.31,17.3,1.81,58,58,0,97.67,2.51,0,Normal
2026-03-01 11:34:15,0.03,31.57,3.47,56,56,0,93.08,2.59,0,Normal
2026-03-01 11:34:16,0.62,23.17,1.53,50,50,0,83.32,2.01,0,Normal
2026-03-01 11:34:17,1.55,50.36,2.5,58,57,1,97.37,2.23,0,Normal
2026-03-01 11:34:18,0.24,28.05,3.31,48,48,0,78.89,4.64,0,Normal
2026-03-01 11:34:19,0.13,25.15,3.65,47,47,0,78.91,4.53,0,Normal
2026-03-01 11:34:20,0.65,13.5,1.93,43,43,0,72.96,2.09,0,Normal
2026-03-01 11:34:21,0.26,35.33,2.92,53,53,0,89.43,3.69,0,Normal
2026-03-01 11:34:22,0.21,29.76,4.75,50,50,0,83.11,6.25,0,Normal
2026-03-01 11:34:23,0.09,56.75,2.14,42,42,0,71.11,2.99,0,Normal
2026-03-01 11:34:24,0.34,22.66,1.26,45,45,0,74.06,0.93,0,Normal
2026-03-01 11:34:25,0.33,49.92,4.21,56,56,0,93.35,4.5,0,Normal
2026-03-01 11:34:26,0.11,21.61,2.17,53,53,0,91.43,1.98,0,Normal
2026-03-01 11:34:27,0.08,59.78,2.49,60,60,0,101.76,2.26,0,Normal
2026-03-01 11:34:28,0.2,31.42,3.52,55,55,0,92.4,3.89,0,Normal
2026-03-01 11:34:29,0.21,36.7,3.44,50,50,0,84.67,3.45,0,Normal
2026-03-01 11:34:30,0.05,26.7,5.26,48,48,0,79.43,6.56,0,Normal
2026-03-01 11:34:31,0.11,51.33,2.98,50,50,0,84.42,2.57,0,Normal
2026-03-01 11:34:32,0.06,27.36,3.42,44,44,0,73.24,3.51,0,Normal
2026-03-01 11:34:33,0.81,33.43,1.55,42,42,0,69.69,2.13,0,Normal
2026-03-01 11:34:34,0.03,34.78,4.4,46,46,0,77.09,2.96,0,Normal
2026-03-01 11:34:35,0.74,61.76,2.43,44,44,0,73.02,1.98,0,Normal
2026-03-01 11:34:36,0.26,28.69,14.21,56,56,0,94.29,9.68,0,Normal
2026-03-01 11:34:37,0.38,19.39,3.02,47,47,0,79.58,1.96,0,Normal
2026-03-01 11:34:38,0.9,71.26,4.02,59,58,1,97.03,2.46,0,Normal
2026-03-01 11:34:39,0.16,58.6,4.42,60,60,0,96.52,3.95,0,Normal
2026-03-01 11:34:40,0.42,59.74,3.19,47,47,0,77.66,4.08,0,Normal
2026-03-01 11:34:41,0.39,47.95,4.04,60,60,0,99.18,3.21,0,Normal
2026-03-01 11:34:42,1.56,30.01,9.16,48,47,1,79.52,7.87,0,Normal
2026-03-01 11:34:43,0.02,29.35,2.37,60,60,0,99.71,3.04,0,Normal
2026-03-01 11:34:44,0.21,26.93,1.21,44,44,0,73.17,0.87,0,Normal
2026-03-01 11:34:45,1.6,44.85,1.85,44,43,1,73.5,1.46,0,Normal
2026-03-01 11:34:46,0.14,70.93,5.2,44,44,0,72.75,6.08,0,Normal
2026-03-01 11:34:47,1.18,50.11,2.68,42,42,0,70.86,3.19,0,Normal
2026-03-01 11:34:48,0.59,35.37,9.48,53,53,0,88.11,8.41,0,Normal
2026-03-01 11:34:49,0.15,25.04,4.61,42,42,0,69.85,2.8,0,Normal
2026-03-01 11:34:50,0.01,24.84,2.47,53,53,0,87.29,2.24,0,Normal
2026-03-01 11:34:51,0.12,27.22,2.34,48,48,0,79.86,2.74,0,Normal
2026-03-01 11:34:52,0.05,36.55,2.72,52,52,0,88.12,3.18,0,Normal
2026-03-01 11:34:53,0.2,55.49,1.31,50,50,0,82.55,1.23,0,Normal
2026-03-01 11:34:54,0.98,25.63,3.76,42,42,0,69.49,3.31,0,Normal
2026-03-01 11:34:55,0.25,35.36,4.54,44,44,0,77.2,5.27,0,Normal
2026-03-01 11:34:56,0.21,28.65,2.15,42,42,0,70.95,2.92,0,Normal
2026-03-01 11:34:57,0.09,59.98,1.65,47,47,0,79.47,2.04,0,Normal
2026-03-01 11:34:58,0.34,25.14,2.2,59,59,0,98.18,1.73,0,Normal
2026-03-01 11:34:59,0.21,60.11,5.2,50,50,0,85.56,7.13,0,Normal
2026-03-01 11:35:00,0.52,40.5,4.77,48,48,0,82.45,5.18,0,Normal
2026-03-01 11:35:01,0.25,29.92,3.66,43,43,0,71.33,2.52,0,Normal
2026-03-01 11:35:02,0.76,24.6,6.95,42,42,0,72.16,6.04,0,Normal
2026-03-01 11:35:03,0.53,52.29,1.55,57,57,0,97.77,1.83,0,Normal
2026-03-01 11:35:04,0.05,23.43,3.02,57,57,0,92.66,3.92,0,Normal
2026-03-01 11:35:05,0.05,66.14,4.27,60,60,0,102.09,4.37,0,Normal
2026-03-01 11:35:06,0.01,23.71,4.74,56,56,0,92.93,3.36,0,Normal
2026-03-01 11:35:07,0.16,27.52,4.77,52,52,0,89.35,3.33,0,Normal
2026-03-01 11:35:08,0.02,28.72,4.6,59,59,0,97.92,3.96,0,Normal
2026-03-01 11:35:09,0.21,27.11,6.01,60,60,0,101.71,3.79,0,Normal
2026-03-01 11:35:10,0.1,26.67,4.68,52,52,0,84.72,4.37,0,Normal
2026-03-01 11:35:11,0.24,32.56,1.97,42,42,0,72.23,2.41,0,Normal
2026-03-01 11:35:12,0.06,62.42,2.71,56,56,0,94.19,2.62,0,Normal
2026-03-01 11:35:13,0.28,27.01,1.55,42,42,0,72.5,1.96,0,Normal
2026-03-01 11:35:14,1.19,26.94,5.2,58,57,1,94.69,5.85,0,Normal
2026-03-01 11:35:15,0.35,37.26,5.68,42,42,0,70.88,4.29,0,Normal
2026-03-01 11:35:16,0.29,25.05,1.92,54,54,0,93.0,1.48,0,Normal
2026-03-01 11:35:17,0.54,31.58,2.8,53,53,0,89.0,2.46,0,Normal
2026-03-01 11:35:18,0.0,57.51,1.51,49,49,0,82.96,1.55,0,Normal
2026-03-01 11:35:19,0.12,30.1,3.14,60,60,0,101.85,3.59,0,Normal
2026-03-01 11:35:20,1.52,53.87,2.29,52,51,1,83.35,1.69,0,Normal
2026-03-01 11:35:21,0.53,34.51,1.96,60,60,0,100.02,1.42,0,Normal
2026-03-01 11:35:22,0.03,25.69,3.28,54,54,0,92.43,2.0,0,Normal
2026-03-01 11:35:23,0.14,21.32,7.74,51,51,0,82.61,5.35,0,Normal
2026-03-01 11:35:24,0.2,23.3,4.75,60,60,0,102.48,5.71,0,Normal
2026-03-01 11:35:25,0.95,33.79,2.96,58,57,1,94.88,1.91,0,Normal
2026-03-01 11:35:26,0.31,40.49,3.25,59,59,0,102.2,3.52,0,Normal
2026-03-01 11:35:27,0.03,58.25,7.73,42,42,0,71.22,8.35,0,Normal
2026-03-01 11:35:28,0.25,55.54,5.85,50,50,0,82.8,8.15,0,Normal
2026-03-01 11:35:29,0.12,32.8,2.89,42,42,0,72.03,3.3,0,Normal
2026-03-01 11:35:30,0.14,64.15,4.16,55,55,0,94.55,4.82,0,Normal
2026-03-01 11:35:31,0.04,25.91,2.12,43,43,0,73.15,1.42,0,Normal
2026-03-01 11:35:32,0.21,29.12,3.36,45,45,0,74.93,4.37,0,Normal
2026-03-01 11:35:33,0.39,56.12,4.68,50,50,0,86.16,4.01,0,Normal
2026-03-01 11:35:34,0.5,28.39,5.25,47,47,0,77.57,4.47,0,Normal
2026-03-01 11:35:35,0.42,66.32,2.49,58,58,0,99.05,2.42,0,Normal
2026-03-01 11:35:36,0.38,34.36,5.21,49,49,0,78.71,6.08,0,Normal
2026-03-01 11:35:37,0.71,24.83,3.55,42,42,0,70.74,2.97,0,Normal
2026-03-01 11:35:38,0.14,35.53,2.92,55,55,0,91.56,3.56,0,Normal
2026-03-01 11:35:39,0.08,69.25,7.84,53,53,0,86.98,6.24,0,Normal
2026-03-01 11:35:40,0.03,29.29,2.82,43,43,0,74.2,1.97,0,Normal
2026-03-01 11:35:41,0.06,20.64,2.02,51,51,0,82.46,2.33,0,Normal
2026-03-01 11:35:42,0.06,23.0,2.45,52,52,0,89.44,3.28,0,Normal
2026-03-01 11:35:43,0.85,24.92,4.6,58,58,0,95.14,6.11,0,Normal
2026-03-01 11:35:44,0.07,37.12,2.13,48,48,0,82.22,1.38,0,Normal
2026-03-01 11:35:45,0.03,62.63,4.82,60,60,0,99.63,4.4,0,Normal
2026-03-01 11:35:46,0.18,69.72,2.26,47,47,0,76.03,1.88,0,Normal
2026-03-01 11:35:47,0.07,50.19,3.21,49,49,0,81.64,3.09,0,Normal
2026-03-01 11:35:48,0.05,65.65,8.98,45,45,0,76.45,5.75,0,Normal
2026-03-01 11:35:49,0.16,52.06,2.23,42,42,0,69.21,2.07,0,Normal
2026-03-01 11:35:50,0.88,38.83,1.34,45,45,0,75.99,1.83,0,Normal
2026-03-01 11:35:51,0.01,28.11,6.14,42,42,0,71.59,6.47,0,Normal
2026-03-01 11:35:52,0.08,36.92,1.77,60,60,0,103.04,1.37,0,Normal
2026-03-01 11:35:53,0.61,65.7,2.3,55,55,0,92.49,2.87,0,Normal
2026-03-01 11:35:54,0.1,29.45,4.61,49,49,0,84.07,4.23,0,Normal
2026-03-01 11:35:55,0.2,58.17,4.53,52,52,0,88.63,2.95,0,Normal
2026-03-01 11:35:56,0.04,24.7,1.14,60,60,0,100.66,1.01,0,Normal
2026-03-01 11:35:57,0.55,58.95,2.85,54,54,0,92.44,3.56,0,Normal
2026-03-01 11:35:58,0.47,30.74,4.87,52,52,0,88.7,3.78,0,Normal
2026-03-01 11:35:59,0.05,33.01,8.27,60,60,0,100.55,7.12,0,Normal
2026-03-01 11:36:00,1.03,19.33,1.9,50,49,1,83.39,1.55,0,Normal
2026-03-01 11:36:01,0.31,16.32,5.37,42,42,0,70.97,7.08,0,Normal
2026-03-01 11:36:02,0.56,61.93,2.46,59,59,0,99.94,2.06,0,Normal
2026-03-01 11:36:03,0.51,25.55,5.31,49,49,0,85.14,4.2,0,Normal
2026-03-01 11:36:04,0.26,57.61,2.08,43,43,0,71.03,2.79,0,Normal
2026-03-01 11:36:05,0.48,26.32,2.99,53,53,0,89.42,4.19,0,Normal
2026-03-01 11:36:06,0.1,61.1,3.95,60,60,0,100.85,4.25,0,Normal
2026-03-01 11:36:07,0.01,30.51,5.1,50,50,0,85.18,6.88,0,Normal
2026-03-01 11:36:08,0.15,21.86,4.29,50,50,0,83.32,5.21,0,Normal
2026-03-01 11:36:09,0.06,36.76,2.74,60,60,0,99.95,2.05,0,Normal
2026-03-01 11:36:10,1.39,54.88,2.65,42,41,1,68.78,3.04,0,Normal
2026-03-01 11:36:11,0.9,37.36,7.39,51,51,0,86.39,9.11,0,Normal
2026-03-01 11:36:12,0.05,27.24,3.76,46,46,0,76.59,4.49,0,Normal
2026-03-01 11:36:13,0.15,25.97,2.68,53,53,0,85.06,2.74,0,Normal
2026-03-01 11:36:14,0.25,21.34,4.23,42,42,0,69.13,4.28,0,Normal
2026-03-01 11:36:15,0.18,52.19,4.39,57,57,0,97.88,5.53,0,Normal
2026-03-01 11:36:16,0.42,41.53,1.81,60,60,0,103.12,2.08,0,Normal
2026-03-01 11:36:17,0.25,30.48,4.13,60,60,0,100.06,5.1,0,Normal
2026-03-01 11:36:18,0.29,38.35,1.69,51,51,0,88.38,1.29,0,Normal
2026-03-01 11:36:19,0.4,24.0,2.48,53,53,0,88.55,3.41,0,Normal
2026-03-01 11:36:20,0.01,50.87,2.13,52,52,0,85.06,2.53,0,Normal
2026-03-01 11:36:21,0.0,28.95,3.13,50,50,0,83.54,2.94,0,Normal
2026-03-01 11:36:22,0.07,66.5,2.73,51,51,0,86.77,2.94,0,Normal
2026-03-01 11:36:23,0.44,30.97,3.03,46,46,0,76.43,3.37,0,Normal
2026-03-01 11:36:24,0.1,42.24,1.42,52,52,0,88.27,1.76,0,Normal
2026-03-01 11:36:25,0.88,27.4,3.21,44,44,0,74.32,3.72,0,Normal
2026-03-01 11:36:26,0.03,20.82,2.02,60,60,0,100.37,2.58,0,Normal
2026-03-01 11:36:27,0.3,28.17,9.28,42,42,0,71.72,8.5,0,Normal
2026-03-01 11:36:28,0.01,23.65,2.77,45,45,0,77.44,2.6,0,Normal
2026-03-01 11:36:29,1.25,24.06,2.96,48,47,1,79.23,2.22,0,Normal
2026-03-01 11:36:30,0.08,20.0,4.54,56,56,0,94.96,4.6,0,Normal
2026-03-01 11:36:31,0.31,55.43,6.02,52,52,0,85.18,5.55,0,Normal
2026-03-01 11:36:32,1.07,23.93,1.95,57,56,1,96.17,2.21,0,Normal
2026-03-01 11:36:33,0.01,24.25,4.3,60,60,0,100.0,4.65,0,Normal
2026-03-01 11:36:34,0.25,37.18,5.13,47,47,0,77.67,6.6,0,Normal
2026-03-01 11:36:35,0.26,31.41,3.61,51,51,0,87.01,2.65,0,Normal
2026-03-01 11:36:36,0.15,15.79,3.58,59,59,0,98.54,4.76,0,Normal
2026-03-01 11:36:37,0.37,45.28,2.64,57,57,0,94.72,2.05,0,Normal
2026-03-01 11:36:38,0.27,55.73,2.87,44,44,0,73.48,3.38,0,Normal
2026-03-01 11:36:39,0.1,37.33,3.16,54,54,0,88.9,3.16,0,Normal
2026-03-01 11:36:40,0.43,32.01,2.74,54,54,0,89.66,3.19,0,Normal
2026-03-01 11:36:41,0.22,21.39,4.95,57,57,0,97.29,5.09,0,Normal
2026-03-01 11:36:42,0.22,27.7,2.24,54,54,0,92.47,2.52,0,Normal
2026-03-01 11:36:43,1.06,19.31,4.88,60,59,1,99.22,5.86,0,Normal
2026-03-01 11:36:44,0.27,55.78,6.03,54,54,0,89.7,4.55,0,Normal
2026-03-01 11:36:45,0.54,21.33,3.92,59,59,0,99.74,3.43,0,Normal
2026-03-01 11:36:46,0.71,55.11,1.48,48,48,0,77.8,1.92,0,Normal
2026-03-01 11:36:47,0.3,28.98,4.37,60,60,0,102.56,5.55,0,Normal
2026-03-01 11:36:48,0.54,25.33,2.49,48,48,0,80.54,2.85,0,Normal
2026-03-01 11:36:49,0.13,52.25,2.62,47,47,0,77.41,2.21,0,Normal
2026-03-01 11:36:50,0.07,26.25,3.91,53,53,0,91.27,2.99,0,Normal
2026-03-01 11:36:51,0.42,37.0,5.46,43,43,0,72.3,3.49,0,Normal
2026-03-01 11:36:52,0.91,40.98,1.57,49,49,0,81.68,2.12,0,Normal
2026-03-01 11:36:53,0.02,25.3,3.41,50,50,0,87.07,3.78,0,Normal
2026-03-01 11:36:54,0.5,30.02,8.14,47,47,0,78.17,7.57,0,Normal
2026-03-01 11:36:55,0.01,22.95,2.02,44,44,0,75.04,2.33,0,Normal
2026-03-01 11:36:56,0.21,32.61,3.03,49,49,0,83.36,2.93,0,Normal
2026-03-01 11:36:57,0.4,49.02,2.52,45,45,0,74.33,2.22,0,Normal
2026-03-01 11:36:58,0.18,23.73,4.56,55,55,0,92.19,4.56,0,Normal
2026-03-01 11:36:59,0.13,40.01,1.89,53,53,0,88.66,2.25,0,Normal
2026-03-01 11:37:00,0.07,19.86,1.64,53,53,0,86.39,2.08,0,Normal
2026-03-01 11:37:01,1.33,13.28,4.83,42,41,1,65.93,3.28,0,Normal
2026-03-01 11:37:02,0.3,32.41,3.7,60,60,0,97.54,2.41,0,Normal
2026-03-01 11:37:03,0.05,25.79,1.95,52,52,0,86.69,1.7,0,Normal
2026-03-01 11:37:04,0.02,24.12,3.22,46,46,0,75.79,2.03,0,Normal
2026-03-01 11:37:05,0.1,44.39,1.86,60,60,0,99.4,1.86,0,Normal
2026-03-01 11:37:06,0.27,59.61,5.03,59,59,0,98.49,6.33,0,Normal
2026-03-01 11:37:07,0.49,72.27,3.76,49,49,0,82.33,3.3,0,Normal
2026-03-01 11:37:08,1.39,23.75,2.41,60,59,1,98.65,2.36,0,Normal
2026-03-01 11:37:09,0.63,30.67,2.56,53,53,0,87.98,2.71,0,Normal
2026-03-01 11:37:10,0.33,17.6,2.7,47,47,0,81.86,3.59,0,Normal
2026-03-01 11:37:11,0.38,24.9,2.05,55,55,0,92.1,2.75,0,Normal
2026-03-01 11:37:12,0.26,27.78,6.07,57,57,0,97.26,6.71,0,Normal
2026-03-01 11:37:13,0.2,46.66,5.6,49,49,0,80.47,3.41,0,Normal
2026-03-01 11:37:14,0.54,27.15,2.77,57,57,0,97.76,2.08,0,Normal
2026-03-01 11:37:15,0.07,46.13,2.88,60,60,0,99.98,2.19,0,Normal
2026-03-01 11:37:16,0.14,33.52,2.0,51,51,0,89.88,2.16,0,Normal
2026-03-01 11:37:17,1.35,18.09,3.09,42,41,1,66.91,3.6,0,Normal
2026-03-01 11:37:18,0.3,26.33,4.14,42,42,0,68.96,2.78,0,Normal
2026-03-01 11:37:19,0.24,51.1,5.65,51,51,0,85.4,4.7,0,Normal
2026-03-01 11:37:20,0.67,34.07,2.22,45,45,0,75.07,2.23,0,Normal
2026-03-01 11:37:21,0.5,25.25,1.56,46,46,0,75.52,1.89,0,Normal
2026-03-01 11:37:22,0.14,30.63,2.11,49,49,0,84.53,1.85,0,Normal
2026-03-01 11:37:23,0.34,48.61,4.26,52,52,0,89.41,4.25,0,Normal
2026-03-01 11:37:24,0.07,59.67,3.26,42,42,0,70.05,3.25,0,Normal
2026-03-01 11:37:25,0.02,27.61,5.19,51,51,0,87.19,6.96,0,Normal
2026-03-01 11:37:26,1.61,17.54,3.38,46,45,1,77.73,4.32,0,Normal
2026-03-01 11:37:27,0.47,62.3,6.87,50,50,0,83.99,8.84,0,Normal
2026-03-01 11:37:28,0.93,62.35,1.63,50,50,0,83.0,1.19,0,Normal
2026-03-01 11:37:29,0.62,35.12,1.08,60,60,0,102.72,1.43,0,Normal
2026-03-01 11:37:30,0.2,58.39,6.1,55,55,0,94.09,5.59,0,Normal
2026-03-01 11:37:31,0.69,23.38,2.32,45,45,0,73.72,2.4,0,Normal
2026-03-01 11:37:32,0.54,35.2,3.53,52,52,0,89.48,3.86,0,Normal
2026-03-01 11:37:33,0.1,22.77,3.53,50,50,0,82.47,3.33,0,Normal
2026-03-01 11:37:34,0.34,33.37,3.85,56,56,0,94.65,3.36,0,Normal
2026-03-01 11:37:35,0.13,66.39,2.68,50,50,0,82.78,2.14,0,Normal
2026-03-01 11:37:36,0.09,25.81,2.16,59,59,0,99.37,2.19,0,Normal
2026-03-01 11:37:37,0.03,19.98,2.09,53,53,0,89.21,2.65,0,Normal
2026-03-01 11:37:38,0.27,50.08,4.36,47,47,0,82.31,5.28,0,Normal
2026-03-01 11:37:39,0.17,46.68,4.7,44,44,0,71.49,4.74,0,Normal
2026-03-01 11:37:40,0.03,23.37,2.97,42,42,0,69.4,2.59,0,Normal
2026-03-01 11:37:41,0.44,29.47,2.54,53,53,0,88.34,1.55,0,Normal
2026-03-01 11:37:42,0.45,59.36,4.29,54,54,0,91.21,3.29,0,Normal
2026-03-01 11:37:43,0.09,59.72,1.7,47,47,0,78.49,1.28,0,Normal
2026-03-01 11:37:44,1.09,60.06,7.98,55,54,1,87.42,8.55,0,Normal
2026-03-01 11:37:45,0.53,34.19,4.07,46,46,0,78.39,5.44,0,Normal
2026-03-01 11:37:46,0.57,37.22,3.09,49,49,0,84.32,2.64,0,Normal
2026-03-01 11:37:47,0.0,42.76,4.82,43,43,0,72.89,5.95,0,Normal
2026-03-01 11:37:48,1.34,63.51,4.41,55,54,1,90.04,3.81,0,Normal
2026-03-01 11:37:49,1.62,20.18,3.69,60,59,1,99.43,5.06,0,Normal
2026-03-01 11:37:50,0.25,23.85,1.42,53,53,0,87.21,1.07,0,Normal
2026-03-01 11:37:51,1.47,48.67,3.99,42,41,1,70.47,3.7,0,Normal
2026-03-01 11:37:52,0.33,17.91,6.39,50,50,0,84.75,4.6,0,Normal
2026-03-01 11:37:53,0.05,39.09,2.59,55,55,0,91.6,2.02,0,Normal
2026-03-01 11:37:54,0.59,31.17,5.11,43,43,0,72.36,3.5,0,Normal
2026-03-01 11:37:55,0.29,24.86,4.86,42,42,0,72.11,3.35,0,Normal
2026-03-01 11:37:56,0.15,27.8,3.79,55,55,0,94.15,4.18,0,Normal
2026-03-01 11:37:57,0.09,17.28,3.58,58,58,0,97.33,4.4,0,Normal
2026-03-01 11:37:58,0.26,34.94,4.27,42,42,0,73.78,2.84,0,Normal
2026-03-01 11:37:59,0.41,51.9,4.0,45,45,0,77.65,3.11,0,Normal
2026-03-01 11:38:00,0.73,63.22,7.77,48,48,0,81.43,6.66,0,Normal
2026-03-01 11:38:01,0.32,52.49,5.13,47,47,0,78.37,6.92,0,Normal
2026-03-01 11:38:02,0.19,63.98,4.56,54,54,0,90.17,4.92,0,Normal
2026-03-01 11:38:03,0.35,35.46,5.34,59,59,0,99.42,3.66,0,Normal
2026-03-01 11:38:04,0.24,18.2,4.57,57,57,0,95.59,4.09,0,Normal
2026-03-01 11:38:05,0.37,27.11,1.3,48,48,0,83.19,1.53,0,Normal
2026-03-01 11:38:06,0.33,31.77,3.15,49,49,0,80.91,4.36,0,Normal
2026-03-01 11:38:07,1.35,30.79,2.51,42,41,1,69.64,2.99,0,Normal
2026-03-01 11:38:08,0.34,28.42,3.85,48,48,0,77.64,2.87,0,Normal
2026-03-01 11:38:09,0.41,54.77,2.58,42,42,0,71.13,3.24,0,Normal
2026-03-01 11:38:10,0.78,24.34,4.33,56,56,0,95.39,2.61,0,Normal
2026-03-01 11:38:11,0.85,39.6,2.75,51,51,0,87.84,2.71,0,Normal
2026-03-01 11:38:12,0.05,18.34,7.13,43,43,0,71.35,6.24,0,Normal
2026-03-01 11:38:13,0.21,34.97,6.98,44,44,0,72.85,9.47,0,Normal
2026-03-01 11:38:14,1.0,55.56,1.73,42,42,0,72.09,1.1,0,Normal
2026-03-01 11:38:15,1.12,31.7,3.84,44,44,0,75.71,3.09,0,Normal
2026-03-01 11:38:16,0.07,32.77,2.7,42,42,0,70.22,2.18,0,Normal
2026-03-01 11:38:17,0.21,72.95,3.72,52,52,0,84.42,3.49,0,Normal
2026-03-01 11:38:18,0.11,23.13,4.32,51,51,0,84.09,5.79,0,Normal
2026-03-01 11:38:19,0.55,26.28,1.87,54,54,0,90.58,2.1,0,Normal
2026-03-01 11:38:20,0.67,19.29,2.14,47,47,0,76.83,1.49,0,Normal
2026-03-01 11:38:21,0.22,52.07,2.27,46,46,0,78.37,2.85,0,Normal
2026-03-01 11:38:22,0.39,29.94,2.59,49,49,0,81.16,2.86,0,Normal
2026-03-01 11:38:23,0.71,63.92,2.62,49,49,0,82.21,1.61,0,Normal
2026-03-01 11:38:24,0.43,61.57,4.75,55,55,0,94.04,6.34,0,Normal
2026-03-01 11:38:25,0.06,17.47,3.67,51,51,0,86.23,2.34,0,Normal
2026-03-01 11:38:26,0.44,24.63,2.24,54,54,0,93.64,2.44,0,Normal
2026-03-01 11:38:27,0.06,44.81,2.88,53,53,0,91.14,3.11,0,Normal
2026-03-01 11:38:28,0.37,20.14,1.14,49,49,0,80.76,1.24,0,Normal
2026-03-01 11:38:29,0.14,66.7,8.24,60,60,0,101.69,10.53,0,Normal
2026-03-01 11:38:30,0.02,28.01,3.35,48,48,0,80.87,2.34,0,Normal
2026-03-01 11:38:31,0.09,36.48,5.19,58,58,0,99.22,5.33,0,Normal
2026-03-01 11:38:32,0.22,22.28,4.74,60,60,0,101.59,5.02,0,Normal
2026-03-01 11:38:33,1.79,21.23,3.27,51,50,1,83.25,3.0,0,Normal
2026-03-01 11:38:34,0.1,24.4,1.14,49,49,0,83.03,1.16,0,Normal
2026-03-01 11:38:35,1.35,62.85,2.58,60,59,1,98.57,2.58,0,Normal
2026-03-01 11:38:36,0.16,35.34,3.89,50,50,0,83.03,4.7,0,Normal
2026-03-01 11:38:37,1.13,62.57,3.41,56,55,1,92.23,2.45,0,Normal
2026-03-01 11:38:38,1.09,19.32,5.3,46,45,1,75.97,3.31,0,Normal
2026-03-01 11:38:39,0.05,20.6,3.32,45,45,0,77.55,4.46,0,Normal
2026-03-01 11:38:40,0.62,64.17,7.61,45,45,0,74.86,6.47,0,Normal
2026-03-01 11:38:41,0.25,60.2,2.06,56,56,0,91.2,2.54,0,Normal
2026-03-01 11:38:42,0.41,51.11,4.19,48,48,0,80.34,3.59,0,Normal
2026-03-01 11:38:43,0.52,68.42,2.09,49,49,0,82.7,1.26,0,Normal
2026-03-01 11:38:44,0.05,28.84,5.01,57,57,0,96.03,3.87,0,Normal
2026-03-01 11:38:45,0.56,63.22,2.37,50,50,0,83.62,1.62,0,Normal
2026-03-01 11:38:46,0.13,22.61,1.51,60,60,0,102.22,1.89,0,Normal
2026-03-01 11:38:47,0.46,22.1,1.7,50,50,0,84.47,1.25,0,Normal
2026-03-01 11:38:48,0.3,25.99,2.68,46,46,0,78.18,3.75,0,Normal
2026-03-01 11:38:49,0.4,71.4,6.7,49,49,0,79.56,7.3,0,Normal
2026-03-01 11:38:50,0.34,42.87,4.63,42,42,0,70.3,3.98,0,Normal
2026-03-01 11:38:51,0.58,25.24,4.06,49,49,0,82.11,4.08,0,Normal
2026-03-01 11:38:52,0.79,33.93,3.22,49,49,0,84.85,4.42,0,Normal
2026-03-01 11:38:53,0.21,24.04,2.0,50,50,0,83.84,2.22,0,Normal
2026-03-01 11:38:54,0.17,55.37,2.18,42,42,0,69.57,2.62,0,Normal
2026-03-01 11:38:55,0.1,30.03,2.59,52,52,0,86.28,2.58,0,Normal
2026-03-01 11:38:56,0.59,33.02,2.49,52,52,0,88.83,2.55,0,Normal
2026-03-01 11:38:57,1.19,24.45,2.47,44,43,1,71.37,3.43,0,Normal
2026-03-01 11:38:58,0.08,33.86,2.16,56,56,0,92.8,2.34,0,Normal
2026-03-01 11:38:59,0.21,30.01,3.33,47,47,0,80.34,3.44,0,Normal
2026-03-01 11:39:00,0.51,25.73,2.37,42,42,0,71.15,3.08,0,Normal
2026-03-01 11:39:01,0.35,21.52,5.52,42,42,0,70.21,5.3,0,Normal
2026-03-01 11:39:02,0.59,26.57,5.5,53,53,0,87.05,5.38,0,Normal
2026-03-01 11:39:03,0.01,43.34,4.35,53,53,0,89.87,5.08,0,Normal
2026-03-01 11:39:04,0.85,37.35,4.13,60,59,1,100.36,3.01,0,Normal
2026-03-01 11:39:05,0.02,26.61,1.65,58,58,0,96.01,1.16,0,Normal
2026-03-01 11:39:06,0.21,16.47,9.31,48,48,0,81.19,10.19,0,Normal
2026-03-01 11:39:07,0.11,61.13,2.92,55,55,0,92.25,2.18,0,Normal
2026-03-01 11:39:08,0.92,35.76,4.75,45,45,0,74.27,4.5,0,Normal
2026-03-01 11:39:09,0.11,18.0,4.83,47,47,0,78.29,6.01,0,Normal
2026-03-01 11:39:10,0.16,38.83,2.08,53,53,0,88.97,1.76,0,Normal
2026-03-01 11:39:11,0.77,59.1,2.5,42,42,0,68.58,2.99,0,Normal
2026-03-01 11:39:12,0.27,24.21,3.97,49,49,0,83.18,3.42,0,Normal
2026-03-01 11:39:13,0.8,21.3,1.66,46,46,0,76.21,1.05,0,Normal
2026-03-01 11:39:14,0.38,34.32,3.19,42,42,0,69.55,2.15,0,Normal
2026-03-01 11:39:15,0.03,19.78,1.13,56,56,0,94.84,1.07,0,Normal
2026-03-01 11:39:16,0.2,23.99,3.34,58,58,0,96.76,2.85,0,Normal
2026-03-01 11:39:17,0.07,20.11,6.16,49,49,0,82.0,6.01,0,Normal
2026-03-01 11:39:18,0.02,47.71,3.32,54,54,0,90.56,3.38,0,Normal
2026-03-01 11:39:19,0.16,36.79,1.72,55,55,0,91.24,2.33,0,Normal
2026-03-01 11:39:20,0.84,30.25,2.59,42,42,0,69.78,2.53,0,Normal
2026-03-01 11:39:21,0.04,34.11,4.38,54,54,0,90.69,5.63,0,Normal
2026-03-01 11:39:22,0.0,25.89,3.58,50,50,0,83.98,4.58,0,Normal
2026-03-01 11:39:23,0.96,69.8,4.07,52,52,0,88.15,5.33,0,Normal
2026-03-01 11:39:24,0.26,20.64,3.07,55,55,0,93.26,3.17,0,Normal
2026-03-01 11:39:25,0.29,27.42,2.35,56,56,0,95.91,1.95,0,Normal
2026-03-01 11:39:26,0.92,23.52,3.51,53,53,0,86.78,4.32,0,Normal
2026-03-01 11:39:27,0.42,27.04,3.42,56,56,0,95.45,2.94,0,Normal
2026-03-01 11:39:28,0.61,64.22,5.27,54,54,0,90.21,6.94,0,Normal
2026-03-01 11:39:29,0.52,26.11,2.69,42,42,0,71.55,1.84,0,Normal
2026-03-01 11:39:30,0.33,40.65,3.39,44,44,0,74.43,3.88,0,Normal
2026-03-01 11:39:31,0.41,38.61,3.11,47,47,0,78.09,3.06,0,Normal
2026-03-01 11:39:32,0.29,52.98,9.24,56,56,0,96.36,10.03,0,Normal
2026-03-01 11:39:33,0.15,38.77,2.37,48,48,0,81.78,1.63,0,Normal
2026-03-01 11:39:34,0.12,36.52,2.79,56,56,0,94.71,3.85,0,Normal
2026-03-01 11:39:35,0.07,27.87,2.16,54,54,0,94.01,2.53,0,Normal
2026-03-01 11:39:36,0.15,52.99,5.97,48,48,0,79.18,4.94,0,Normal
2026-03-01 11:39:37,0.3,29.41,6.17,42,42,0,70.6,8.1,0,Normal
2026-03-01 11:39:38,0.31,26.74,3.01,46,46,0,78.12,2.9,0,Normal
2026-03-01 11:39:39,0.4,21.76,5.66,42,42,0,68.96,4.24,0,Normal
2026-03-01 11:39:40,0.74,29.78,3.85,53,53,0,88.04,3.63,0,Normal
2026-03-01 11:39:41,0.37,18.6,4.55,53,53,0,90.54,3.9,0,Normal
2026-03-01 11:39:42,0.07,28.83,2.12,52,52,0,86.62,2.48,0,Normal
2026-03-01 11:39:43,0.01,22.03,3.57,42,42,0,71.87,2.2,0,Normal
2026-03-01 11:39:44,0.08,27.51,7.71,42,42,0,69.62,10.06,0,Normal
2026-03-01 11:39:45,0.84,29.15,6.45,46,46,0,80.31,6.11,0,Normal
2026-03-01 11:39:46,0.29,25.88,4.77,46,46,0,73.77,3.29,0,Normal
2026-03-01 11:39:47,0.66,18.16,5.09,47,47,0,80.47,6.19,0,Normal
2026-03-01 11:39:48,0.09,44.67,9.92,53,53,0,89.42,13.8,0,Normal
2026-03-01 11:39:49,0.43,30.75,4.73,46,46,0,74.98,6.25,0,Normal
2026-03-01 11:39:50,0.46,24.66,2.47,48,48,0,80.31,1.8,0,Normal
2026-03-01 11:39:51,0.58,62.03,5.73,53,53,0,86.15,4.43,0,Normal
2026-03-01 11:39:52,0.27,28.06,3.21,45,45,0,76.13,4.46,0,Normal
2026-03-01 11:39:53,0.55,26.81,4.14,43,43,0,71.34,3.15,0,Normal
2026-03-01 11:39:54,0.96,30.09,3.5,42,42,0,67.64,2.95,0,Normal
2026-03-01 11:39:55,1.1,23.95,2.41,52,51,1,85.93,2.65,0,Normal
2026-03-01 11:39:56,0.05,30.4,3.81,42,42,0,70.78,3.18,0,Normal
2026-03-01 11:39:57,0.34,25.48,5.13,57,57,0,98.92,4.64,0,Normal
2026-03-01 11:39:58,0.04,43.22,4.63,43,43,0,73.48,5.52,0,Normal
2026-03-01 11:39:59,0.9,67.89,4.12,51,51,0,82.1,4.43,0,Normal
2026-03-01 11:40:00,1.09,25.86,3.03,42,42,0,69.77,3.79,0,Normal
2026-03-01 11:40:01,0.24,54.69,1.57,57,57,0,97.42,1.92,0,Normal
2026-03-01 11:40:02,1.13,61.06,3.25,54,53,1,86.6,4.03,0,Normal
2026-03-01 11:40:03,0.51,32.35,4.26,55,55,0,91.24,3.16,0,Normal
2026-03-01 11:40:04,0.42,55.51,1.26,60,60,0,100.8,1.01,0,Normal
2026-03-01 11:40:05,0.3,13.72,3.22,42,42,0,69.77,2.4,0,Normal
2026-03-01 11:40:06,0.18,32.17,3.18,44,44,0,76.31,2.22,0,Normal
2026-03-01 11:40:07,1.16,56.79,2.2,48,47,1,79.23,2.82,0,Normal
2026-03-01 11:40:08,0.08,27.37,4.67,42,42,0,70.61,2.82,0,Normal
2026-03-01 11:40:09,0.57,32.06,5.08,47,47,0,77.58,5.6,0,Normal
2026-03-01 11:40:10,0.16,25.81,7.51,56,56,0,92.43,9.75,0,Normal
2026-03-01 11:40:11,0.49,25.76,3.28,50,50,0,84.16,2.41,0,Normal
2026-03-01 11:40:12,0.06,42.79,5.94,45,45,0,75.48,7.99,0,Normal
2026-03-01 11:40:13,0.16,15.08,2.3,55,55,0,90.57,3.14,0,Normal
2026-03-01 11:40:14,1.02,20.28,2.81,46,46,0,77.63,2.99,0,Normal
2026-03-01 11:40:15,0.29,21.45,4.51,48,48,0,80.73,5.11,0,Normal
2026-03-01 11:40:16,0.24,38.73,2.47,45,45,0,75.14,1.85,0,Normal
2026-03-01 11:40:17,0.49,24.13,3.09,42,42,0,72.35,4.28,0,Normal
2026-03-01 11:40:18,0.19,29.44,4.84,56,56,0,94.06,5.77,0,Normal
2026-03-01 11:40:19,0.24,25.16,3.31,43,43,0,71.88,3.35,0,Normal
2026-03-01 11:40:20,0.29,31.62,2.19,55,55,0,94.1,2.2,0,Normal
2026-03-01 11:40:21,1.61,67.76,2.55,45,44,1,73.69,2.79,0,Normal
2026-03-01 11:40:22,0.57,29.52,2.94,47,47,0,78.36,2.2,0,Normal
2026-03-01 11:40:23,0.01,35.72,4.32,55,55,0,90.64,4.66,0,Normal
2026-03-01 11:40:24,0.54,67.9,2.87,44,44,0,74.01,1.88,0,Normal
2026-03-01 11:40:25,0.24,23.59,1.1,42,42,0,71.96,1.2,0,Normal
2026-03-01 11:40:26,0.09,29.87,4.73,42,42,0,69.93,5.01,0,Normal
2026-03-01 11:40:27,0.67,42.51,4.44,56,56,0,92.09,3.93,0,Normal
2026-03-01 11:40:28,0.11,31.39,2.06,60,60,0,102.32,1.38,0,Normal
2026-03-01 11:40:29,0.14,28.91,1.99,54,54,0,92.3,2.07,0,Normal
2026-03-01 11:40:30,0.02,66.47,6.1,51,51,0,86.56,5.79,0,Normal
2026-03-01 11:40:31,1.33,32.35,2.98,49,48,1,80.78,2.53,0,Normal
2026-03-01 11:40:32,0.56,33.23,4.66,48,48,0,81.27,4.39,0,Normal
2026-03-01 11:40:33,0.06,46.84,2.43,55,55,0,90.07,1.58,0,Normal
2026-03-01 11:40:34,0.24,28.68,4.46,52,52,0,86.49,2.98,0,Normal
2026-03-01 11:40:35,0.14,45.0,2.19,42,42,0,71.57,1.57,0,Normal
2026-03-01 11:40:36,0.01,33.13,4.01,60,60,0,101.31,4.19,0,Normal
2026-03-01 11:40:37,0.92,35.44,3.9,44,44,0,75.27,3.22,0,Normal
2026-03-01 11:40:38,0.64,69.02,1.31,50,50,0,86.3,1.03,0,Normal
2026-03-01 11:40:39,1.52,27.21,3.51,46,45,1,73.75,3.88,0,Normal
2026-03-01 11:40:40,0.1,70.0,2.4,42,42,0,71.29,2.59,0,Normal
2026-03-01 11:40:41,0.42,27.2,5.43,51,51,0,85.29,4.73,0,Normal
2026-03-01 11:40:42,0.04,55.79,3.69,60,60,0,100.13,4.98,0,Normal
2026-03-01 11:40:43,0.2,30.78,2.97,54,54,0,94.43,2.73,0,Normal
2026-03-01 11:40:44,0.66,52.46,6.58,48,48,0,78.28,4.94,0,Normal
2026-03-01 11:40:45,0.0,29.32,1.41,50,50,0,83.73,1.85,0,Normal
2026-03-01 11:40:46,0.23,50.5,7.9,50,50,0,83.65,9.18,0,Normal
2026-03-01 11:40:47,0.2,33.8,7.72,56,56,0,94.15,9.26,0,Normal
2026-03-01 11:40:48,0.41,24.33,2.79,52,52,0,84.4,3.56,0,Normal
2026-03-01 11:40:49,0.1,16.0,4.95,60,60,0,99.33,6.13,0,Normal
2026-03-01 11:40:50,0.07,26.14,4.13,52,52,0,87.43,5.28,0,Normal
2026-03-01 11:40:51,0.37,30.38,1.09,47,47,0,76.87,0.85,0,Normal
2026-03-01 11:40:52,0.36,33.78,3.16,58,58,0,98.87,3.45,0,Normal
2026-03-01 11:40:53,0.49,23.84,1.88,55,55,0,93.27,2.14,0,Normal
2026-03-01 11:40:54,0.1,71.3,1.8,49,49,0,79.94,1.5,0,Normal
2026-03-01 11:40:55,0.01,34.81,2.92,44,44,0,73.57,4.07,0,Normal
2026-03-01 11:40:56,0.74,32.51,2.96,49,49,0,82.88,3.69,0,Normal
2026-03-01 11:40:57,0.08,23.26,5.74,49,49,0,80.26,7.64,0,Normal
2026-03-01 11:40:58,0.19,23.9,2.37,54,54,0,88.35,1.71,0,Normal
2026-03-01 11:40:59,0.22,56.52,2.78,55,55,0,90.96,1.75,0,Normal
2026-03-01 11:41:00,0.07,37.75,6.14,48,48,0,84.67,3.83,0,Normal
2026-03-01 11:41:01,0.26,28.08,3.06,55,55,0,94.04,3.95,0,Normal
2026-03-01 11:41:02,0.86,27.01,2.64,42,42,0,69.65,2.73,0,Normal
2026-03-01 11:41:03,0.11,19.78,4.88,60,60,0,98.8,4.13,0,Normal
2026-03-01 11:41:04,0.26,25.81,4.22,51,51,0,84.44,5.25,0,Normal
2026-03-01 11:41:05,0.13,23.71,3.47,54,54,0,93.0,3.87,0,Normal
2026-03-01 11:41:06,1.38,28.16,5.03,56,55,1,95.45,5.51,0,Normal
2026-03-01 11:41:07,0.09,18.92,1.89,42,42,0,69.34,2.34,0,Normal
2026-03-01 11:41:08,0.04,26.03,2.56,42,42,0,71.03,2.49,0,Normal
2026-03-01 11:41:09,0.05,21.95,8.16,53,53,0,88.65,5.95,0,Normal
2026-03-01 11:41:10,0.16,33.64,0.85,58,58,0,99.35,1.13,0,Normal
2026-03-01 11:41:11,0.28,61.84,2.45,42,42,0,68.92,3.17,0,Normal
2026-03-01 11:41:12,0.39,46.95,1.95,43,43,0,73.71,1.56,0,Normal
2026-03-01 11:41:13,0.29,49.3,3.43,48,48,0,78.63,2.96,0,Normal
2026-03-01 11:41:14,0.83,50.58,4.36,45,45,0,77.02,5.48,0,Normal
2026-03-01 11:41:15,0.16,42.16,5.46,50,50,0,82.72,7.53,0,Normal
2026-03-01 11:41:16,0.44,33.58,2.76,59,59,0,98.65,3.37,0,Normal
2026-03-01 11:41:17,0.11,28.1,2.19,44,44,0,72.95,1.41,0,Normal
2026-03-01 11:41:18,0.4,30.21,1.73,56,56,0,97.02,1.6,0,Normal
2026-03-01 11:41:19,0.91,60.17,3.39,51,51,0,87.17,4.14,0,Normal
2026-03-01 11:41:20,1.34,35.39,8.65,54,53,1,88.42,8.41,0,Normal
2026-03-01 11:41:21,0.46,31.07,2.55,50,50,0,82.76,2.91,0,Normal
2026-03-01 11:41:22,1.0,27.56,3.21,47,47,0,80.93,2.02,0,Normal
2026-03-01 11:41:23,0.4,31.4,3.53,60,60,0,95.7,2.72,0,Normal
2026-03-01 11:41:24,1.16,32.13,2.74,57,56,1,94.8,3.31,0,Normal
2026-03-01 11:41:25,0.8,25.5,6.3,53,53,0,87.6,4.75,0,Normal
2026-03-01 11:41:26,0.04,49.39,5.72,42,42,0,73.94,7.88,0,Normal
2026-03-01 11:41:27,0.22,34.29,4.8,56,56,0,98.18,4.29,0,Normal
2026-03-01 11:41:28,0.15,30.73,5.12,55,55,0,92.45,3.86,0,Normal
2026-03-01 11:41:29,0.01,26.48,2.44,58,58,0,96.89,1.84,0,Normal
2026-03-01 11:41:30,0.22,29.78,1.98,54,54,0,90.82,1.47,0,Normal
2026-03-01 11:41:31,0.06,36.29,2.45,55,55,0,91.47,2.15,0,Normal
2026-03-01 11:41:32,0.01,32.7,3.77,52,52,0,86.17,4.01,0,Normal
2026-03-01 11:41:33,0.21,21.02,2.87,42,42,0,70.91,3.75,0,Normal
2026-03-01 11:41:34,0.09,31.52,4.29,42,42,0,71.5,5.78,0,Normal
2026-03-01 11:41:35,0.96,30.72,3.49,58,57,1,95.96,3.76,0,Normal
2026-03-01 11:41:36,0.59,34.98,1.82,42,42,0,71.0,2.01,0,Normal
2026-03-01 11:41:37,1.09,49.16,5.8,55,54,1,89.77,5.9,0,Normal
2026-03-01 11:41:38,0.75,25.78,2.64,45,45,0,74.2,2.29,0,Normal
2026-03-01 11:41:39,0.46,19.79,4.73,48,48,0,79.22,4.86,0,Normal
2026-03-01 11:41:40,0.32,60.59,2.27,47,47,0,80.12,1.66,0,Normal
2026-03-01 11:41:41,0.02,35.25,2.23,52,52,0,87.48,1.92,0,Normal
2026-03-01 11:41:42,0.11,29.19,2.19,53,53,0,89.34,1.66,0,Normal
2026-03-01 11:41:43,0.43,27.4,1.74,60,60,0,101.31,2.22,0,Normal
2026-03-01 11:41:44,0.18,61.11,1.76,55,55,0,92.31,1.29,0,Normal
2026-03-01 11:41:45,0.14,59.71,3.94,44,44,0,74.08,4.72,0,Normal
2026-03-01 11:41:46,0.04,23.59,2.19,50,50,0,85.94,1.43,0,Normal
2026-03-01 11:41:47,0.03,35.21,3.88,42,42,0,71.73,4.38,0,Normal
2026-03-01 11:41:48,0.08,18.05,3.48,52,52,0,87.1,4.21,0,Normal
2026-03-01 11:41:49,0.63,58.01,4.93,50,50,0,83.29,3.36,0,Normal
2026-03-01 11:41:50,0.38,30.05,2.1,53,53,0,90.58,2.56,0,Normal
2026-03-01 11:41:51,0.15,60.61,5.35,48,48,0,81.14,5.72,0,Normal
2026-03-01 11:41:52,0.02,30.29,2.21,42,42,0,70.1,2.54,0,Normal
2026-03-01 11:41:53,0.07,26.53,0.97,49,49,0,80.38,1.14,0,Normal
2026-03-01 11:41:54,0.21,27.01,3.62,42,42,0,73.1,2.64,0,Normal
2026-03-01 11:41:55,0.06,52.09,2.24,52,52,0,85.67,2.77,0,Normal
2026-03-01 11:41:56,0.5,28.5,6.52,50,50,0,84.43,7.99,0,Normal
2026-03-01 11:41:57,0.54,31.58,3.8,57,57,0,98.5,4.25,0,Normal
2026-03-01 11:41:58,0.05,15.87,3.2,49,49,0,81.81,3.21,0,Normal
2026-03-01 11:41:59,0.45,23.04,3.64,49,49,0,82.25,4.65,0,Normal
2026-03-01 11:42:00,0.25,50.49,2.65,53,53,0,90.32,3.46,0,Normal
2026-03-01 11:42:01,1.15,18.31,7.08,53,52,1,85.57,6.15,0,Normal
2026-03-01 11:42:02,0.54,31.3,2.59,42,42,0,68.06,2.66,0,Normal
2026-03-01 11:42:03,0.31,23.65,4.09,60,60,0,100.26,3.93,0,Normal
2026-03-01 11:42:04,0.32,21.8,2.3,60,60,0,100.92,2.16,0,Normal
2026-03-01 11:42:05,0.07,46.36,3.32,60,60,0,100.9,4.19,0,Normal
2026-03-01 11:42:06,0.78,37.17,1.9,44,44,0,76.05,2.15,0,Normal
2026-03-01 11:42:07,0.29,54.11,3.68,42,42,0,69.14,3.6,0,Normal
2026-03-01 11:42:08,0.3,22.54,3.42,49,49,0,82.1,4.21,0,Normal
2026-03-01 11:42:09,0.3,32.65,4.25,55,55,0,94.66,5.76,0,Normal
2026-03-01 11:42:10,0.11,32.98,4.1,44,44,0,73.5,3.8,0,Normal
2026-03-01 11:42:11,0.59,70.73,3.36,51,51,0,88.66,2.38,0,Normal
2026-03-01 11:42:12,0.69,33.76,8.31,50,50,0,83.65,11.1,0,Normal
2026-03-01 11:42:13,0.12,34.04,3.29,51,51,0,84.64,4.5,0,Normal
2026-03-01 11:42:14,0.2,55.8,3.38,42,42,0,70.5,3.13,0,Normal
2026-03-01 11:42:15,0.07,60.37,3.2,43,43,0,72.63,3.57,0,Normal
2026-03-01 11:42:16,0.1,20.93,3.64,52,52,0,86.74,2.45,0,Normal
2026-03-01 11:42:17,0.14,17.84,2.92,44,44,0,74.52,1.86,0,Normal
2026-03-01 11:42:18,0.81,24.07,2.81,60,60,0,100.58,1.9,0,Normal
2026-03-01 11:42:19,0.34,25.79,4.66,60,60,0,102.7,5.68,0,Normal
2026-03-01 11:42:20,0.31,26.28,3.25,42,42,0,71.32,3.14,0,Normal
2026-03-01 11:42:21,1.03,55.05,5.34,60,59,1,99.14,6.0,0,Normal
2026-03-01 11:42:22,0.55,38.4,1.42,59,59,0,98.65,1.48,0,Normal
2026-03-01 11:42:23,0.01,25.96,6.59,51,51,0,86.88,4.97,0,Normal
2026-03-01 11:42:24,0.05,73.01,4.97,60,60,0,100.85,6.22,0,Normal
2026-03-01 11:42:25,0.1,17.09,3.24,53,53,0,88.36,2.5,0,Normal
2026-03-01 11:42:26,0.13,41.37,3.21,44,44,0,72.84,2.39,0,Normal
2026-03-01 11:42:27,0.63,65.46,4.43,42,42,0,71.61,4.85,0,Normal
2026-03-01 11:42:28,0.51,54.86,2.09,54,54,0,90.01,2.71,0,Normal
2026-03-01 11:42:29,0.06,32.17,3.38,49,49,0,81.87,4.37,0,Normal
2026-03-01 11:42:30,0.27,29.48,3.56,42,42,0,71.39,3.38,0,Normal
2026-03-01 11:42:31,0.04,37.86,1.32,54,54,0,92.33,1.52,0,Normal
2026-03-01 11:42:32,0.07,32.32,3.88,51,51,0,86.57,4.89,0,Normal
2026-03-01 11:42:33,0.1,27.51,1.81,52,52,0,88.64,1.4,0,Normal
2026-03-01 11:42:34,0.82,34.26,5.41,42,42,0,71.62,4.95,0,Normal
2026-03-01 11:42:35,0.16,64.51,6.06,42,42,0,70.57,6.71,0,Normal
2026-03-01 11:42:36,0.87,53.57,6.55,57,57,0,96.35,8.33,0,Normal
2026-03-01 11:42:37,0.49,58.31,2.87,53,53,0,91.78,2.49,0,Normal
2026-03-01 11:42:38,0.48,26.67,2.85,48,48,0,80.35,3.13,0,Normal
2026-03-01 11:42:39,0.57,27.38,1.36,55,55,0,90.76,0.88,0,Normal
2026-03-01 11:42:40,0.04,57.16,4.51,48,48,0,76.85,6.07,0,Normal
2026-03-01 11:42:41,0.59,44.59,1.68,51,51,0,88.58,2.22,0,Normal
2026-03-01 11:42:42,0.1,52.25,1.73,42,42,0,73.53,2.31,0,Normal
2026-03-01 11:42:43,1.45,73.54,2.9,60,59,1,97.63,3.98,0,Normal
2026-03-01 11:42:44,0.66,62.54,2.02,56,56,0,96.01,2.58,0,Normal
2026-03-01 11:42:45,1.95,21.63,2.15,47,46,1,78.83,1.66,0,Normal
2026-03-01 11:42:46,0.97,32.05,3.39,46,46,0,78.24,3.61,0,Normal
2026-03-01 11:42:47,0.16,27.56,4.94,47,47,0,79.71,3.67,0,Normal
2026-03-01 11:42:48,0.99,33.95,4.23,49,49,0,81.2,2.61,0,Normal
2026-03-01 11:42:49,0.14,30.15,3.62,42,42,0,70.75,2.58,0,Normal
2026-03-01 11:42:50,0.38,58.81,5.56,55,55,0,92.92,7.08,0,Normal
2026-03-01 11:42:51,0.6,28.38,3.52,57,57,0,95.86,4.2,0,Normal
2026-03-01 11:42:52,0.17,52.28,2.62,44,44,0,73.84,3.16,0,Normal
2026-03-01 11:42:53,0.08,29.4,2.35,43,43,0,74.19,2.17,0,Normal
2026-03-01 11:42:54,0.79,25.19,4.26,42,42,0,72.08,2.65,0,Normal
2026-03-01 11:42:55,0.04,53.34,2.02,42,42,0,71.87,1.73,0,Normal
2026-03-01 11:42:56,0.16,24.64,3.88,52,52,0,88.76,3.75,0,Normal
2026-03-01 11:42:57,0.27,20.05,2.74,58,58,0,97.78,2.43,0,Normal
2026-03-01 11:42:58,0.57,19.22,2.28,60,60,0,102.55,2.28,0,Normal
2026-03-01 11:42:59,0.71,49.7,2.26,60,60,0,99.0,2.46,0,Normal
2026-03-01 11:43:00,0.25,31.69,5.13,50,50,0,84.1,3.56,0,Normal
2026-03-01 11:43:01,0.3,51.77,2.26,56,56,0,95.14,2.99,0,Normal
2026-03-01 11:43:02,0.67,60.48,2.93,55,55,0,93.22,3.07,0,Normal
2026-03-01 11:43:03,0.22,64.91,2.69,56,56,0,94.64,3.45,0,Normal
2026-03-01 11:43:04,0.29,25.55,5.35,48,48,0,82.03,5.24,0,Normal
2026-03-01 11:43:05,0.01,40.57,6.63,50,50,0,86.16,7.86,0,Normal
2026-03-01 11:43:06,1.06,27.43,5.0,49,48,1,79.04,6.58,0,Normal
2026-03-01 11:43:07,0.29,31.88,2.8,51,51,0,86.13,3.03,0,Normal
2026-03-01 11:43:08,0.46,61.03,3.87,50,50,0,82.92,3.59,0,Normal
2026-03-01 11:43:09,0.1,19.57,2.2,53,53,0,90.65,2.34,0,Normal
2026-03-01 11:43:10,0.37,36.69,3.65,46,46,0,78.37,2.68,0,Normal
2026-03-01 11:43:11,0.22,26.51,1.51,42,42,0,69.1,1.75,0,Normal
2026-03-01 11:43:12,0.04,20.14,3.69,60,60,0,100.79,2.33,0,Normal
2026-03-01 11:43:13,0.62,24.93,3.24,51,51,0,83.43,3.12,0,Normal
2026-03-01 11:43:14,0.64,26.76,4.05,50,50,0,85.42,4.2,0,Normal
2026-03-01 11:43:15,0.02,43.78,3.3,48,48,0,79.84,3.04,0,Normal
2026-03-01 11:43:16,0.17,23.92,4.83,48,48,0,78.94,4.77,0,Normal
2026-03-01 11:43:17,0.12,51.76,2.35,42,42,0,70.04,1.74,0,Normal
2026-03-01 11:43:18,0.25,22.38,4.67,42,42,0,71.44,3.09,0,Normal
2026-03-01 11:43:19,0.23,31.67,4.11,60,60,0,101.23,3.92,0,Normal
2026-03-01 11:43:20,0.37,16.16,5.42,56,56,0,93.35,7.3,0,Normal
2026-03-01 11:43:21,0.1,27.26,5.59,48,48,0,80.48,4.16,0,Normal
2026-03-01 11:43:22,0.09,30.2,2.16,42,42,0,70.12,1.79,0,Normal
2026-03-01 11:43:23,0.45,21.28,4.19,42,42,0,69.16,5.46,0,Normal
2026-03-01 11:43:24,1.31,36.99,1.96,59,58,1,94.64,1.6,0,Normal
2026-03-01 11:43:25,1.02,62.02,5.59,50,49,1,82.31,5.08,0,Normal
2026-03-01 11:43:26,0.55,26.09,2.26,57,57,0,96.64,1.54,0,Normal
2026-03-01 11:43:27,0.02,30.54,2.8,55,55,0,92.38,1.78,0,Normal
2026-03-01 11:43:28,0.1,24.44,3.66,54,54,0,93.79,4.13,0,Normal
2026-03-01 11:43:29,0.41,35.51,4.63,44,44,0,73.03,3.33,0,Normal
2026-03-01 11:43:30,0.12,34.09,3.92,57,57,0,95.7,4.11,0,Normal
2026-03-01 11:43:31,0.18,61.07,4.69,42,42,0,71.29,4.42,0,Normal
2026-03-01 11:43:32,1.08,31.67,3.34,43,43,0,72.9,2.26,0,Normal
2026-03-01 11:43:33,0.03,53.82,3.71,55,55,0,92.02,3.49,0,Normal
2026-03-01 11:43:34,0.69,36.8,1.5,60,60,0,100.72,1.2,0,Normal
2026-03-01 11:43:35,0.02,27.4,5.27,49,49,0,82.2,6.78,0,Normal
2026-03-01 11:43:36,0.14,37.49,2.91,60,60,0,101.82,2.36,0,Normal
2026-03-01 11:43:37,0.28,32.5,2.74,47,47,0,77.92,3.17,0,Normal
2026-03-01 11:43:38,0.15,66.61,7.94,46,46,0,73.63,9.11,0,Normal
2026-03-01 11:43:39,1.1,21.71,0.98,49,48,1,80.13,0.74,0,Normal
2026-03-01 11:43:40,0.25,22.48,3.47,52,52,0,89.89,3.62,0,Normal
2026-03-01 11:43:41,0.46,41.49,1.21,45,45,0,76.8,1.54,0,Normal
2026-03-01 11:43:42,0.42,60.66,3.87,49,49,0,79.97,2.63,0,Normal
2026-03-01 11:43:43,0.63,21.41,2.42,55,55,0,93.41,2.64,0,Normal
2026-03-01 11:43:44,0.7,28.26,0.89,60,60,0,101.11,0.65,0,Normal
2026-03-01 11:43:45,0.22,60.93,5.42,55,55,0,91.84,4.3,0,Normal
2026-03-01 11:43:46,0.7,24.76,1.86,57,57,0,94.14,2.08,0,Normal
2026-03-01 11:43:47,0.37,31.7,5.09,55,55,0,91.18,5.65,0,Normal
2026-03-01 11:43:48,0.41,66.47,2.14,42,42,0,69.72,2.42,0,Normal
2026-03-01 11:43:49,0.07,27.89,2.69,51,51,0,88.43,2.79,0,Normal
2026-03-01 11:43:50,0.1,26.39,1.19,42,42,0,71.52,1.46,0,Normal
2026-03-01 11:43:51,0.41,46.6,4.02,50,50,0,82.94,4.5,0,Normal
2026-03-01 11:43:52,0.11,25.02,2.56,42,42,0,69.75,1.98,0,Normal
2026-03-01 11:43:53,0.24,17.81,2.82,52,52,0,87.3,1.92,0,Normal
2026-03-01 11:43:54,0.24,29.81,3.18,52,52,0,86.71,1.93,0,Normal
2026-03-01 11:43:55,0.09,60.73,1.58,49,49,0,82.34,0.96,0,Normal
2026-03-01 11:43:56,0.29,27.08,4.53,60,60,0,100.58,3.1,0,Normal
2026-03-01 11:43:57,0.29,14.41,2.58,42,42,0,70.71,2.44,0,Normal
2026-03-01 11:43:58,0.05,24.57,9.33,52,52,0,84.36,5.64,0,Normal
2026-03-01 11:43:59,0.17,33.43,2.68,46,46,0,78.48,2.42,0,Normal
2026-03-01 11:44:00,0.16,19.37,2.79,42,42,0,69.72,3.4,0,Normal
2026-03-01 11:44:01,0.29,32.18,1.8,59,59,0,100.48,1.27,0,Normal
2026-03-01 11:44:02,0.48,25.33,1.61,47,47,0,82.25,1.98,0,Normal
2026-03-01 11:44:03,0.01,27.89,4.93,60,60,0,98.62,3.71,0,Normal
2026-03-01 11:44:04,0.05,23.88,5.35,51,51,0,85.83,4.19,0,Normal
2026-03-01 11:44:05,0.13,21.19,2.57,58,58,0,96.81,2.05,0,Normal
2026-03-01 11:44:06,0.58,36.61,3.51,47,47,0,79.55,3.01,0,Normal
2026-03-01 11:44:07,0.23,32.9,5.81,43,43,0,69.08,5.81,0,Normal
2026-03-01 11:44:08,0.25,31.87,3.78,50,50,0,83.46,4.33,0,Normal
2026-03-01 11:44:09,0.18,33.45,4.13,48,48,0,79.41,5.04,0,Normal
2026-03-01 11:44:10,0.19,31.02,3.45,48,48,0,83.08,2.13,0,Normal
2026-03-01 11:44:11,1.33,33.66,2.48,47,46,1,80.07,1.77,0,Normal
2026-03-01 11:44:12,0.8,46.24,3.95,60,60,0,100.37,4.73,0,Normal
2026-03-01 11:44:13,0.45,36.27,7.68,54,54,0,89.0,9.36,0,Normal
2026-03-01 11:44:14,0.14,35.73,2.63,45,45,0,74.34,3.56,0,Normal
2026-03-01 11:44:15,0.25,71.12,4.91,45,45,0,75.66,4.09,0,Normal
2026-03-01 11:44:16,0.41,26.27,3.6,53,53,0,86.94,2.81,0,Normal
2026-03-01 11:44:17,0.18,72.58,2.55,56,56,0,94.86,2.7,0,Normal
2026-03-01 11:44:18,0.26,63.02,4.97,52,52,0,87.07,3.29,0,Normal
2026-03-01 11:44:19,0.06,38.11,4.71,50,50,0,84.53,5.56,0,Normal
2026-03-01 11:44:20,0.03,62.59,4.31,60,60,0,101.39,4.24,0,Normal
2026-03-01 11:44:21,0.06,34.11,7.29,51,51,0,87.75,8.52,0,Normal
2026-03-01 11:44:22,0.49,25.17,7.58,47,47,0,79.91,5.51,0,Normal
2026-03-01 11:44:23,0.07,25.68,3.4,50,50,0,84.44,3.31,0,Normal
2026-03-01 11:44:24,0.91,20.95,3.17,43,43,0,72.61,2.77,0,Normal
2026-03-01 11:44:25,0.16,23.49,1.75,51,51,0,82.71,1.71,0,Normal
2026-03-01 11:44:26,0.06,31.88,6.62,45,45,0,75.87,6.93,0,Normal
2026-03-01 11:44:27,0.61,60.98,3.21,42,42,0,71.48,3.69,0,Normal
2026-03-01 11:44:28,0.21,29.42,2.52,60,60,0,100.62,3.27,0,Normal
2026-03-01 11:44:29,0.17,25.0,2.18,55,55,0,94.9,1.72,0,Normal
2026-03-01 11:44:30,0.14,21.38,2.17,53,53,0,86.81,2.05,0,Normal
2026-03-01 11:44:31,0.14,28.37,7.33,49,49,0,81.21,5.06,0,Normal
2026-03-01 11:44:32,0.38,25.81,4.97,43,43,0,71.29,4.31,0,Normal
2026-03-01 11:44:33,0.27,62.49,1.7,49,49,0,82.33,1.54,0,Normal
2026-03-01 11:44:34,0.22,26.07,1.73,58,58,0,96.47,1.65,0,Normal
2026-03-01 11:44:35,0.21,26.23,3.51,47,47,0,77.1,4.7,0,Normal
2026-03-01 11:44:36,0.05,28.95,2.1,47,47,0,78.43,2.79,0,Normal
2026-03-01 11:44:37,0.62,30.11,2.96,49,49,0,83.84,1.94,0,Normal
2026-03-01 11:44:38,0.92,35.34,6.68,51,51,0,86.81,6.22,0,Normal
2026-03-01 11:44:39,0.57,25.98,5.37,49,49,0,81.28,4.6,0,Normal
2026-03-01 11:44:40,0.21,31.27,1.54,60,60,0,100.24,1.37,0,Normal
2026-03-01 11:44:41,1.25,38.82,2.11,44,43,1,71.07,2.53,0,Normal
2026-03-01 11:44:42,0.34,58.06,3.71,42,42,0,68.67,2.81,0,Normal
2026-03-01 11:44:43,0.52,48.57,5.52,56,56,0,94.72,6.65,0,Normal
2026-03-01 11:44:44,0.47,24.28,2.29,49,49,0,80.4,3.06,0,Normal
2026-03-01 11:44:45,0.43,54.04,3.92,60,60,0,101.79,4.53,0,Normal
2026-03-01 11:44:46,0.36,57.03,2.71,49,49,0,85.05,2.51,0,Normal
2026-03-01 11:44:47,0.08,27.68,7.3,50,50,0,84.56,4.75,0,Normal
2026-03-01 11:44:48,0.12,34.42,4.39,44,44,0,74.85,3.0,0,Normal
2026-03-01 11:44:49,0.76,23.62,3.04,57,57,0,96.65,3.57,0,Normal
2026-03-01 11:44:50,0.07,27.47,1.69,48,48,0,79.91,1.17,0,Normal
2026-03-01 11:44:51,0.06,34.45,2.06,52,52,0,87.91,1.92,0,Normal
2026-03-01 11:44:52,0.12,29.29,1.07,50,50,0,84.47,1.38,0,Normal
2026-03-01 11:44:53,0.16,27.94,3.75,50,50,0,83.06,3.86,0,Normal
2026-03-01 11:44:54,0.28,29.43,4.48,50,50,0,80.23,3.9,0,Normal
2026-03-01 11:44:55,0.33,21.23,4.58,45,45,0,74.03,3.6,0,Normal
2026-03-01 11:44:56,0.55,21.14,2.52,59,59,0,97.71,2.6,0,Normal
2026-03-01 11:44:57,0.03,18.47,5.91,52,52,0,88.11,5.15,0,Normal
2026-03-01 11:44:58,0.08,29.24,6.77,44,44,0,71.7,9.26,0,Normal
2026-03-01 11:44:59,0.25,33.51,2.46,42,42,0,73.37,1.5,0,Normal
2026-03-01 11:45:00,0.1,45.98,5.65,47,47,0,81.4,7.66,0,Normal
2026-03-01 11:45:01,0.72,34.86,3.54,54,54,0,92.3,2.72,0,Normal
2026-03-01 11:45:02,0.36,36.73,2.62,56,56,0,93.31,2.77,0,Normal
2026-03-01 11:45:03,0.24,28.87,5.78,60,60,0,97.68,4.69,0,Normal
2026-03-01 11:45:04,0.0,27.61,1.93,59,59,0,100.37,2.42,0,Normal
2026-03-01 11:45:05,0.68,36.86,1.7,60,60,0,99.68,1.97,0,Normal
2026-03-01 11:45:06,0.22,23.79,2.78,42,42,0,71.74,2.19,0,Normal
2026-03-01 11:45:07,0.27,20.93,3.0,50,50,0,84.9,3.15,0,Normal
2026-03-01 11:45:08,0.42,25.97,1.58,56,56,0,93.42,2.1,0,Normal
2026-03-01 11:45:09,0.97,25.27,4.14,46,46,0,75.45,3.23,0,Normal
2026-03-01 11:45:10,0.06,28.29,2.34,53,53,0,89.32,2.92,0,Normal
2026-03-01 11:45:11,0.03,54.27,1.84,45,45,0,73.25,2.27,0,Normal
2026-03-01 11:45:12,0.05,30.22,4.45,46,46,0,77.7,4.03,0,Normal
2026-03-01 11:45:13,0.47,24.59,2.74,48,48,0,81.35,1.73,0,Normal
2026-03-01 11:45:14,0.05,65.23,5.34,47,47,0,77.97,3.92,0,Normal
2026-03-01 11:45:15,0.24,53.02,4.08,60,60,0,98.55,4.0,0,Normal
2026-03-01 11:45:16,0.43,27.16,3.04,47,47,0,81.4,2.97,0,Normal
2026-03-01 11:45:17,0.44,25.99,5.44,56,56,0,93.28,3.73,0,Normal
2026-03-01 11:45:18,0.18,29.39,4.01,60,60,0,100.49,3.33,0,Normal
2026-03-01 11:45:19,0.42,33.56,3.29,48,48,0,82.28,2.97,0,Normal
2026-03-01 11:45:20,1.05,29.6,4.18,50,49,1,81.47,5.24,0,Normal
2026-03-01 11:45:21,0.01,37.17,4.24,46,46,0,76.14,5.59,0,Normal
2026-03-01 11:45:22,0.39,32.15,2.03,42,42,0,73.58,2.2,0,Normal
2026-03-01 11:45:23,0.26,40.77,9.59,60,60,0,99.7,7.86,0,Normal
2026-03-01 11:45:24,0.08,29.62,3.42,58,58,0,99.27,3.93,0,Normal
2026-03-01 11:45:25,0.13,46.82,3.45,60,60,0,101.03,4.68,0,Normal
2026-03-01 11:45:26,0.64,31.88,1.51,42,42,0,70.76,1.04,0,Normal
2026-03-01 11:45:27,0.31,18.14,3.52,46,46,0,76.52,2.9,0,Normal
2026-03-01 11:45:28,0.01,59.73,3.59,46,46,0,76.98,3.72,0,Normal
2026-03-01 11:45:29,1.18,30.26,1.98,44,43,1,74.92,1.73,0,Normal
2026-03-01 11:45:30,0.38,26.25,2.08,44,44,0,75.2,2.69,0,Normal
2026-03-01 11:45:31,0.2,26.27,2.22,59,59,0,97.08,1.79,0,Normal
2026-03-01 11:45:32,0.44,30.25,2.91,59,59,0,97.63,3.8,0,Normal
2026-03-01 11:45:33,0.08,30.39,3.65,43,43,0,72.81,4.63,0,Normal
2026-03-01 11:45:34,0.11,30.8,3.0,52,52,0,88.32,2.21,0,Normal
2026-03-01 11:45:35,0.06,54.6,3.8,54,54,0,91.87,2.57,0,Normal
2026-03-01 11:45:36,0.18,19.49,4.5,54,54,0,90.6,5.14,0,Normal
2026-03-01 11:45:37,0.82,32.83,4.24,49,49,0,81.05,3.9,0,Normal
2026-03-01 11:45:38,0.17,23.55,3.91,54,54,0,89.51,3.07,0,Normal
2026-03-01 11:45:39,0.12,72.8,3.78,58,58,0,93.99,5.03,0,Normal
2026-03-01 11:45:40,0.43,22.59,3.78,53,53,0,91.49,2.54,0,Normal
2026-03-01 11:45:41,0.71,34.91,3.11,42,42,0,66.62,3.93,0,Normal
2026-03-01 11:45:42,0.1,29.27,2.47,42,42,0,70.2,2.59,0,Normal
2026-03-01 11:45:43,0.58,30.06,3.18,48,48,0,77.98,2.22,0,Normal
2026-03-01 11:45:44,0.13,32.14,4.45,43,43,0,71.36,4.01,0,Normal
2026-03-01 11:45:45,0.1,27.75,4.44,46,46,0,78.14,4.57,0,Normal
2026-03-01 11:45:46,0.22,34.08,4.17,56,56,0,90.65,3.08,0,Normal
2026-03-01 11:45:47,0.02,20.82,2.68,46,46,0,77.81,1.88,0,Normal
2026-03-01 11:45:48,0.69,55.67,3.01,46,46,0,78.59,2.46,0,Normal
2026-03-01 11:45:49,0.73,21.16,3.02,46,46,0,76.65,3.16,0,Normal
2026-03-01 11:45:50,0.4,30.53,2.53,52,52,0,91.47,3.08,0,Normal
2026-03-01 11:45:51,0.13,31.04,4.96,46,46,0,73.91,6.8,0,Normal
2026-03-01 11:45:52,0.06,25.16,1.45,48,48,0,78.07,1.04,0,Normal
2026-03-01 11:45:53,0.42,26.61,8.25,50,50,0,83.55,5.0,0,Normal
2026-03-01 11:45:54,0.04,35.61,8.44,47,47,0,78.54,11.7,0,Normal
2026-03-01 11:45:55,0.19,23.83,3.4,54,54,0,90.89,2.41,0,Normal
2026-03-01 11:45:56,0.03,29.77,3.98,47,47,0,80.35,4.79,0,Normal
2026-03-01 11:45:57,0.19,23.89,4.87,60,60,0,98.92,5.93,0,Normal
2026-03-01 11:45:58,0.05,34.58,2.36,56,56,0,92.04,1.58,0,Normal
2026-03-01 11:45:59,0.01,31.77,4.29,49,49,0,81.28,5.35,0,Normal
2026-03-01 11:46:00,0.21,19.61,6.01,49,49,0,83.87,4.81,0,Normal
2026-03-01 11:46:01,0.29,64.42,1.48,45,45,0,76.81,1.82,0,Normal
2026-03-01 11:46:02,0.2,15.53,1.74,46,46,0,77.18,1.48,0,Normal
2026-03-01 11:46:03,0.07,33.4,4.65,57,57,0,95.0,5.59,0,Normal
2026-03-01 11:46:04,0.03,60.87,2.94,60,60,0,100.57,3.74,0,Normal
2026-03-01 11:46:05,0.05,53.5,2.79,46,46,0,77.82,1.68,0,Normal
2026-03-01 11:46:06,0.45,19.44,2.87,46,46,0,77.43,2.92,0,Normal
2026-03-01 11:46:07,0.01,29.0,2.0,58,58,0,95.33,1.75,0,Normal
2026-03-01 11:46:08,0.7,77.83,2.76,52,52,0,85.14,3.52,0,Normal
2026-03-01 11:46:09,0.64,68.8,1.83,42,42,0,70.17,1.81,0,Normal
2026-03-01 11:46:10,0.74,65.65,5.98,53,53,0,90.13,5.42,0,Normal
2026-03-01 11:46:11,0.74,29.94,3.53,57,57,0,94.17,2.53,0,Normal
2026-03-01 11:46:12,0.39,33.33,3.48,42,42,0,71.17,2.88,0,Normal
2026-03-01 11:46:13,0.66,45.08,4.48,42,42,0,67.88,6.25,0,Normal
2026-03-01 11:46:14,0.46,47.93,11.65,47,47,0,79.07,14.98,0,Normal
2026-03-01 11:46:15,0.12,48.93,2.07,57,57,0,94.59,1.75,0,Normal
2026-03-01 11:46:16,0.49,58.47,1.45,55,55,0,89.27,1.59,0,Normal
2026-03-01 11:46:17,0.33,31.55,3.27,47,47,0,78.14,4.58,0,Normal
2026-03-01 11:46:18,0.01,23.87,1.46,54,54,0,88.83,1.68,0,Normal
2026-03-01 11:46:19,0.54,32.68,2.85,52,52,0,86.95,2.48,0,Normal
2026-03-01 11:46:20,0.72,66.21,4.92,48,48,0,81.26,3.11,0,Normal
2026-03-01 11:46:21,0.26,35.42,6.6,42,42,0,71.25,8.18,0,Normal
2026-03-01 11:46:22,0.23,54.66,1.64,47,47,0,75.99,1.36,0,Normal
2026-03-01 11:46:23,0.2,29.71,2.17,52,52,0,88.22,1.55,0,Normal
2026-03-01 11:46:24,0.44,24.17,3.91,57,57,0,96.38,2.71,0,Normal
2026-03-01 11:46:25,0.08,47.99,4.66,54,54,0,90.08,3.2,0,Normal
2026-03-01 11:46:26,0.52,29.31,4.78,43,43,0,70.34,3.31,0,Normal
2026-03-01 11:46:27,0.12,25.58,6.45,52,52,0,86.75,6.53,0,Normal
2026-03-01 11:46:28,0.11,40.86,4.61,42,42,0,72.98,5.58,0,Normal
2026-03-01 11:46:29,0.58,34.73,3.15,46,46,0,78.17,4.13,0,Normal
2026-03-01 11:46:30,0.07,54.72,5.35,50,50,0,85.46,6.15,0,Normal
2026-03-01 11:46:31,0.69,20.59,3.43,51,51,0,84.2,2.32,0,Normal
2026-03-01 11:46:32,1.33,68.74,3.76,42,41,1,68.08,5.1,0,Normal
2026-03-01 11:46:33,0.13,25.4,2.66,45,45,0,73.65,1.61,0,Normal
2026-03-01 11:46:34,0.92,29.89,3.56,51,51,0,84.68,4.28,0,Normal
2026-03-01 11:46:35,0.29,14.4,1.59,44,44,0,75.96,2.21,0,Normal
2026-03-01 11:46:36,0.11,19.23,5.29,55,55,0,91.73,6.96,0,Normal
2026-03-01 11:46:37,0.21,27.3,2.11,48,48,0,79.61,2.47,0,Normal
2026-03-01 11:46:38,0.56,63.41,2.23,50,50,0,84.36,2.27,0,Normal
2026-03-01 11:46:39,0.38,71.94,1.17,45,45,0,74.74,1.63,0,Normal
